observationID,deploymentID,mediaID,eventID,eventStart,eventEnd,observationLevel,observationType,cameraSetupType,scientificName,count,classificationMethod,classificationTimestamp
1,PMR1-KB01PM,2482445,585f41ad7eafb890f682b7e990e8d997,2023-07-18T15:02:38+0200,2023-07-18T15:02:38+0200,media,blank,setup,,,human,2023-08-18T07:30:17+0000
2,PMR1-KB01PM,2482446,585f41ad7eafb890f682b7e990e8d997,2023-07-18T15:03:02+0200,2023-07-18T15:03:02+0200,media,human,setup,Homo sapiens,1,human,2023-08-18T07:30:38+0000
3,PMR1-KB01PM,2482447,585f41ad7eafb890f682b7e990e8d997,2023-07-18T15:03:12+0200,2023-07-18T15:03:12+0200,media,human,setup,Homo sapiens,1,human,2023-08-18T07:30:48+0000
4,PMR1-KB01PM,2482448,585f41ad7eafb890f682b7e990e8d997,2023-07-18T15:03:20+0200,2023-07-18T15:03:20+0200,media,human,setup,Homo sapiens,1,human,2023-08-18T07:30:56+0000
5,PMR1-KB01PM,2482449,585f41ad7eafb890f682b7e990e8d997,2023-07-18T15:03:36+0200,2023-07-18T15:03:36+0200,media,human,setup,Homo sapiens,1,human,2023-08-18T07:31:05+0000
6,PMR1-KB01PM,2482450,585f41ad7eafb890f682b7e990e8d997,2023-07-18T15:04:16+0200,2023-07-18T15:04:16+0200,media,human,setup,Homo sapiens,1,human,2023-08-18T07:31:17+0000
7,PMR1-KB01PM,2482425,57d57656c4628b5115f3e6a51c13b5f7,2023-07-19T12:00:00+0200,2023-07-19T12:00:00+0200,media,blank,,,,machine,2023-08-16T13:22:03+0000
8,PMR1-KB01PM,2482426,31c6ed9846ae9c22abd3d49623398b32,2023-07-20T12:00:00+0200,2023-07-20T12:00:00+0200,media,unclassified,,,,,
9,PMR1-KB01PM,2482451,f884fc186edb7cfaa7cba70d3cb58708,2023-07-20T21:28:00+0200,2023-07-20T21:28:00+0200,media,animal,,Tetrao urogallus,1,human,2023-08-18T09:27:37+0000
10,PMR1-KB01PM,2482452,f884fc186edb7cfaa7cba70d3cb58708,2023-07-20T21:28:18+0200,2023-07-20T21:28:18+0200,media,animal,,Tetrao urogallus,1,human,2023-08-18T09:27:57+0000
11,PMR1-KB01PM,2482453,3c991a0764be9d9316efea17c75b0103,2023-07-20T21:50:20+0200,2023-07-20T21:50:20+0200,media,blank,,,,human,2023-08-18T08:51:38+0000
12,PMR1-KB01PM,2482427,970c6040ad547bec384042fc29df25ec,2023-07-21T12:00:00+0200,2023-07-21T12:00:00+0200,media,unclassified,,,,,
13,PMR1-KB01PM,2482454,e7421dd8ec7900b94c81e426daa486c3,2023-07-22T04:44:40+0200,2023-07-22T04:44:40+0200,media,animal,,Vulpes vulpes,1,human,2023-08-18T09:51:21+0000
14,PMR1-KB01PM,2482428,8810e3a870c3e6e5d09462f121c2649f,2023-07-22T12:00:00+0200,2023-07-22T12:00:00+0200,media,unclassified,,,,,
15,PMR1-KB01PM,2482455,2220bd3385b55240e7b6257ee5f268e1,2023-07-22T13:52:58+0200,2023-07-22T13:52:58+0200,media,animal,,Capreolus capreolus,1,human,2023-08-23T13:22:56+0000
16,PMR1-KB01PM,2482455,2220bd3385b55240e7b6257ee5f268e1,2023-07-22T13:52:58+0200,2023-07-22T13:52:58+0200,media,animal,,Capreolus capreolus,1,human,2023-08-23T13:22:56+0000
17,PMR1-KB01PM,2482429,8c7ad1a39931f5db7faef38fa0defebd,2023-07-23T12:00:00+0200,2023-07-23T12:00:00+0200,media,unclassified,,,,,
18,PMR1-KB01PM,2482430,82d56f4ef28045cdadbf8cbb5b912569,2023-07-24T12:00:00+0200,2023-07-24T12:00:00+0200,media,unclassified,,,,,
19,PMR1-KB01PM,2482431,f618d75e0e5cc2ee88710a641a9de228,2023-07-25T12:00:00+0200,2023-07-25T12:00:00+0200,media,unclassified,,,,,
20,PMR1-KB01PM,2482432,a0fe29e5dc7d2d0063bc1895057b310e,2023-07-26T12:00:00+0200,2023-07-26T12:00:00+0200,media,blank,,,,machine,2023-08-16T13:26:25+0000
21,PMR1-KB01PM,2482433,b0ad1cc333a3e66e8747de5be0cd4e64,2023-07-27T12:00:00+0200,2023-07-27T12:00:00+0200,media,unclassified,,,,,
22,PMR1-KB01PM,2482456,9284db8112cb3f3e2f7592696bc3ead7,2023-07-28T00:54:22+0200,2023-07-28T00:54:22+0200,media,animal,,Meles meles,1,human,2023-08-21T07:49:02+0000
23,PMR1-KB01PM,2482457,9284db8112cb3f3e2f7592696bc3ead7,2023-07-28T00:54:28+0200,2023-07-28T00:54:28+0200,media,blank,,,,human,2023-08-21T07:43:34+0000
24,PMR1-KB01PM,2482434,ef6b8586c7dae88b9136a76c7a505172,2023-07-28T12:00:00+0200,2023-07-28T12:00:00+0200,media,unclassified,,,,,
25,PMR1-KB01PM,2482435,29dd2342f18a029e8a3c558fe1c07547,2023-07-29T12:00:00+0200,2023-07-29T12:00:00+0200,media,unclassified,,,,,
26,PMR1-KB01PM,2482436,2048a8a2ebe15e817dd6c0f6233e65f1,2023-07-30T12:00:00+0200,2023-07-30T12:00:00+0200,media,unclassified,,,,,
27,PMR1-KB01PM,2482437,f308e4a604dc2afa0d1022ea3fc7b89b,2023-07-31T12:00:00+0200,2023-07-31T12:00:00+0200,media,unclassified,,,,,
28,PMR1-KB01PM,2482438,0073b84608e91f23de01acb0b3acee7f,2023-08-01T12:00:00+0200,2023-08-01T12:00:00+0200,media,unclassified,,,,,
29,PMR1-KB01PM,2482439,f4685997b2ba85b72ef8bf4455327d4f,2023-08-02T12:00:00+0200,2023-08-02T12:00:00+0200,media,unclassified,,,,,
30,PMR1-KB01PM,2482440,a9c6818122752ab65d945a1559edf098,2023-08-03T12:00:00+0200,2023-08-03T12:00:00+0200,media,unclassified,,,,,
31,PMR1-KB01PM,2482441,b13522641878505d65e8250b7fb6b6c4,2023-08-04T12:00:00+0200,2023-08-04T12:00:00+0200,media,unclassified,,,,,
32,PMR1-KB01PM,2482458,9907fe968fdd8cf1dce58d883941e7be,2023-08-04T12:57:48+0200,2023-08-04T12:57:48+0200,media,unclassified,,,,,
33,PMR1-KB01PM,2482442,77c77ff19961119495eec56d3ec96bd9,2023-08-05T12:00:00+0200,2023-08-05T12:00:00+0200,media,unclassified,,,,,
34,PMR1-KB01PM,2482459,7e22acac8cd0211d3c07cfc2be49bd5e,2023-08-06T05:53:42+0200,2023-08-06T05:53:42+0200,media,animal,,Other,1,human,2023-08-23T14:51:16+0000
35,PMR1-KB01PM,2482443,8ceaf3706bed40cdcaa15b6705f0e46a,2023-08-06T12:00:00+0200,2023-08-06T12:00:00+0200,media,unclassified,,,,,
36,PMR1-KB01PM,2482444,8063e27a4fbaa44c81de6bbfe22ab1b3,2023-08-07T12:00:00+0200,2023-08-07T12:00:00+0200,media,unclassified,,,,,
37,PMR1-KB02PM,2482480,4b335c4f450ce2e2caccd9b0db06bb81,2023-07-18T15:40:16+0200,2023-07-18T15:40:16+0200,media,human,setup,Homo sapiens,1,human,2023-08-18T07:31:26+0000
38,PMR1-KB02PM,2482481,4b335c4f450ce2e2caccd9b0db06bb81,2023-07-18T15:41:08+0200,2023-07-18T15:41:08+0200,media,human,setup,Homo sapiens,1,human,2023-08-18T07:31:52+0000
39,PMR1-KB02PM,2482460,adaef2925ea06c7dadd7e39045e1f01d,2023-07-19T12:00:00+0200,2023-07-19T12:00:00+0200,media,blank,,,,machine,2023-08-16T13:22:03+0000
40,PMR1-KB02PM,2482461,df030f359d975f5c6582caa90e97b4a6,2023-07-20T12:00:00+0200,2023-07-20T12:00:00+0200,media,blank,,,,machine,2023-08-16T13:22:03+0000
41,PMR1-KB02PM,2482462,19482debe0d8331fc72af8355ad49207,2023-07-21T12:00:00+0200,2023-07-21T12:00:00+0200,media,blank,,,,machine,2023-08-16T13:22:03+0000
42,PMR1-KB02PM,2482463,588b2b318359d63989176d509ddac781,2023-07-22T12:00:00+0200,2023-07-22T12:00:00+0200,media,blank,,,,machine,2023-08-16T13:28:46+0000
43,PMR1-KB02PM,2482464,630ed528325fded977d8aae7e2003142,2023-07-23T12:00:00+0200,2023-07-23T12:00:00+0200,media,blank,,,,machine,2023-08-16T13:28:46+0000
44,PMR1-KB02PM,2482465,3619475057221b5bc7ce8cb5c7992bf1,2023-07-24T12:00:00+0200,2023-07-24T12:00:00+0200,media,blank,,,,machine,2023-08-16T13:27:35+0000
45,PMR1-KB02PM,2482466,d3da76ad47a33110ff062cca61fe66e0,2023-07-25T12:00:00+0200,2023-07-25T12:00:00+0200,media,blank,,,,machine,2023-08-16T13:27:35+0000
46,PMR1-KB02PM,2482467,8024d9a42882ae91dc33f0f2d469d845,2023-07-26T12:00:00+0200,2023-07-26T12:00:00+0200,media,blank,,,,machine,2023-08-16T13:26:25+0000
47,PMR1-KB02PM,2482468,e07c9b8c0bfdfd4abf2046fc923c8232,2023-07-27T12:00:00+0200,2023-07-27T12:00:00+0200,media,blank,,,,machine,2023-08-16T13:25:17+0000
48,PMR1-KB02PM,2482469,44188779a4d257f17f438edbe6e9af3e,2023-07-28T12:00:00+0200,2023-07-28T12:00:00+0200,media,blank,,,,machine,2023-08-16T13:25:17+0000
49,PMR1-KB02PM,2482470,247ef1f72d9c16d197f97c94fc3b14c1,2023-07-29T12:00:00+0200,2023-07-29T12:00:00+0200,media,blank,,,,machine,2023-08-16T13:31:15+0000
50,PMR1-KB02PM,2482471,fb5f585a5c19aa238c2602cb93b137b7,2023-07-30T12:00:00+0200,2023-07-30T12:00:00+0200,media,unclassified,,,,,
51,PMR1-KB02PM,2482472,f1cbc8333add91638572099403442137,2023-07-31T12:00:00+0200,2023-07-31T12:00:00+0200,media,blank,,,,machine,2023-08-16T13:29:55+0000
52,PMR1-KB02PM,2482473,5d5607c279df4a07e4ddd734ead80703,2023-08-01T12:00:00+0200,2023-08-01T12:00:00+0200,media,blank,,,,machine,2023-08-16T13:29:55+0000
53,PMR1-KB02PM,2482474,90d5239bfb3fc2b4df0a7f56f69cb965,2023-08-02T12:00:00+0200,2023-08-02T12:00:00+0200,media,blank,,,,machine,2023-08-16T13:33:33+0000
54,PMR1-KB02PM,2482475,87b1104eb79e8e844406309f8305f813,2023-08-03T12:00:00+0200,2023-08-03T12:00:00+0200,media,blank,,,,machine,2023-08-16T13:33:33+0000
55,PMR1-KB02PM,2482476,b0435532628a75424d7b78b164f6263e,2023-08-04T12:00:00+0200,2023-08-04T12:00:00+0200,media,blank,,,,machine,2023-08-16T13:34:53+0000
56,PMR1-KB02PM,2482482,bfaad208896a2702450597579d1df287,2023-08-04T17:20:24+0200,2023-08-04T17:20:24+0200,media,blank,,,,human,2023-08-21T09:36:16+0000
57,PMR1-KB02PM,2482483,bfaad208896a2702450597579d1df287,2023-08-04T17:20:34+0200,2023-08-04T17:20:34+0200,media,animal,,Alces alces,1,human,2023-08-21T09:36:33+0000
58,PMR1-KB02PM,2482484,bfaad208896a2702450597579d1df287,2023-08-04T17:20:44+0200,2023-08-04T17:20:44+0200,media,animal,,Alces alces,1,human,2023-08-21T09:36:51+0000
59,PMR1-KB02PM,2482477,a2e89cb7d8716d75d9537c38ea8571cf,2023-08-05T12:00:00+0200,2023-08-05T12:00:00+0200,media,unclassified,,,,,
60,PMR1-KB02PM,2482478,8d009b7995478a2135b4d52dee75ddc8,2023-08-06T12:00:00+0200,2023-08-06T12:00:00+0200,media,unclassified,,,,,
61,PMR1-KB02PM,2482479,202f8c1f1c15d54a22b8b82e9f4cb010,2023-08-07T12:00:00+0200,2023-08-07T12:00:00+0200,media,blank,,,,machine,2023-08-16T13:36:58+0000
62,PMR1-KB03PM,2482505,3567daf2aca78596b018ba15edd562dd,2023-07-18T08:56:52+0200,2023-07-18T08:56:52+0200,media,human,setup,Homo sapiens,1,human,2023-08-22T07:43:43+0000
63,PMR1-KB03PM,2482506,3567daf2aca78596b018ba15edd562dd,2023-07-18T08:57:32+0200,2023-07-18T08:57:32+0200,media,human,setup,Homo sapiens,1,human,2023-08-17T14:48:00+0000
64,PMR1-KB03PM,2482507,3567daf2aca78596b018ba15edd562dd,2023-07-18T08:57:50+0200,2023-07-18T08:57:50+0200,media,human,setup,Homo sapiens,1,human,2023-08-17T14:48:31+0000
65,PMR1-KB03PM,2482508,3567daf2aca78596b018ba15edd562dd,2023-07-18T08:58:08+0200,2023-07-18T08:58:08+0200,media,human,setup,Homo sapiens,1,human,2023-08-17T14:48:43+0000
66,PMR1-KB03PM,2482509,3567daf2aca78596b018ba15edd562dd,2023-07-18T08:58:16+0200,2023-07-18T08:58:16+0200,media,human,setup,Homo sapiens,1,human,2023-08-17T14:48:53+0000
67,PMR1-KB03PM,2482510,3567daf2aca78596b018ba15edd562dd,2023-07-18T08:58:58+0200,2023-07-18T08:58:58+0200,media,human,setup,Homo sapiens,1,human,2023-08-17T14:49:05+0000
68,PMR1-KB03PM,2482511,3567daf2aca78596b018ba15edd562dd,2023-07-18T08:59:10+0200,2023-07-18T08:59:10+0200,media,human,setup,Homo sapiens,1,human,2023-08-17T14:49:14+0000
69,PMR1-KB03PM,2482512,3567daf2aca78596b018ba15edd562dd,2023-07-18T08:59:24+0200,2023-07-18T08:59:24+0200,media,human,setup,Homo sapiens,1,human,2023-08-17T12:31:36+0000
70,PMR1-KB03PM,2482485,ddf48b6ceac93c276c1dccc7db00cd60,2023-07-18T12:00:00+0200,2023-07-18T12:00:00+0200,media,blank,,,,human,2023-08-18T07:23:18+0000
71,PMR1-KB03PM,2482486,1291dda26cb9757fe7ee3e4f179105be,2023-07-19T12:00:00+0200,2023-07-19T12:00:00+0200,media,unclassified,,,,,
72,PMR1-KB03PM,2482487,da7cd42915ef544832bc81c5a31cf2f8,2023-07-20T12:00:00+0200,2023-07-20T12:00:00+0200,media,unclassified,,,,,
73,PMR1-KB03PM,2482488,e7c51427a96c7e6c519bd4ccaa0e33f0,2023-07-21T12:00:00+0200,2023-07-21T12:00:00+0200,media,unclassified,,,,,
74,PMR1-KB03PM,2482489,0a75fbd3aed195b7f2efab5ad943cdf3,2023-07-22T12:00:00+0200,2023-07-22T12:00:00+0200,media,unclassified,,,,,
75,PMR1-KB03PM,2482490,25fcecd06d908eab6bab79a1cc46cec6,2023-07-23T12:00:00+0200,2023-07-23T12:00:00+0200,media,unclassified,,,,,
76,PMR1-KB03PM,2482491,058f4e7e5dd911feb27efbac90257e89,2023-07-24T12:00:00+0200,2023-07-24T12:00:00+0200,media,unclassified,,,,,
77,PMR1-KB03PM,2482492,0e5ff11dea8e6ff14e1d6c440aa494c9,2023-07-25T12:00:00+0200,2023-07-25T12:00:00+0200,media,unclassified,,,,,
78,PMR1-KB03PM,2482493,17d46080c63e273dd0f9bd9bd29ed93a,2023-07-26T12:00:00+0200,2023-07-26T12:00:00+0200,media,unclassified,,,,,
79,PMR1-KB03PM,2482494,1bfee5480994ec17ffca51d0d02482ad,2023-07-27T12:00:00+0200,2023-07-27T12:00:00+0200,media,unclassified,,,,,
80,PMR1-KB03PM,2482495,4cdd3ebb031667b9708177c3d9dfffaa,2023-07-28T12:00:00+0200,2023-07-28T12:00:00+0200,media,unclassified,,,,,
81,PMR1-KB03PM,2482513,adb8aabad522072c484feeaa6345c282,2023-07-28T12:57:34+0200,2023-07-28T12:57:34+0200,media,animal,,Dendrocopos major,1,human,2023-08-21T07:47:42+0000
82,PMR1-KB03PM,2482514,adb8aabad522072c484feeaa6345c282,2023-07-28T12:58:00+0200,2023-07-28T12:58:00+0200,media,animal,,Dendrocopos major,1,human,2023-08-21T07:48:11+0000
83,PMR1-KB03PM,2482496,ae0ca06c1126ab4461184ca9fca66973,2023-07-29T12:00:00+0200,2023-07-29T12:00:00+0200,media,unclassified,,,,,
84,PMR1-KB03PM,2482515,1b17e14bbef3c3b422dd0cce46fc7051,2023-07-29T17:33:38+0200,2023-07-29T17:33:38+0200,media,animal,,Perisoreus infaustus,1,human,2023-08-23T14:44:48+0000
85,PMR1-KB03PM,2482497,849e18e485273bbbd894b1cd93e38efa,2023-07-30T12:00:00+0200,2023-07-30T12:00:00+0200,media,unclassified,,,,,
86,PMR1-KB03PM,2482498,2e9190c57ea559dc3f1136e57103c82e,2023-07-31T12:00:00+0200,2023-07-31T12:00:00+0200,media,unclassified,,,,,
87,PMR1-KB03PM,2482499,489a59d2f2b335587250e99b8b68f48f,2023-08-01T12:00:00+0200,2023-08-01T12:00:00+0200,media,unclassified,,,,,
88,PMR1-KB03PM,2482500,b9b95d8d3283ec361497e5ec28204604,2023-08-02T12:00:00+0200,2023-08-02T12:00:00+0200,media,unclassified,,,,,
89,PMR1-KB03PM,2482501,6d8d5f8081d0070ad055cf6e57141256,2023-08-03T12:00:00+0200,2023-08-03T12:00:00+0200,media,unclassified,,,,,
90,PMR1-KB03PM,2482502,ca0a6d55d6a5a62056d7ce22b80176ff,2023-08-04T12:00:00+0200,2023-08-04T12:00:00+0200,media,unclassified,,,,,
91,PMR1-KB03PM,2482503,a842b3c6f6a660c5ddddd98099d3c8c4,2023-08-05T12:00:00+0200,2023-08-05T12:00:00+0200,media,unclassified,,,,,
92,PMR1-KB03PM,2482504,7e41dc290232851a4fa5c67c93f10d4a,2023-08-06T12:00:00+0200,2023-08-06T12:00:00+0200,media,unclassified,,,,,
93,PMR1-KB03PM,2482516,4c99c56fe4e0dddf5d148113386efa85,2023-08-06T12:45:46+0200,2023-08-06T12:45:46+0200,media,animal,,Other,1,human,2023-08-23T14:52:38+0000
94,PMR1-KB04PM,2482538,6128e1bb1d5412935e0ea44d2cb8416b,2023-07-19T10:14:52+0200,2023-07-19T10:14:52+0200,media,human,setup,Homo sapiens,1,human,2023-08-18T07:33:10+0000
95,PMR1-KB04PM,2482539,6128e1bb1d5412935e0ea44d2cb8416b,2023-07-19T10:15:00+0200,2023-07-19T10:15:00+0200,media,human,setup,Homo sapiens,1,human,2023-08-18T07:33:19+0000
96,PMR1-KB04PM,2482540,6128e1bb1d5412935e0ea44d2cb8416b,2023-07-19T10:15:54+0200,2023-07-19T10:15:54+0200,media,human,setup,Homo sapiens,1,human,2023-08-18T07:33:36+0000
97,PMR1-KB04PM,2482541,6128e1bb1d5412935e0ea44d2cb8416b,2023-07-19T10:16:16+0200,2023-07-19T10:16:16+0200,media,human,setup,Homo sapiens,1,human,2023-08-18T07:33:44+0000
98,PMR1-KB04PM,2482517,1cf25925cba7f28e3b58272ccebbc34f,2023-07-19T12:00:00+0200,2023-07-19T12:00:00+0200,media,blank,,,,machine,2023-08-16T13:22:03+0000
99,PMR1-KB04PM,2482518,54ccc34e96a4d85bda41d172b4219559,2023-07-20T12:00:00+0200,2023-07-20T12:00:00+0200,media,blank,,,,machine,2023-08-16T13:22:03+0000
100,PMR1-KB04PM,2482519,c2e143ba348779025421bcb70cee2760,2023-07-21T12:00:00+0200,2023-07-21T12:00:00+0200,media,blank,,,,machine,2023-08-16T13:22:03+0000
101,PMR1-KB04PM,2482520,97858f7bc5779059164b6d88741e6668,2023-07-22T12:00:00+0200,2023-07-22T12:00:00+0200,media,blank,,,,machine,2023-08-16T13:28:46+0000
102,PMR1-KB04PM,2482521,8a48cab4ad3dea1da7c2d86cf25728bb,2023-07-23T12:00:00+0200,2023-07-23T12:00:00+0200,media,blank,,,,machine,2023-08-16T13:27:35+0000
103,PMR1-KB04PM,2482522,f62c34d230b86003fd5e636389d76eb5,2023-07-24T12:00:00+0200,2023-07-24T12:00:00+0200,media,blank,,,,machine,2023-08-16T13:27:35+0000
104,PMR1-KB04PM,2482542,ad7593c216aa6e8d64f99724a05eb15c,2023-07-25T09:41:22+0200,2023-07-25T09:41:22+0200,media,animal,,Other,1,human,2023-08-23T14:39:38+0000
105,PMR1-KB04PM,2482543,886619fc50ee548b237cae551ce09507,2023-07-25T09:51:54+0200,2023-07-25T09:51:54+0200,media,animal,,Dendrocopos major,1,human,2023-08-18T10:12:35+0000
106,PMR1-KB04PM,2482523,9df309bbde27f67bc8fbeaab92138b84,2023-07-25T12:00:00+0200,2023-07-25T12:00:00+0200,media,blank,,,,machine,2023-08-16T13:27:35+0000
107,PMR1-KB04PM,2482524,37a1ba416c0087b68a8f507da1b7251f,2023-07-26T12:00:00+0200,2023-07-26T12:00:00+0200,media,blank,,,,machine,2023-08-16T13:26:25+0000
108,PMR1-KB04PM,2482525,3875ee0527dd3c738052d392c2032226,2023-07-27T12:00:00+0200,2023-07-27T12:00:00+0200,media,blank,,,,machine,2023-08-16T13:25:17+0000
109,PMR1-KB04PM,2482526,f5b40f634520c6a415a503edda7a1615,2023-07-28T12:00:00+0200,2023-07-28T12:00:00+0200,media,blank,,,,machine,2023-08-16T13:25:17+0000
110,PMR1-KB04PM,2482527,cb13412302d0a238c26573bc24f29bd5,2023-07-29T12:00:00+0200,2023-07-29T12:00:00+0200,media,blank,,,,machine,2023-08-16T13:31:15+0000
111,PMR1-KB04PM,2482528,0a778f56212744aa3efc23eac490e81e,2023-07-30T12:00:00+0200,2023-07-30T12:00:00+0200,media,unclassified,,,,,
112,PMR1-KB04PM,2482529,37aa1baf176d32c556cf2279f4f23896,2023-07-31T12:00:00+0200,2023-07-31T12:00:00+0200,media,blank,,,,machine,2023-08-16T13:29:55+0000
113,PMR1-KB04PM,2482530,55747fd9839500c4dcd20304bb2865b8,2023-08-01T12:00:00+0200,2023-08-01T12:00:00+0200,media,unclassified,,,,,
114,PMR1-KB04PM,2482531,c518e91a83eb15fef98a4347641e1e01,2023-08-02T12:00:00+0200,2023-08-02T12:00:00+0200,media,unclassified,,,,,
115,PMR1-KB04PM,2482532,acfb29ea477bcb723eeafc09b6485b48,2023-08-03T12:00:00+0200,2023-08-03T12:00:00+0200,media,blank,,,,machine,2023-08-16T13:33:33+0000
116,PMR1-KB04PM,2482533,321979ccf4de22e051b13bd6d67eeae9,2023-08-04T12:00:00+0200,2023-08-04T12:00:00+0200,media,blank,,,,machine,2023-08-16T13:34:53+0000
117,PMR1-KB04PM,2482534,5c53ee33d43cbec01f68db83a5daa305,2023-08-05T12:00:00+0200,2023-08-05T12:00:00+0200,media,unclassified,,,,,
118,PMR1-KB04PM,2482535,908aab75213bbd1a593d5cfb242827e1,2023-08-06T12:00:00+0200,2023-08-06T12:00:00+0200,media,blank,,,,machine,2023-08-16T13:32:24+0000
119,PMR1-KB04PM,2482536,1df7a5af73c8f18a0be01198fc1dd5fe,2023-08-07T12:00:00+0200,2023-08-07T12:00:00+0200,media,blank,,,,machine,2023-08-16T13:36:58+0000
120,PMR1-KB04PM,2482537,0f51e028e6802a3f8817d9026ea5aa89,2023-08-08T12:00:00+0200,2023-08-08T12:00:00+0200,media,blank,,,,machine,2023-08-16T13:36:58+0000
121,PMR1-KB05PM,2482565,957b47ccc3d26ead7ba71da5d5193628,2023-07-18T16:25:28+0200,2023-07-18T16:25:28+0200,media,human,setup,Homo sapiens,1,human,2023-08-18T07:32:00+0000
122,PMR1-KB05PM,2482566,957b47ccc3d26ead7ba71da5d5193628,2023-07-18T16:25:48+0200,2023-07-18T16:25:48+0200,media,human,setup,Homo sapiens,1,human,2023-08-18T07:32:08+0000
123,PMR1-KB05PM,2482567,957b47ccc3d26ead7ba71da5d5193628,2023-07-18T16:26:02+0200,2023-07-18T16:26:02+0200,media,human,setup,Homo sapiens,1,human,2023-08-18T07:32:38+0000
124,PMR1-KB05PM,2482544,6789b5cc52dc2b6f38b2a5881011fd0c,2023-07-19T12:00:00+0200,2023-07-19T12:00:00+0200,media,blank,,,,machine,2023-08-16T13:22:03+0000
125,PMR1-KB05PM,2482545,908d1ef5c1e6ca66ea545b977f646a68,2023-07-20T12:00:00+0200,2023-07-20T12:00:00+0200,media,unclassified,,,,,
126,PMR1-KB05PM,2482546,e5799d76597088115babb5afc2d3e3c2,2023-07-21T12:00:00+0200,2023-07-21T12:00:00+0200,media,blank,,,,machine,2023-08-16T13:22:03+0000
127,PMR1-KB05PM,2482547,8f33f0c3a47a5bd050db42b954522713,2023-07-22T12:00:00+0200,2023-07-22T12:00:00+0200,media,blank,,,,machine,2023-08-16T13:28:46+0000
128,PMR1-KB05PM,2482548,d3b74593fa38f26bafac1e0aaa3d0539,2023-07-23T12:00:00+0200,2023-07-23T12:00:00+0200,media,blank,,,,machine,2023-08-16T13:27:35+0000
129,PMR1-KB05PM,2482549,c5605fd356510ec87db8df55f3814dcc,2023-07-24T12:00:00+0200,2023-07-24T12:00:00+0200,media,blank,,,,machine,2023-08-16T13:27:35+0000
130,PMR1-KB05PM,2482550,dea8fffcd1b6c7d06aba70c85b435904,2023-07-25T12:00:00+0200,2023-07-25T12:00:00+0200,media,blank,,,,machine,2023-08-16T13:26:25+0000
131,PMR1-KB05PM,2482568,2ca1031258ec42906ac10726397ff19d,2023-07-26T08:34:00+0200,2023-07-26T08:34:00+0200,media,blank,,,,human,2023-08-18T10:19:15+0000
132,PMR1-KB05PM,2482551,a6074331bbe05b4a82fb381105ce2935,2023-07-26T12:00:00+0200,2023-07-26T12:00:00+0200,media,unclassified,,,,,
133,PMR1-KB05PM,2482552,8afc37a7fcd92fe36c3084d5c29d2a1b,2023-07-27T12:00:00+0200,2023-07-27T12:00:00+0200,media,unclassified,,,,,
134,PMR1-KB05PM,2482553,5b81328387eeee87d95e27f538a7ec58,2023-07-28T12:00:00+0200,2023-07-28T12:00:00+0200,media,unclassified,,,,,
135,PMR1-KB05PM,2482554,d54bbd8eeb2c130e6ed8c6e14e758866,2023-07-29T12:00:00+0200,2023-07-29T12:00:00+0200,media,unclassified,,,,,
136,PMR1-KB05PM,2482555,0b3adca7b8476b9ff9179253c3a62060,2023-07-30T12:00:00+0200,2023-07-30T12:00:00+0200,media,unclassified,,,,,
137,PMR1-KB05PM,2482569,dc0ed7ba5ae4dbdc05b4447c5911f0f4,2023-07-30T12:15:10+0200,2023-07-30T12:15:10+0200,media,blank,,,,human,2023-08-21T08:54:23+0000
138,PMR1-KB05PM,2482556,d2921f7eb20678c223b4d75ee9cd4457,2023-07-31T12:00:00+0200,2023-07-31T12:00:00+0200,media,unclassified,,,,,
139,PMR1-KB05PM,2482557,6b47f7cc8e15246bbd4ac8cf5c9283ee,2023-08-01T12:00:00+0200,2023-08-01T12:00:00+0200,media,blank,,,,machine,2023-08-16T13:29:55+0000
140,PMR1-KB05PM,2482558,24ec58cd2e131fd6c8af3951feabe116,2023-08-02T12:00:00+0200,2023-08-02T12:00:00+0200,media,unclassified,,,,,
141,PMR1-KB05PM,2482559,56935755344f50647cd88d4c077846fb,2023-08-03T12:00:00+0200,2023-08-03T12:00:00+0200,media,unclassified,,,,,
142,PMR1-KB05PM,2482560,b16c2d71c45108127d24977b856fa2ec,2023-08-04T12:00:00+0200,2023-08-04T12:00:00+0200,media,unclassified,,,,,
143,PMR1-KB05PM,2482561,2c1efdd77091c48b19acff2ec45bd994,2023-08-05T12:00:00+0200,2023-08-05T12:00:00+0200,media,unclassified,,,,,
144,PMR1-KB05PM,2482562,76acad2e441c74ec4184675b8b9cfbdc,2023-08-06T12:00:00+0200,2023-08-06T12:00:00+0200,media,unclassified,,,,,
145,PMR1-KB05PM,2482563,fbe4c29f8a5bb7677fcdbfac9b598162,2023-08-07T12:00:00+0200,2023-08-07T12:00:00+0200,media,unclassified,,,,,
146,PMR1-KB05PM,2482564,d7d53ba99d7686f57607aa48f35e2ce5,2023-08-08T12:00:00+0200,2023-08-08T12:00:00+0200,media,unclassified,,,,,
147,PMR1-KB06PM,2482592,5ced6f968b8a5aeacb48e03d37c9bc6f,2023-07-18T11:50:32+0200,2023-07-18T11:50:32+0200,media,human,setup,Homo sapiens,1,human,2023-08-18T07:20:46+0000
148,PMR1-KB06PM,2482593,5ced6f968b8a5aeacb48e03d37c9bc6f,2023-07-18T11:51:16+0200,2023-07-18T11:51:16+0200,media,human,setup,Homo sapiens,1,human,2023-08-18T07:21:02+0000
149,PMR1-KB06PM,2482594,5ced6f968b8a5aeacb48e03d37c9bc6f,2023-07-18T11:51:44+0200,2023-07-18T11:51:44+0200,media,human,setup,Homo sapiens,1,human,2023-08-18T07:21:12+0000
150,PMR1-KB06PM,2482595,5ced6f968b8a5aeacb48e03d37c9bc6f,2023-07-18T11:51:54+0200,2023-07-18T11:51:54+0200,media,human,setup,Homo sapiens,1,human,2023-08-18T07:21:39+0000
151,PMR1-KB06PM,2482596,5ced6f968b8a5aeacb48e03d37c9bc6f,2023-07-18T11:52:26+0200,2023-07-18T11:52:26+0200,media,human,setup,Homo sapiens,1,human,2023-08-18T07:22:23+0000
152,PMR1-KB06PM,2482597,5ced6f968b8a5aeacb48e03d37c9bc6f,2023-07-18T11:52:50+0200,2023-07-18T11:52:50+0200,media,human,setup,Homo sapiens,1,human,2023-08-18T07:22:39+0000
153,PMR1-KB06PM,2482570,8fd162e0bd217ad4906777802db706f2,2023-07-18T12:00:00+0200,2023-07-18T12:00:00+0200,media,unclassified,,,,,
154,PMR1-KB06PM,2482571,61e4d7b32ad35f5edf31f02e2a98b5a7,2023-07-19T12:00:00+0200,2023-07-19T12:00:00+0200,media,unclassified,,,,,
155,PMR1-KB06PM,2482572,aba3367edbc41fdcd90e35c915aee293,2023-07-20T12:00:00+0200,2023-07-20T12:00:00+0200,media,blank,,,,machine,2023-08-16T13:22:03+0000
156,PMR1-KB06PM,2482598,fdfd6c4d11c35c1e6df2a09c7e422e0c,2023-07-20T18:36:18+0200,2023-07-20T18:36:18+0200,media,animal,,Martes martes,1,human,2023-08-18T08:03:51+0000
157,PMR1-KB06PM,2482599,fdfd6c4d11c35c1e6df2a09c7e422e0c,2023-07-20T18:36:28+0200,2023-07-20T18:36:28+0200,media,animal,,Martes martes,1,human,2023-08-18T08:04:47+0000
158,PMR1-KB06PM,2482573,f668817b105d36bd3e814b2341535d0a,2023-07-21T12:00:00+0200,2023-07-21T12:00:00+0200,media,unclassified,,,,,
159,PMR1-KB06PM,2482574,e76f78d7d5b9304fef8f8beadf304e79,2023-07-22T12:00:00+0200,2023-07-22T12:00:00+0200,media,blank,,,,machine,2023-08-16T13:28:46+0000
160,PMR1-KB06PM,2482575,b8a7ae1cf67b779a908e6c05195c80c1,2023-07-23T12:00:00+0200,2023-07-23T12:00:00+0200,media,blank,,,,machine,2023-08-16T13:28:46+0000
161,PMR1-KB06PM,2482576,3e1fa7ecb366e41540810a309b9bbad4,2023-07-24T12:00:00+0200,2023-07-24T12:00:00+0200,media,unclassified,,,,,
162,PMR1-KB06PM,2482577,0d0dbb424fb3737b7a9ae0596c63a8dd,2023-07-25T12:00:00+0200,2023-07-25T12:00:00+0200,media,blank,,,,machine,2023-08-16T13:26:25+0000
163,PMR1-KB06PM,2482578,b05d76692afe72f6e0fd45e6d0f915a0,2023-07-26T12:00:00+0200,2023-07-26T12:00:00+0200,media,unclassified,,,,,
164,PMR1-KB06PM,2482579,05ef5ed20c62ce8d9c3a6dde0ed27d4f,2023-07-27T12:00:00+0200,2023-07-27T12:00:00+0200,media,unclassified,,,,,
165,PMR1-KB06PM,2482580,82468db79bc96cd42ebd759b9b360485,2023-07-28T12:00:00+0200,2023-07-28T12:00:00+0200,media,unclassified,,,,,
166,PMR1-KB06PM,2482600,4948173a5a40a7058ba009fc403fae2d,2023-07-28T19:32:52+0200,2023-07-28T19:32:52+0200,media,animal,,Meles meles,1,human,2023-08-21T07:56:27+0000
167,PMR1-KB06PM,2482601,4948173a5a40a7058ba009fc403fae2d,2023-07-28T19:33:02+0200,2023-07-28T19:33:02+0200,media,animal,,Meles meles,1,human,2023-08-21T07:56:56+0000
168,PMR1-KB06PM,2482602,4948173a5a40a7058ba009fc403fae2d,2023-07-28T19:33:14+0200,2023-07-28T19:33:14+0200,media,animal,,Meles meles,1,human,2023-08-23T14:43:54+0000
169,PMR1-KB06PM,2482581,2daac36976ee725b35d3b03f7248af73,2023-07-29T12:00:00+0200,2023-07-29T12:00:00+0200,media,unclassified,,,,,
170,PMR1-KB06PM,2482582,3567c6d99197f492e0aa70fa37707d78,2023-07-30T12:00:00+0200,2023-07-30T12:00:00+0200,media,unclassified,,,,,
171,PMR1-KB06PM,2482583,9fd3215ce714365c2237722652c538e1,2023-07-31T12:00:00+0200,2023-07-31T12:00:00+0200,media,unclassified,,,,,
172,PMR1-KB06PM,2482584,af98d99b5ecbbc5bc1552709d13024eb,2023-08-01T12:00:00+0200,2023-08-01T12:00:00+0200,media,unclassified,,,,,
173,PMR1-KB06PM,2482585,82230d09895f61710c6d135e44d6fefd,2023-08-02T12:00:00+0200,2023-08-02T12:00:00+0200,media,unclassified,,,,,
174,PMR1-KB06PM,2482586,83ca370e9d0106624e742d375546ec58,2023-08-03T12:00:00+0200,2023-08-03T12:00:00+0200,media,unclassified,,,,,
175,PMR1-KB06PM,2482587,57c3925af93563a753345e7cabe33387,2023-08-04T12:00:00+0200,2023-08-04T12:00:00+0200,media,unclassified,,,,,
176,PMR1-KB06PM,2482588,e2481a91bc9f7e1d67213316896af747,2023-08-05T12:00:00+0200,2023-08-05T12:00:00+0200,media,unclassified,,,,,
177,PMR1-KB06PM,2482589,e214c1a39e9c33e633c3ee1a206a3bef,2023-08-06T12:00:00+0200,2023-08-06T12:00:00+0200,media,unclassified,,,,,
178,PMR1-KB06PM,2482590,bb226024e8edabd33d754d494d42bb8b,2023-08-07T12:00:00+0200,2023-08-07T12:00:00+0200,media,unclassified,,,,,
179,PMR1-KB06PM,2482591,523b4ad99e79b08038ac4d9887a20b26,2023-08-08T12:00:00+0200,2023-08-08T12:00:00+0200,media,unclassified,,,,,
180,PMR1-KB07PM,2482623,0e492bc500d07035e70f19e828ddda6a,2023-07-18T13:04:10+0200,2023-07-18T13:04:10+0200,media,human,setup,Homo sapiens,1,human,2023-08-18T07:23:55+0000
181,PMR1-KB07PM,2482624,0e492bc500d07035e70f19e828ddda6a,2023-07-18T13:04:22+0200,2023-07-18T13:04:22+0200,media,blank,setup,,,human,2023-08-18T07:24:38+0000
182,PMR1-KB07PM,2482625,0e492bc500d07035e70f19e828ddda6a,2023-07-18T13:04:56+0200,2023-07-18T13:04:56+0200,media,human,setup,Homo sapiens,1,human,2023-08-18T07:25:34+0000
183,PMR1-KB07PM,2482626,0e492bc500d07035e70f19e828ddda6a,2023-07-18T13:05:56+0200,2023-07-18T13:05:56+0200,media,human,setup,Homo sapiens,1,human,2023-08-18T07:25:48+0000
184,PMR1-KB07PM,2482627,0e492bc500d07035e70f19e828ddda6a,2023-07-18T13:06:42+0200,2023-07-18T13:06:42+0200,media,human,setup,Homo sapiens,1,human,2023-08-18T07:26:13+0000
185,PMR1-KB07PM,2482603,90e9f122f3631ac5231b9048161aaea4,2023-07-19T12:00:00+0200,2023-07-19T12:00:00+0200,media,unclassified,,,,,
186,PMR1-KB07PM,2482604,f85690da11ab0ffcb34362317f996d30,2023-07-20T12:00:00+0200,2023-07-20T12:00:00+0200,media,unclassified,,,,,
187,PMR1-KB07PM,2482605,596a462f4cf799cdc692e6fa7f0b3357,2023-07-21T12:00:00+0200,2023-07-21T12:00:00+0200,media,blank,,,,machine,2023-08-16T13:28:46+0000
188,PMR1-KB07PM,2482606,7937cb79e1dce4040d269560724ab377,2023-07-22T12:00:00+0200,2023-07-22T12:00:00+0200,media,blank,,,,machine,2023-08-16T13:28:46+0000
189,PMR1-KB07PM,2482607,083d63a521ded544c4a8c2f4fabf7825,2023-07-23T12:00:00+0200,2023-07-23T12:00:00+0200,media,blank,,,,machine,2023-08-16T13:27:35+0000
190,PMR1-KB07PM,2482628,d5bcd7b94f38fddd989a3aecea8582c3,2023-07-24T07:58:04+0200,2023-07-24T07:58:04+0200,media,animal,,Sciurus vulgaris,1,human,2023-08-18T10:03:29+0000
191,PMR1-KB07PM,2482608,4588d3ec12d2238d28f8328420c8bc64,2023-07-24T12:00:00+0200,2023-07-24T12:00:00+0200,media,blank,,,,machine,2023-08-16T13:27:35+0000
192,PMR1-KB07PM,2482609,d61c200810570caa56de0fd9adce34fe,2023-07-25T12:00:00+0200,2023-07-25T12:00:00+0200,media,blank,,,,machine,2023-08-16T13:26:25+0000
193,PMR1-KB07PM,2482610,27fadfa2ef10ebdaebca5674f16e2b7c,2023-07-26T12:00:00+0200,2023-07-26T12:00:00+0200,media,blank,,,,machine,2023-08-16T13:26:25+0000
194,PMR1-KB07PM,2482611,d63d42e008a74d00b58fdb9c28b96398,2023-07-27T12:00:00+0200,2023-07-27T12:00:00+0200,media,unclassified,,,,,
195,PMR1-KB07PM,2482612,70ab89371475365c1523efc52a54e673,2023-07-28T12:00:00+0200,2023-07-28T12:00:00+0200,media,blank,,,,machine,2023-08-16T13:25:17+0000
196,PMR1-KB07PM,2482613,0d4bae65a18d9f7194a84920d5640770,2023-07-29T12:00:00+0200,2023-07-29T12:00:00+0200,media,unclassified,,,,,
197,PMR1-KB07PM,2482614,33aba6c1eef45e560e85a44afb28e6f7,2023-07-30T12:00:00+0200,2023-07-30T12:00:00+0200,media,blank,,,,machine,2023-08-16T13:31:15+0000
198,PMR1-KB07PM,2482615,174171625ebdf130ebe187422bef6e17,2023-07-31T12:00:00+0200,2023-07-31T12:00:00+0200,media,blank,,,,machine,2023-08-16T13:29:55+0000
199,PMR1-KB07PM,2482616,24ce5f7aed94f43eeca827b15f4f755b,2023-08-01T12:00:00+0200,2023-08-01T12:00:00+0200,media,unclassified,,,,,
200,PMR1-KB07PM,2482617,c1b5a7574218cfc130f76a657575f8bc,2023-08-02T12:00:00+0200,2023-08-02T12:00:00+0200,media,unclassified,,,,,
201,PMR1-KB07PM,2482629,cd9779a9ee2229019ad3bad8db1fa1e2,2023-08-03T06:46:44+0200,2023-08-03T06:46:44+0200,media,animal,,Turdus philomelos,1,human,2023-08-23T14:48:02+0000
202,PMR1-KB07PM,2482618,4aafc23989f06e0e4e51cd27dd96f335,2023-08-03T12:00:00+0200,2023-08-03T12:00:00+0200,media,unclassified,,,,,
203,PMR1-KB07PM,2482619,e04be4723642e33d65c1c31e5dbb8818,2023-08-04T12:00:00+0200,2023-08-04T12:00:00+0200,media,unclassified,,,,,
204,PMR1-KB07PM,2482620,03226f010f0139e384829067616e488f,2023-08-05T12:00:00+0200,2023-08-05T12:00:00+0200,media,unclassified,,,,,
205,PMR1-KB07PM,2482621,b4ca669057dae338f99f34dde4bd8079,2023-08-06T12:00:00+0200,2023-08-06T12:00:00+0200,media,unclassified,,,,,
206,PMR1-KB07PM,2482630,f98d4ac40e28e71645d8caa696ec4cdb,2023-08-06T19:39:50+0200,2023-08-06T19:39:50+0200,media,animal,,Alces alces,1,human,2023-08-21T09:53:49+0000
207,PMR1-KB07PM,2482631,f98d4ac40e28e71645d8caa696ec4cdb,2023-08-06T19:39:58+0200,2023-08-06T19:39:58+0200,media,animal,,Alces alces,1,human,2023-08-21T09:53:49+0000
208,PMR1-KB07PM,2482632,f98d4ac40e28e71645d8caa696ec4cdb,2023-08-06T19:40:06+0200,2023-08-06T19:40:06+0200,media,animal,,Alces alces,1,human,2023-08-21T09:53:49+0000
209,PMR1-KB07PM,2482622,bc1af18f40f31a8767aee936e8ced25b,2023-08-07T12:00:00+0200,2023-08-07T12:00:00+0200,media,blank,,,,machine,2023-08-16T13:36:58+0000
210,PMR1-KB08PM,2482655,503d15cc4fb53744deefb585b8c77634,2023-07-20T10:08:30+0200,2023-07-20T10:08:30+0200,media,blank,setup,,,human,2023-08-18T07:50:52+0000
211,PMR1-KB08PM,2482656,503d15cc4fb53744deefb585b8c77634,2023-07-20T10:09:28+0200,2023-07-20T10:09:28+0200,media,human,setup,Homo sapiens,1,human,2023-08-18T07:51:00+0000
212,PMR1-KB08PM,2482657,503d15cc4fb53744deefb585b8c77634,2023-07-20T10:09:46+0200,2023-07-20T10:09:46+0200,media,human,setup,Homo sapiens,1,human,2023-08-18T07:51:10+0000
213,PMR1-KB08PM,2482633,d35bd2b158fc9944ff3209cf5b5ad553,2023-07-20T12:00:00+0200,2023-07-20T12:00:00+0200,media,blank,,,,machine,2023-08-16T13:22:03+0000
214,PMR1-KB08PM,2482634,62b44226c37109139b86469f058d5dc4,2023-07-21T12:00:00+0200,2023-07-21T12:00:00+0200,media,blank,,,,machine,2023-08-16T13:22:03+0000
215,PMR1-KB08PM,2482635,df8d52d3d011a81e68fa847419f7318f,2023-07-22T12:00:00+0200,2023-07-22T12:00:00+0200,media,blank,,,,machine,2023-08-16T13:28:46+0000
216,PMR1-KB08PM,2482636,e53814cfafcae64e556578479e1536cb,2023-07-23T12:00:00+0200,2023-07-23T12:00:00+0200,media,blank,,,,machine,2023-08-16T13:28:46+0000
217,PMR1-KB08PM,2482637,25968123cfd6dc04235a60cb8e6883f5,2023-07-24T12:00:00+0200,2023-07-24T12:00:00+0200,media,blank,,,,machine,2023-08-16T13:27:35+0000
218,PMR1-KB08PM,2482638,06bbb9b3af4c3642298150f5f6f8702d,2023-07-25T12:00:00+0200,2023-07-25T12:00:00+0200,media,blank,,,,machine,2023-08-16T13:26:25+0000
219,PMR1-KB08PM,2482639,87363d4c6c84280edb8aa6c384455f2a,2023-07-26T12:00:00+0200,2023-07-26T12:00:00+0200,media,blank,,,,machine,2023-08-16T13:26:25+0000
220,PMR1-KB08PM,2482640,39e58b1fcef073a179277aae686229b2,2023-07-27T12:00:00+0200,2023-07-27T12:00:00+0200,media,blank,,,,machine,2023-08-16T13:25:17+0000
221,PMR1-KB08PM,2482641,699ba34999eec6b859c316f76eb613b5,2023-07-28T12:00:00+0200,2023-07-28T12:00:00+0200,media,blank,,,,machine,2023-08-16T13:25:17+0000
222,PMR1-KB08PM,2482642,028d7443535bd984a1912c436dbc7029,2023-07-29T12:00:00+0200,2023-07-29T12:00:00+0200,media,blank,,,,machine,2023-08-16T13:31:15+0000
223,PMR1-KB08PM,2482643,a0cccd7a16f4dbf6562d4c1a296385df,2023-07-30T12:00:00+0200,2023-07-30T12:00:00+0200,media,blank,,,,machine,2023-08-16T13:31:15+0000
224,PMR1-KB08PM,2482644,6287eb0637ad249a1de518720d2be8f1,2023-07-31T12:00:00+0200,2023-07-31T12:00:00+0200,media,blank,,,,machine,2023-08-16T13:29:55+0000
225,PMR1-KB08PM,2482645,5cf2772716a205265e42417640777e4e,2023-08-01T12:00:00+0200,2023-08-01T12:00:00+0200,media,blank,,,,machine,2023-08-16T13:29:55+0000
226,PMR1-KB08PM,2482646,ee7fb5b3a165d9c7b8d77f4f508b6d09,2023-08-02T12:00:00+0200,2023-08-02T12:00:00+0200,media,blank,,,,machine,2023-08-16T13:33:33+0000
227,PMR1-KB08PM,2482647,2bef94b4a5168c1519c20fa133ca2ecd,2023-08-03T12:00:00+0200,2023-08-03T12:00:00+0200,media,blank,,,,machine,2023-08-16T13:34:53+0000
228,PMR1-KB08PM,2482648,05e5e7a68c2455d65dd43cf44cbf18b8,2023-08-04T12:00:00+0200,2023-08-04T12:00:00+0200,media,blank,,,,machine,2023-08-16T13:34:53+0000
229,PMR1-KB08PM,2482649,47a832eb471b542be643730418cce91a,2023-08-05T12:00:00+0200,2023-08-05T12:00:00+0200,media,blank,,,,machine,2023-08-16T13:32:24+0000
230,PMR1-KB08PM,2482650,f98adecc913f2f34bf95a88ad1a258ab,2023-08-06T12:00:00+0200,2023-08-06T12:00:00+0200,media,unclassified,,,,,
231,PMR1-KB08PM,2482651,b1cbe2274d4402bee764742f4c15dbb0,2023-08-07T12:00:00+0200,2023-08-07T12:00:00+0200,media,blank,,,,machine,2023-08-16T13:36:58+0000
232,PMR1-KB08PM,2482652,cd25f256ffb1d429dae1dee50fac2502,2023-08-08T12:00:00+0200,2023-08-08T12:00:00+0200,media,blank,,,,machine,2023-08-16T13:36:58+0000
233,PMR1-KB08PM,2482653,82bf279f44c14a334fb3533cb7d01b36,2023-08-09T12:00:00+0200,2023-08-09T12:00:00+0200,media,blank,,,,machine,2023-08-16T13:35:26+0000
234,PMR1-KB08PM,2482654,28aaa6f9bff0c1e4cb4b1c1ac4060243,2023-08-10T12:00:00+0200,2023-08-10T12:00:00+0200,media,blank,,,,machine,2023-08-16T13:35:26+0000
235,PMR1-KB08PM,2482658,b2f0cd7b48458c91b69063c6d1c86626,2023-08-11T10:36:38+0200,2023-08-11T10:36:38+0200,media,human,setup,Homo sapiens,1,human,2023-08-21T11:32:42+0000
236,PMR1-KB09PM,2482680,4ea00f0fa34c7a85b972596bad701dbe,2023-07-19T11:09:58+0200,2023-07-19T11:09:58+0200,media,human,setup,Homo sapiens,1,human,2023-08-18T07:33:52+0000
237,PMR1-KB09PM,2482681,4ea00f0fa34c7a85b972596bad701dbe,2023-07-19T11:10:18+0200,2023-07-19T11:10:18+0200,media,human,setup,Homo sapiens,1,human,2023-08-18T07:34:01+0000
238,PMR1-KB09PM,2482682,4ea00f0fa34c7a85b972596bad701dbe,2023-07-19T11:11:10+0200,2023-07-19T11:11:10+0200,media,human,setup,Homo sapiens,1,human,2023-08-18T07:34:10+0000
239,PMR1-KB09PM,2482659,ff1ced6d9a244d5238d06d21063444f8,2023-07-19T12:00:00+0200,2023-07-19T12:00:00+0200,media,blank,,,,machine,2023-08-16T13:22:03+0000
240,PMR1-KB09PM,2482660,7bce7591376886cad03c3342b063d021,2023-07-20T12:00:00+0200,2023-07-20T12:00:00+0200,media,blank,,,,machine,2023-08-16T13:22:03+0000
241,PMR1-KB09PM,2482661,521d948c7806798483e041086d18f933,2023-07-21T12:00:00+0200,2023-07-21T12:00:00+0200,media,blank,,,,machine,2023-08-16T13:22:03+0000
242,PMR1-KB09PM,2482662,184a0d3510df80c00a54557bb5b41461,2023-07-22T12:00:00+0200,2023-07-22T12:00:00+0200,media,blank,,,,machine,2023-08-16T13:28:46+0000
243,PMR1-KB09PM,2482663,33ba3b5b05c3fcfec9c64d3afac7497c,2023-07-23T12:00:00+0200,2023-07-23T12:00:00+0200,media,blank,,,,machine,2023-08-16T13:27:35+0000
244,PMR1-KB09PM,2482664,f5cb300ff5fefa66748885f7929de357,2023-07-24T12:00:00+0200,2023-07-24T12:00:00+0200,media,blank,,,,machine,2023-08-16T13:27:35+0000
245,PMR1-KB09PM,2482665,273797d1f32acd9534a71662c3645099,2023-07-25T12:00:00+0200,2023-07-25T12:00:00+0200,media,blank,,,,machine,2023-08-16T13:26:25+0000
246,PMR1-KB09PM,2482666,c8764a42a353181806db9074199d6479,2023-07-26T12:00:00+0200,2023-07-26T12:00:00+0200,media,blank,,,,machine,2023-08-16T13:26:25+0000
247,PMR1-KB09PM,2482667,bfe7f06ab7f59a137b0e1c6538a19bce,2023-07-27T12:00:00+0200,2023-07-27T12:00:00+0200,media,blank,,,,machine,2023-08-16T13:25:17+0000
248,PMR1-KB09PM,2482668,eaf587fe3433ca5906397501e856afaf,2023-07-28T12:00:00+0200,2023-07-28T12:00:00+0200,media,blank,,,,machine,2023-08-16T13:25:17+0000
249,PMR1-KB09PM,2482669,3751e5103ead85883465709b73ba3b76,2023-07-29T12:00:00+0200,2023-07-29T12:00:00+0200,media,blank,,,,machine,2023-08-16T13:31:15+0000
250,PMR1-KB09PM,2482670,d9f74019c9d24ef42ce85340b85f954d,2023-07-30T12:00:00+0200,2023-07-30T12:00:00+0200,media,unclassified,,,,,
251,PMR1-KB09PM,2482671,f521ab2dffc559ebc7d416d031d2f65b,2023-07-31T12:00:00+0200,2023-07-31T12:00:00+0200,media,blank,,,,machine,2023-08-16T13:29:55+0000
252,PMR1-KB09PM,2482672,bf78c4b40e2298b34451262a8cf6189b,2023-08-01T12:00:00+0200,2023-08-01T12:00:00+0200,media,blank,,,,machine,2023-08-16T13:33:33+0000
253,PMR1-KB09PM,2482673,86b49edc9306eb8ea8e6d376c6f3c27b,2023-08-02T12:00:00+0200,2023-08-02T12:00:00+0200,media,blank,,,,machine,2023-08-16T13:33:33+0000
254,PMR1-KB09PM,2482674,a2dea1019e6e635380675b0917413d3e,2023-08-03T12:00:00+0200,2023-08-03T12:00:00+0200,media,unclassified,,,,,
255,PMR1-KB09PM,2482675,e78b8e3e5a4416372bd45dda5310d6b4,2023-08-04T12:00:00+0200,2023-08-04T12:00:00+0200,media,unclassified,,,,,
256,PMR1-KB09PM,2482676,d02cad57ceba27508fcfcae2ec8db4b4,2023-08-05T12:00:00+0200,2023-08-05T12:00:00+0200,media,unclassified,,,,,
257,PMR1-KB09PM,2482677,065de6f61dd542e3bda4340fbdb7e581,2023-08-06T12:00:00+0200,2023-08-06T12:00:00+0200,media,unclassified,,,,,
258,PMR1-KB09PM,2482678,976167575476a196c990e087961c286b,2023-08-07T12:00:00+0200,2023-08-07T12:00:00+0200,media,unclassified,,,,,
259,PMR1-KB09PM,2482679,4bd312c904543f759560b2eb4550aa00,2023-08-08T12:00:00+0200,2023-08-08T12:00:00+0200,media,unclassified,,,,,
260,PMR1-KB09PM,2482683,b31e62f6d4a231181ed045d0e2cd8ddd,2023-08-09T03:36:32+0200,2023-08-09T03:36:32+0200,media,animal,,Other,1,human,2023-08-23T14:55:42+0000
261,PMR1-KB10PM,2482705,9396062bf0b256bae4a85c915520e80d,2023-07-19T11:41:46+0200,2023-07-19T11:41:46+0200,media,human,setup,Homo sapiens,1,human,2023-08-18T07:34:19+0000
262,PMR1-KB10PM,2482706,9396062bf0b256bae4a85c915520e80d,2023-07-19T11:42:28+0200,2023-07-19T11:42:28+0200,media,human,setup,Homo sapiens,1,human,2023-08-18T07:34:26+0000
263,PMR1-KB10PM,2482684,43ea1cb5435a8be9896267d279092b9c,2023-07-19T12:00:00+0200,2023-07-19T12:00:00+0200,media,unclassified,,,,,
264,PMR1-KB10PM,2482685,49629b05c27aaeeddb77bf9d16c44cea,2023-07-20T12:00:00+0200,2023-07-20T12:00:00+0200,media,blank,,,,machine,2023-08-16T13:22:03+0000
265,PMR1-KB10PM,2482686,7bb1144fe1804a323e05af6f1d2afd79,2023-07-21T12:00:00+0200,2023-07-21T12:00:00+0200,media,blank,,,,machine,2023-08-16T13:22:03+0000
266,PMR1-KB10PM,2482687,d847dc32761e6d38839c368ffe899ef8,2023-07-22T12:00:00+0200,2023-07-22T12:00:00+0200,media,unclassified,,,,,
267,PMR1-KB10PM,2482688,56535d8ee2bbaa0934b929b83e5e9d6a,2023-07-23T12:00:00+0200,2023-07-23T12:00:00+0200,media,unclassified,,,,,
268,PMR1-KB10PM,2482689,c758712fe35ecaa988813f6496327fd1,2023-07-24T12:00:00+0200,2023-07-24T12:00:00+0200,media,unclassified,,,,,
269,PMR1-KB10PM,2482690,a0d6b614d88d407f766926a9ba211c87,2023-07-25T12:00:00+0200,2023-07-25T12:00:00+0200,media,blank,,,,machine,2023-08-16T13:26:25+0000
270,PMR1-KB10PM,2482691,a559d7e6e73f65a23e1f8a1b8c759e6b,2023-07-26T12:00:00+0200,2023-07-26T12:00:00+0200,media,unclassified,,,,,
271,PMR1-KB10PM,2482692,521380274b8227dd7bb66ec6fefec03c,2023-07-27T12:00:00+0200,2023-07-27T12:00:00+0200,media,blank,,,,machine,2023-08-16T13:25:17+0000
272,PMR1-KB10PM,2482693,6496c17be4670ac0b33627b4c659df01,2023-07-28T12:00:00+0200,2023-07-28T12:00:00+0200,media,blank,,,,machine,2023-08-16T13:25:17+0000
273,PMR1-KB10PM,2482694,0780a4478e16173bcfad6e6a6edd3f5b,2023-07-29T12:00:00+0200,2023-07-29T12:00:00+0200,media,blank,,,,machine,2023-08-16T13:31:15+0000
274,PMR1-KB10PM,2482695,cf8800234626308c33e765ee1da37daa,2023-07-30T12:00:00+0200,2023-07-30T12:00:00+0200,media,unclassified,,,,,
275,PMR1-KB10PM,2482696,3bbdb5f3e88d2f6cdc4b36987fc7c462,2023-07-31T12:00:00+0200,2023-07-31T12:00:00+0200,media,unclassified,,,,,
276,PMR1-KB10PM,2482697,fabc62988b1257076fb01445fefcf372,2023-08-01T12:00:00+0200,2023-08-01T12:00:00+0200,media,blank,,,,machine,2023-08-16T13:29:55+0000
277,PMR1-KB10PM,2482698,872e2e639c2b8a8024adbc18d7efb81d,2023-08-02T12:00:00+0200,2023-08-02T12:00:00+0200,media,unclassified,,,,,
278,PMR1-KB10PM,2482699,ecbcdec579eaa76aa96064b67384284a,2023-08-03T12:00:00+0200,2023-08-03T12:00:00+0200,media,unclassified,,,,,
279,PMR1-KB10PM,2482700,812c02c3c95294dac4cf00d726029f20,2023-08-04T12:00:00+0200,2023-08-04T12:00:00+0200,media,unclassified,,,,,
280,PMR1-KB10PM,2482701,36eefb96745de96e37cda7106fc4b465,2023-08-05T12:00:00+0200,2023-08-05T12:00:00+0200,media,unclassified,,,,,
281,PMR1-KB10PM,2482702,09088c81c40e5a1b360e65efdb3302ea,2023-08-06T12:00:00+0200,2023-08-06T12:00:00+0200,media,unclassified,,,,,
282,PMR1-KB10PM,2482703,b7cc457c82123a9eca58656aa49a7964,2023-08-07T12:00:00+0200,2023-08-07T12:00:00+0200,media,unclassified,,,,,
283,PMR1-KB10PM,2482704,e9982a7223fb3978c94c07f6fc949529,2023-08-08T12:00:00+0200,2023-08-08T12:00:00+0200,media,unclassified,,,,,
284,PMR1-KB11PM,2482726,76f534db223a5bdc1deec7b0db2c91a5,2023-07-19T12:16:24+0200,2023-07-19T12:16:24+0200,media,human,setup,Homo sapiens,1,human,2023-08-18T07:36:22+0000
285,PMR1-KB11PM,2482727,76f534db223a5bdc1deec7b0db2c91a5,2023-07-19T12:16:32+0200,2023-07-19T12:16:32+0200,media,human,setup,Homo sapiens,1,human,2023-08-18T07:36:32+0000
286,PMR1-KB11PM,2482707,cb4749e7c0f167bc3163abc1bd0b17ac,2023-07-20T12:00:00+0200,2023-07-20T12:00:00+0200,media,blank,,,,machine,2023-08-16T13:22:03+0000
287,PMR1-KB11PM,2482708,4c61323e1cda8ee4f370c9d65f384af7,2023-07-21T12:00:00+0200,2023-07-21T12:00:00+0200,media,blank,,,,machine,2023-08-16T13:28:46+0000
288,PMR1-KB11PM,2482709,6b4ff1339e95d560fdcc5e876fec75c6,2023-07-22T12:00:00+0200,2023-07-22T12:00:00+0200,media,blank,,,,machine,2023-08-16T13:28:46+0000
289,PMR1-KB11PM,2482710,babc37743080293a7f20d42abb006bd4,2023-07-23T12:00:00+0200,2023-07-23T12:00:00+0200,media,blank,,,,machine,2023-08-16T13:28:46+0000
290,PMR1-KB11PM,2482711,60e8e09bd652471427b08e9338a96543,2023-07-24T12:00:00+0200,2023-07-24T12:00:00+0200,media,unclassified,,,,,
291,PMR1-KB11PM,2482728,881047469cfd1ab3981c54beed345e18,2023-07-25T01:39:00+0200,2023-07-25T01:39:00+0200,media,animal,,Meles meles,1,human,2023-08-22T08:23:50+0000
292,PMR1-KB11PM,2482729,881047469cfd1ab3981c54beed345e18,2023-07-25T01:39:08+0200,2023-07-25T01:39:08+0200,media,animal,,Meles meles,1,human,2023-08-22T08:24:01+0000
293,PMR1-KB11PM,2482730,881047469cfd1ab3981c54beed345e18,2023-07-25T01:39:16+0200,2023-07-25T01:39:16+0200,media,animal,,Meles meles,1,human,2023-08-22T08:33:05+0000
294,PMR1-KB11PM,2482712,602167989f6e2d797771326fab247393,2023-07-25T12:00:00+0200,2023-07-25T12:00:00+0200,media,blank,,,,machine,2023-08-16T13:26:25+0000
295,PMR1-KB11PM,2482713,02e8882bfc346c124bd7116009387ea5,2023-07-26T12:00:00+0200,2023-07-26T12:00:00+0200,media,blank,,,,machine,2023-08-16T13:26:25+0000
296,PMR1-KB11PM,2482714,105cf023c86c9fd6cbe70c3e14b893b1,2023-07-27T12:00:00+0200,2023-07-27T12:00:00+0200,media,unclassified,,,,,
297,PMR1-KB11PM,2482715,f4c08e7b634136faab646ac3c5ae4bc1,2023-07-28T12:00:00+0200,2023-07-28T12:00:00+0200,media,unclassified,,,,,
298,PMR1-KB11PM,2482716,8ead24f81a7430f07fa63344cdbc900d,2023-07-29T12:00:00+0200,2023-07-29T12:00:00+0200,media,unclassified,,,,,
299,PMR1-KB11PM,2482731,47c39e4eebaf0097121f6d69f15440d6,2023-07-30T01:14:42+0200,2023-07-30T01:14:42+0200,media,animal,,Meles meles,1,human,2023-08-21T08:49:22+0000
300,PMR1-KB11PM,2482732,47c39e4eebaf0097121f6d69f15440d6,2023-07-30T01:14:48+0200,2023-07-30T01:14:48+0200,media,animal,,Meles meles,1,human,2023-08-21T08:50:25+0000
301,PMR1-KB11PM,2482717,f92506c7f54694d3846a6876e538163b,2023-07-30T12:00:00+0200,2023-07-30T12:00:00+0200,media,unclassified,,,,,
302,PMR1-KB11PM,2482718,1e1c695e90e00a4fc6a09131b9101bab,2023-07-31T12:00:00+0200,2023-07-31T12:00:00+0200,media,blank,,,,machine,2023-08-16T13:29:55+0000
303,PMR1-KB11PM,2482719,9313a03b4178cfc90981edf12c0b5506,2023-08-01T12:00:00+0200,2023-08-01T12:00:00+0200,media,unclassified,,,,,
304,PMR1-KB11PM,2482720,d310ed02249d2d244792703ce527a844,2023-08-02T12:00:00+0200,2023-08-02T12:00:00+0200,media,blank,,,,machine,2023-08-16T13:33:33+0000
305,PMR1-KB11PM,2482721,3d5a295bed86163c442be747dc6bc7f6,2023-08-03T12:00:00+0200,2023-08-03T12:00:00+0200,media,blank,,,,machine,2023-08-16T13:33:33+0000
306,PMR1-KB11PM,2482722,db8574dfb9da7a22332909fc23bb9a9c,2023-08-04T12:00:00+0200,2023-08-04T12:00:00+0200,media,blank,,,,machine,2023-08-16T13:34:53+0000
307,PMR1-KB11PM,2482723,b4843a04577da67081a76255942715eb,2023-08-05T12:00:00+0200,2023-08-05T12:00:00+0200,media,blank,,,,machine,2023-08-16T13:32:24+0000
308,PMR1-KB11PM,2482724,f2f44b1cce4393bd2c73fbe64831ebe4,2023-08-06T12:00:00+0200,2023-08-06T12:00:00+0200,media,unclassified,,,,,
309,PMR1-KB11PM,2482725,f4d579bb5e868b8e6dcd2db1a11040bf,2023-08-07T12:00:00+0200,2023-08-07T12:00:00+0200,media,blank,,,,machine,2023-08-16T13:36:58+0000
310,PMR1-KB12PM,2482753,6a810d4ca1c82ec91d7ac73ad193041f,2023-07-18T14:10:32+0200,2023-07-18T14:10:32+0200,media,human,setup,Homo sapiens,1,human,2023-08-18T07:29:05+0000
311,PMR1-KB12PM,2482754,6a810d4ca1c82ec91d7ac73ad193041f,2023-07-18T14:11:42+0200,2023-07-18T14:11:42+0200,media,human,setup,Homo sapiens,1,human,2023-08-18T07:29:16+0000
312,PMR1-KB12PM,2482755,6a810d4ca1c82ec91d7ac73ad193041f,2023-07-18T14:11:50+0200,2023-07-18T14:11:50+0200,media,blank,setup,,,human,2023-08-22T07:50:49+0000
313,PMR1-KB12PM,2482733,b9be237631a04271ed715c2023965053,2023-07-19T12:00:00+0200,2023-07-19T12:00:00+0200,media,unclassified,,,,,
314,PMR1-KB12PM,2482734,13ed680d5bfdb45bf9f835a749bd4e45,2023-07-20T12:00:00+0200,2023-07-20T12:00:00+0200,media,unclassified,,,,,
315,PMR1-KB12PM,2482735,a44479b00e43de9d3a38460018ead942,2023-07-21T12:00:00+0200,2023-07-21T12:00:00+0200,media,unclassified,,,,,
316,PMR1-KB12PM,2482736,ddbfef2627c8c70872423d7577296f57,2023-07-22T12:00:00+0200,2023-07-22T12:00:00+0200,media,unclassified,,,,,
317,PMR1-KB12PM,2482737,dd855f8deb3ec40e48cdcb49b94a32b3,2023-07-23T12:00:00+0200,2023-07-23T12:00:00+0200,media,unclassified,,,,,
318,PMR1-KB12PM,2482738,f8701525bd4146791907e585a494d9cc,2023-07-24T12:00:00+0200,2023-07-24T12:00:00+0200,media,unclassified,,,,,
319,PMR1-KB12PM,2482739,5173984822f81086474a0401bb158a0b,2023-07-25T12:00:00+0200,2023-07-25T12:00:00+0200,media,unclassified,,,,,
320,PMR1-KB12PM,2482740,4cd6297032719e456272f2401c1a6b2a,2023-07-26T12:00:00+0200,2023-07-26T12:00:00+0200,media,unclassified,,,,,
321,PMR1-KB12PM,2482741,2e9f0bdc121c2ef3a1af268ed1d0663d,2023-07-27T12:00:00+0200,2023-07-27T12:00:00+0200,media,unclassified,,,,,
322,PMR1-KB12PM,2482756,d160941de3563c1c4df326356f600e4e,2023-07-28T01:18:34+0200,2023-07-28T01:18:34+0200,media,animal,,Martes martes,1,human,2023-08-21T07:45:51+0000
323,PMR1-KB12PM,2482757,d160941de3563c1c4df326356f600e4e,2023-07-28T01:18:44+0200,2023-07-28T01:18:44+0200,media,animal,,Martes martes,1,human,2023-08-21T07:45:51+0000
324,PMR1-KB12PM,2482758,d160941de3563c1c4df326356f600e4e,2023-07-28T01:18:58+0200,2023-07-28T01:18:58+0200,media,animal,,Martes martes,1,human,2023-08-21T07:45:51+0000
325,PMR1-KB12PM,2482759,d160941de3563c1c4df326356f600e4e,2023-07-28T01:19:10+0200,2023-07-28T01:19:10+0200,media,animal,,Martes martes,1,human,2023-08-21T07:45:51+0000
326,PMR1-KB12PM,2482742,008ed25a9b23d982720a0650e9aa0249,2023-07-28T12:00:00+0200,2023-07-28T12:00:00+0200,media,unclassified,,,,,
327,PMR1-KB12PM,2482743,d8ee9d9fa9f3601b54ffb965be850aaf,2023-07-29T12:00:00+0200,2023-07-29T12:00:00+0200,media,unclassified,,,,,
328,PMR1-KB12PM,2482744,f436d5d42c0343dba296be5b6cb00440,2023-07-30T12:00:00+0200,2023-07-30T12:00:00+0200,media,blank,,,,machine,2023-08-16T13:31:15+0000
329,PMR1-KB12PM,2482760,385a48f8c5f74156645da1bb110e031c,2023-07-31T04:01:58+0200,2023-07-31T04:01:58+0200,media,animal,,Martes martes,1,human,2023-08-21T09:02:54+0000
330,PMR1-KB12PM,2482761,385a48f8c5f74156645da1bb110e031c,2023-07-31T04:02:16+0200,2023-07-31T04:02:16+0200,media,animal,,Martes martes,1,human,2023-08-21T09:02:54+0000
331,PMR1-KB12PM,2482762,385a48f8c5f74156645da1bb110e031c,2023-07-31T04:02:26+0200,2023-07-31T04:02:26+0200,media,animal,,Martes martes,1,human,2023-08-21T09:02:54+0000
332,PMR1-KB12PM,2482763,385a48f8c5f74156645da1bb110e031c,2023-07-31T04:02:40+0200,2023-07-31T04:02:40+0200,media,animal,,Martes martes,1,human,2023-08-21T09:02:54+0000
333,PMR1-KB12PM,2482764,385a48f8c5f74156645da1bb110e031c,2023-07-31T04:02:54+0200,2023-07-31T04:02:54+0200,media,animal,,Martes martes,1,human,2023-08-21T09:02:54+0000
334,PMR1-KB12PM,2482765,385a48f8c5f74156645da1bb110e031c,2023-07-31T04:03:00+0200,2023-07-31T04:03:00+0200,media,animal,,Martes martes,1,human,2023-08-21T09:02:54+0000
335,PMR1-KB12PM,2482766,385a48f8c5f74156645da1bb110e031c,2023-07-31T04:03:12+0200,2023-07-31T04:03:12+0200,media,animal,,Martes martes,1,human,2023-08-21T09:02:54+0000
336,PMR1-KB12PM,2482767,385a48f8c5f74156645da1bb110e031c,2023-07-31T04:03:22+0200,2023-07-31T04:03:22+0200,media,animal,,Martes martes,1,human,2023-08-21T09:02:54+0000
337,PMR1-KB12PM,2482768,385a48f8c5f74156645da1bb110e031c,2023-07-31T04:03:46+0200,2023-07-31T04:03:46+0200,media,animal,,Martes martes,1,human,2023-08-21T09:02:54+0000
338,PMR1-KB12PM,2482769,385a48f8c5f74156645da1bb110e031c,2023-07-31T04:04:24+0200,2023-07-31T04:04:24+0200,media,animal,,Martes martes,1,human,2023-08-21T09:02:54+0000
339,PMR1-KB12PM,2482770,385a48f8c5f74156645da1bb110e031c,2023-07-31T04:05:14+0200,2023-07-31T04:05:14+0200,media,animal,,Martes martes,1,human,2023-08-21T09:02:54+0000
340,PMR1-KB12PM,2482745,0bdc0b70ad2ea9ee0002782dfc4f1440,2023-07-31T12:00:00+0200,2023-07-31T12:00:00+0200,media,unclassified,,,,,
341,PMR1-KB12PM,2482771,817e12d41ad0c2aad90f3cff13435740,2023-08-01T03:53:00+0200,2023-08-01T03:53:00+0200,media,animal,,Martes martes,1,human,2023-08-21T09:10:20+0000
342,PMR1-KB12PM,2482746,423ce86d80b217ab226ef8a481458652,2023-08-01T12:00:00+0200,2023-08-01T12:00:00+0200,media,unclassified,,,,,
343,PMR1-KB12PM,2482747,a09b880f3c13e027582e1ecf81b5f412,2023-08-02T12:00:00+0200,2023-08-02T12:00:00+0200,media,unclassified,,,,,
344,PMR1-KB12PM,2482748,49801d691a378c8462ea9d8c5d9186fc,2023-08-03T12:00:00+0200,2023-08-03T12:00:00+0200,media,unclassified,,,,,
345,PMR1-KB12PM,2482749,bfcd25d29b57c115fe3fe86bd0bc8823,2023-08-04T12:00:00+0200,2023-08-04T12:00:00+0200,media,unclassified,,,,,
346,PMR1-KB12PM,2482750,ad9cb3a87977dcf0e91386e8b048db53,2023-08-05T12:00:00+0200,2023-08-05T12:00:00+0200,media,unclassified,,,,,
347,PMR1-KB12PM,2482772,7400e5c7d824d6732ab15e5a7e712a65,2023-08-05T22:17:58+0200,2023-08-05T22:17:58+0200,media,animal,,Martes martes,1,human,2023-08-21T09:44:34+0000
348,PMR1-KB12PM,2482773,7400e5c7d824d6732ab15e5a7e712a65,2023-08-05T22:18:12+0200,2023-08-05T22:18:12+0200,media,animal,,Martes martes,1,human,2023-08-21T09:44:34+0000
349,PMR1-KB12PM,2482774,7400e5c7d824d6732ab15e5a7e712a65,2023-08-05T22:18:20+0200,2023-08-05T22:18:20+0200,media,animal,,Martes martes,1,human,2023-08-21T09:44:34+0000
350,PMR1-KB12PM,2482775,7400e5c7d824d6732ab15e5a7e712a65,2023-08-05T22:18:30+0200,2023-08-05T22:18:30+0200,media,animal,,Martes martes,1,human,2023-08-21T09:44:34+0000
351,PMR1-KB12PM,2482751,9a78d5f8558fb683b4f8be6d62e92daf,2023-08-06T12:00:00+0200,2023-08-06T12:00:00+0200,media,unclassified,,,,,
352,PMR1-KB12PM,2482776,d47125ff3cce7ad354ba5d0c98830e8f,2023-08-07T05:18:44+0200,2023-08-07T05:18:44+0200,media,animal,,Martes martes,1,human,2023-08-21T10:09:05+0000
353,PMR1-KB12PM,2482777,d47125ff3cce7ad354ba5d0c98830e8f,2023-08-07T05:18:52+0200,2023-08-07T05:18:52+0200,media,animal,,Martes martes,1,human,2023-08-21T10:09:05+0000
354,PMR1-KB12PM,2482778,603ad5dc0e31290a099ff370c87cde36,2023-08-07T10:18:04+0200,2023-08-07T10:18:04+0200,media,animal,,Turdus philomelos,1,human,2023-08-23T14:54:43+0000
355,PMR1-KB12PM,2482752,8a87dbf2201e41ef39c6956845e21780,2023-08-07T12:00:00+0200,2023-08-07T12:00:00+0200,media,unclassified,,,,,
356,PMR1-KB13PM,2482802,fde6ccd308779c04a7678557261dd9f2,2023-07-20T10:42:58+0200,2023-07-20T10:42:58+0200,media,human,setup,Homo sapiens,1,human,2023-08-18T07:51:20+0000
357,PMR1-KB13PM,2482779,a457f626f41521799762930b0d8c6dad,2023-07-20T12:00:00+0200,2023-07-20T12:00:00+0200,media,blank,,,,machine,2023-08-16T13:22:03+0000
358,PMR1-KB13PM,2482780,b0db80ed8cd066d32cf819e6cbab962b,2023-07-21T12:00:00+0200,2023-07-21T12:00:00+0200,media,blank,,,,machine,2023-08-16T13:28:46+0000
359,PMR1-KB13PM,2482781,1fe77116b2f6fbdb9744458bfab4aa5a,2023-07-22T12:00:00+0200,2023-07-22T12:00:00+0200,media,blank,,,,machine,2023-08-16T13:28:46+0000
360,PMR1-KB13PM,2482782,4f13bdff10af135f99ffd89c0f96c921,2023-07-23T12:00:00+0200,2023-07-23T12:00:00+0200,media,blank,,,,machine,2023-08-16T13:27:35+0000
361,PMR1-KB13PM,2482803,6753b6f8c6c1fb227843012a1b5af6e1,2023-07-23T15:23:52+0200,2023-07-23T15:23:52+0200,media,animal,,Dendrocopos major,1,human,2023-08-23T14:38:09+0000
362,PMR1-KB13PM,2482783,7c219b8f709c4f0bc0b2baf73c606cac,2023-07-24T12:00:00+0200,2023-07-24T12:00:00+0200,media,blank,,,,machine,2023-08-16T13:27:35+0000
363,PMR1-KB13PM,2482784,b6a856303759fddbb2548baa528b7c84,2023-07-25T12:00:00+0200,2023-07-25T12:00:00+0200,media,blank,,,,machine,2023-08-16T13:26:25+0000
364,PMR1-KB13PM,2482785,0bcb02a19b6c6fd4037ad2a097c94314,2023-07-26T12:00:00+0200,2023-07-26T12:00:00+0200,media,blank,,,,machine,2023-08-16T13:26:25+0000
365,PMR1-KB13PM,2482804,761079cb52ff4cd3a57592f11cf12a15,2023-07-26T19:09:02+0200,2023-07-26T19:09:02+0200,media,animal,,Dendrocopos major,1,human,2023-08-18T10:21:10+0000
366,PMR1-KB13PM,2482786,9a53116979bbe6afea8922d922bd05f8,2023-07-27T12:00:00+0200,2023-07-27T12:00:00+0200,media,blank,,,,machine,2023-08-16T13:25:17+0000
367,PMR1-KB13PM,2482787,fe3c2a16c1ed8603f393320b1c299d78,2023-07-28T12:00:00+0200,2023-07-28T12:00:00+0200,media,blank,,,,machine,2023-08-16T13:25:17+0000
368,PMR1-KB13PM,2482788,5d77d95ff89c01c52588728d2f96e911,2023-07-29T12:00:00+0200,2023-07-29T12:00:00+0200,media,blank,,,,machine,2023-08-16T13:31:15+0000
369,PMR1-KB13PM,2482789,b4439d63d1c29c92e6f7cb42fd32c5b5,2023-07-30T12:00:00+0200,2023-07-30T12:00:00+0200,media,blank,,,,machine,2023-08-16T13:31:15+0000
370,PMR1-KB13PM,2482790,c973d700390bc57eefea38ae6219c43c,2023-07-31T12:00:00+0200,2023-07-31T12:00:00+0200,media,blank,,,,machine,2023-08-16T13:29:55+0000
371,PMR1-KB13PM,2482791,15d9971397da0a32813f54a4a8799bae,2023-08-01T12:00:00+0200,2023-08-01T12:00:00+0200,media,blank,,,,machine,2023-08-16T13:33:33+0000
372,PMR1-KB13PM,2482792,9562a167f3dd4bb95624bcd443e05e31,2023-08-02T12:00:00+0200,2023-08-02T12:00:00+0200,media,blank,,,,machine,2023-08-16T13:33:33+0000
373,PMR1-KB13PM,2482793,839d42b20bbb03f1bb881d69f356eb71,2023-08-03T12:00:00+0200,2023-08-03T12:00:00+0200,media,blank,,,,machine,2023-08-16T13:33:33+0000
374,PMR1-KB13PM,2482794,05e74298ca695263369d4bbf8572e102,2023-08-04T12:00:00+0200,2023-08-04T12:00:00+0200,media,blank,,,,machine,2023-08-16T13:34:53+0000
375,PMR1-KB13PM,2482795,ce7f1d4be261cd7f9412a9984d4d4d25,2023-08-05T12:00:00+0200,2023-08-05T12:00:00+0200,media,blank,,,,machine,2023-08-16T13:32:24+0000
376,PMR1-KB13PM,2482796,36f87b7456ff3d4e9d96fa61b73259cb,2023-08-06T12:00:00+0200,2023-08-06T12:00:00+0200,media,blank,,,,machine,2023-08-16T13:32:24+0000
377,PMR1-KB13PM,2482797,690aef991bac5d2bf68488a6e6edfd88,2023-08-07T12:00:00+0200,2023-08-07T12:00:00+0200,media,blank,,,,machine,2023-08-16T13:36:58+0000
378,PMR1-KB13PM,2482798,c3933bd5234d748606ce8a45521fd3d2,2023-08-08T12:00:00+0200,2023-08-08T12:00:00+0200,media,blank,,,,machine,2023-08-16T13:36:58+0000
379,PMR1-KB13PM,2482799,53adfdf51110acb0aad6ba95d04ab581,2023-08-09T12:00:00+0200,2023-08-09T12:00:00+0200,media,unclassified,,,,,
380,PMR1-KB13PM,2482800,14564eeb79dab7848d33a73cde695bf5,2023-08-10T12:00:00+0200,2023-08-10T12:00:00+0200,media,blank,,,,machine,2023-08-16T13:35:26+0000
381,PMR1-KB13PM,2482801,243328566ebcd3aef21bd5e8e6b30090,2023-08-11T12:00:00+0200,2023-08-11T12:00:00+0200,media,blank,,,,machine,2023-08-16T13:35:26+0000
382,PMR1-KB13PM,2482805,4649aa2ee9c354dda1d2ff1ae1660ef9,2023-08-11T12:12:58+0200,2023-08-11T12:12:58+0200,media,human,setup,Homo sapiens,1,human,2023-08-21T11:33:39+0000
383,PMR1-KB13PM,2482806,4649aa2ee9c354dda1d2ff1ae1660ef9,2023-08-11T12:13:04+0200,2023-08-11T12:13:04+0200,media,human,setup,Homo sapiens,1,human,2023-08-21T11:33:39+0000
384,PMR1-KB14PM,2482830,8178e2ee07e8196e8f6df6881801fc5f,2023-07-20T11:24:26+0200,2023-07-20T11:24:26+0200,media,blank,setup,,,human,2023-08-18T07:51:56+0000
385,PMR1-KB14PM,2482831,8178e2ee07e8196e8f6df6881801fc5f,2023-07-20T11:24:56+0200,2023-07-20T11:24:56+0200,media,blank,setup,,,human,2023-08-18T07:52:05+0000
386,PMR1-KB14PM,2482832,8178e2ee07e8196e8f6df6881801fc5f,2023-07-20T11:25:22+0200,2023-07-20T11:25:22+0200,media,human,setup,Homo sapiens,1,human,2023-08-18T07:52:15+0000
387,PMR1-KB14PM,2482807,834d99e9e3cbf757eb445926f3c931df,2023-07-20T12:00:00+0200,2023-07-20T12:00:00+0200,media,blank,,,,machine,2023-08-16T13:22:03+0000
388,PMR1-KB14PM,2482808,34fbbc7d80c7c9613b003ebc86952424,2023-07-21T12:00:00+0200,2023-07-21T12:00:00+0200,media,blank,,,,machine,2023-08-16T13:22:03+0000
389,PMR1-KB14PM,2482809,dcd417d5cd0f540a6421218960884bb9,2023-07-22T12:00:00+0200,2023-07-22T12:00:00+0200,media,unclassified,,,,,
390,PMR1-KB14PM,2482810,9efb01fa96ec1d5cbb63c4a97d317f4b,2023-07-23T12:00:00+0200,2023-07-23T12:00:00+0200,media,blank,,,,machine,2023-08-16T13:27:35+0000
391,PMR1-KB14PM,2482811,f06bd4f59d6bfb0a209fedd5108e9536,2023-07-24T12:00:00+0200,2023-07-24T12:00:00+0200,media,blank,,,,machine,2023-08-16T13:27:35+0000
392,PMR1-KB14PM,2482812,84a9c38ddd078ff3da1b2355797e088a,2023-07-25T12:00:00+0200,2023-07-25T12:00:00+0200,media,blank,,,,machine,2023-08-16T13:26:25+0000
393,PMR1-KB14PM,2482813,0088642efd3ef5306fe5e551f1d8cf90,2023-07-26T12:00:00+0200,2023-07-26T12:00:00+0200,media,blank,,,,machine,2023-08-16T13:26:25+0000
394,PMR1-KB14PM,2482814,1996b0dd66c90c1cb199c167e4196727,2023-07-27T12:00:00+0200,2023-07-27T12:00:00+0200,media,blank,,,,machine,2023-08-16T13:25:17+0000
395,PMR1-KB14PM,2482815,2431707416e7596e8d138464495c8ea4,2023-07-28T12:00:00+0200,2023-07-28T12:00:00+0200,media,blank,,,,machine,2023-08-16T13:25:17+0000
396,PMR1-KB14PM,2482816,42ef6af8fc13a3867163866cc5821422,2023-07-29T12:00:00+0200,2023-07-29T12:00:00+0200,media,blank,,,,machine,2023-08-16T13:31:15+0000
397,PMR1-KB14PM,2482817,ecb18bdd511522c698e80c5030d98377,2023-07-30T12:00:00+0200,2023-07-30T12:00:00+0200,media,unclassified,,,,,
398,PMR1-KB14PM,2482818,156a662bfcc92fd755db215ae5a99958,2023-07-31T12:00:00+0200,2023-07-31T12:00:00+0200,media,blank,,,,machine,2023-08-16T13:29:55+0000
399,PMR1-KB14PM,2482819,984b5ab52ec84fe4eaf9ff5608d94617,2023-08-01T12:00:00+0200,2023-08-01T12:00:00+0200,media,blank,,,,machine,2023-08-16T13:33:33+0000
400,PMR1-KB14PM,2482820,75df0375b0bee232cbe349b898fb225d,2023-08-02T12:00:00+0200,2023-08-02T12:00:00+0200,media,blank,,,,machine,2023-08-16T13:33:33+0000
401,PMR1-KB14PM,2482821,7afa48eaa640ec0b1531c4c6a4ed3ee7,2023-08-03T12:00:00+0200,2023-08-03T12:00:00+0200,media,blank,,,,machine,2023-08-16T13:34:53+0000
402,PMR1-KB14PM,2482822,6cc3b4ba64ebd9632b76bf8c57c5577f,2023-08-04T12:00:00+0200,2023-08-04T12:00:00+0200,media,blank,,,,machine,2023-08-16T13:34:53+0000
403,PMR1-KB14PM,2482823,2b344c45fe3294fa6807c2361f5c7208,2023-08-05T12:00:00+0200,2023-08-05T12:00:00+0200,media,unclassified,,,,,
404,PMR1-KB14PM,2482824,0c03d8e6dd1296e10e8e761552b7fa61,2023-08-06T12:00:00+0200,2023-08-06T12:00:00+0200,media,unclassified,,,,,
405,PMR1-KB14PM,2482825,7d01c338dd4eb73d0279349b3659c366,2023-08-07T12:00:00+0200,2023-08-07T12:00:00+0200,media,unclassified,,,,,
406,PMR1-KB14PM,2482826,77121071e8954ba043d41394a21462ff,2023-08-08T12:00:00+0200,2023-08-08T12:00:00+0200,media,blank,,,,machine,2023-08-16T13:36:58+0000
407,PMR1-KB14PM,2482827,7de24b8ec4889e78a32362c739881f58,2023-08-09T12:00:00+0200,2023-08-09T12:00:00+0200,media,unclassified,,,,,
408,PMR1-KB14PM,2482828,ae4b0d741fa1df0c03eac2652b4ef7bb,2023-08-10T12:00:00+0200,2023-08-10T12:00:00+0200,media,blank,,,,machine,2023-08-16T13:35:26+0000
409,PMR1-KB14PM,2482829,fa11252f696e38c06ecb1b904aa5b702,2023-08-11T12:00:00+0200,2023-08-11T12:00:00+0200,media,blank,,,,machine,2023-08-16T13:35:26+0000
410,PMR1-KB14PM,2482833,eb886f73c275de50444a78c80a086b6c,2023-08-11T14:59:38+0200,2023-08-11T14:59:38+0200,media,human,setup,Homo sapiens,1,human,2023-08-21T11:34:23+0000
411,PMR1-KB15PM,2482855,d8477170d3344bf5cfcbe6fe0470f45e,2023-07-19T13:12:44+0200,2023-07-19T13:12:44+0200,media,human,setup,Homo sapiens,1,human,2023-08-18T07:36:42+0000
412,PMR1-KB15PM,2482834,e9690440ee9f8ca821d61ddf44c637e2,2023-07-20T12:00:00+0200,2023-07-20T12:00:00+0200,media,blank,,,,machine,2023-08-16T13:22:03+0000
413,PMR1-KB15PM,2482835,db8b210e38028ba43ad4e3e88210eeb2,2023-07-21T12:00:00+0200,2023-07-21T12:00:00+0200,media,blank,,,,machine,2023-08-16T13:22:03+0000
414,PMR1-KB15PM,2482836,b9e4bb34ef87650aeb94e39e4a089998,2023-07-22T12:00:00+0200,2023-07-22T12:00:00+0200,media,blank,,,,machine,2023-08-16T13:28:46+0000
415,PMR1-KB15PM,2482837,4ad7083d9aaf2f93e5e4eb372a4f8954,2023-07-23T12:00:00+0200,2023-07-23T12:00:00+0200,media,blank,,,,machine,2023-08-16T13:28:46+0000
416,PMR1-KB15PM,2482838,9b9c4f770b4585a340e71bc3b5d28d70,2023-07-24T12:00:00+0200,2023-07-24T12:00:00+0200,media,blank,,,,machine,2023-08-16T13:27:35+0000
417,PMR1-KB15PM,2482839,22eb5ebc1cd5ec0960a9bf958910eb04,2023-07-25T12:00:00+0200,2023-07-25T12:00:00+0200,media,blank,,,,machine,2023-08-16T13:26:25+0000
418,PMR1-KB15PM,2482840,5b95a0f10698238084a3e2d3d74ebd6f,2023-07-26T12:00:00+0200,2023-07-26T12:00:00+0200,media,unclassified,,,,,
419,PMR1-KB15PM,2482841,191065b7e4f65c1c2c9ef84012c37b68,2023-07-27T12:00:00+0200,2023-07-27T12:00:00+0200,media,unclassified,,,,,
420,PMR1-KB15PM,2482856,e82b8d9a62c179f3aea996d99c95e478,2023-07-27T22:34:12+0200,2023-07-27T22:34:12+0200,media,animal,,Other,1,human,2023-08-23T14:41:38+0000
421,PMR1-KB15PM,2482842,2cd110c20755bac727e64cefbab9dd7f,2023-07-28T12:00:00+0200,2023-07-28T12:00:00+0200,media,blank,,,,machine,2023-08-16T13:25:17+0000
422,PMR1-KB15PM,2482843,fa5c373d337f8ac8e388a8f3d5b1f67b,2023-07-29T12:00:00+0200,2023-07-29T12:00:00+0200,media,unclassified,,,,,
423,PMR1-KB15PM,2482844,13b67c44b6dfb12056285b21f1ae8573,2023-07-30T12:00:00+0200,2023-07-30T12:00:00+0200,media,unclassified,,,,,
424,PMR1-KB15PM,2482845,cd1171017f57d1aebe3e789b03e32327,2023-07-31T12:00:00+0200,2023-07-31T12:00:00+0200,media,unclassified,,,,,
425,PMR1-KB15PM,2482846,4127ae36dcbc4c9d0d1ac66f1604e8d1,2023-08-01T12:00:00+0200,2023-08-01T12:00:00+0200,media,unclassified,,,,,
426,PMR1-KB15PM,2482847,b9e0cab672cf5f36351393ed71f208a5,2023-08-02T12:00:00+0200,2023-08-02T12:00:00+0200,media,unclassified,,,,,
427,PMR1-KB15PM,2482848,6f017d39a6e261be8b7eea0c56038d17,2023-08-03T12:00:00+0200,2023-08-03T12:00:00+0200,media,unclassified,,,,,
428,PMR1-KB15PM,2482849,62fd662395dcf2e48f8c9578ea6cebb6,2023-08-04T12:00:00+0200,2023-08-04T12:00:00+0200,media,unclassified,,,,,
429,PMR1-KB15PM,2482850,73b56fcc2ddea8438152ab3ed332dd32,2023-08-05T12:00:00+0200,2023-08-05T12:00:00+0200,media,blank,,,,machine,2023-08-16T13:34:53+0000
430,PMR1-KB15PM,2482851,2a328aec2f4ce400b29498c0d5e1c44e,2023-08-06T12:00:00+0200,2023-08-06T12:00:00+0200,media,blank,,,,machine,2023-08-16T13:32:24+0000
431,PMR1-KB15PM,2482852,5473ee74f8546406999637ce4d2dac5d,2023-08-07T12:00:00+0200,2023-08-07T12:00:00+0200,media,unclassified,,,,,
432,PMR1-KB15PM,2482853,8c08adc0e155aadf5b3a7f8274b88a41,2023-08-08T12:00:00+0200,2023-08-08T12:00:00+0200,media,unclassified,,,,,
433,PMR1-KB15PM,2482854,b8a9b28d646ba967bb0bf462fc31c33e,2023-08-09T12:00:00+0200,2023-08-09T12:00:00+0200,media,unclassified,,,,,
434,PMR1-KB16PM,2482878,5d5ebe159dff3a36d1bb3913c6120e19,2023-07-19T14:05:36+0200,2023-07-19T14:05:36+0200,media,human,setup,Homo sapiens,1,human,2023-08-18T07:37:15+0000
435,PMR1-KB16PM,2482879,5d5ebe159dff3a36d1bb3913c6120e19,2023-07-19T14:06:06+0200,2023-07-19T14:06:06+0200,media,human,setup,Homo sapiens,1,human,2023-08-18T07:37:24+0000
436,PMR1-KB16PM,2482857,3512eaf40443cf0107491d998115bd1b,2023-07-20T12:00:00+0200,2023-07-20T12:00:00+0200,media,unclassified,,,,,
437,PMR1-KB16PM,2482858,7fe0e4b96ffe7b948a9cb59f09782cf4,2023-07-21T12:00:00+0200,2023-07-21T12:00:00+0200,media,unclassified,,,,,
438,PMR1-KB16PM,2482859,7ad040491e79c4a71bc651d4de1bccd7,2023-07-22T12:00:00+0200,2023-07-22T12:00:00+0200,media,unclassified,,,,,
439,PMR1-KB16PM,2482860,98c644f67e7cadfd12912ca01a14fba2,2023-07-23T12:00:00+0200,2023-07-23T12:00:00+0200,media,unclassified,,,,,
440,PMR1-KB16PM,2482861,9d8219ef4bd90df7d5bd1c6b62f60637,2023-07-24T12:00:00+0200,2023-07-24T12:00:00+0200,media,unclassified,,,,,
441,PMR1-KB16PM,2482862,121681e4b267dfdcb5008b7cf53ec077,2023-07-25T12:00:00+0200,2023-07-25T12:00:00+0200,media,unclassified,,,,,
442,PMR1-KB16PM,2482863,81ec6318ce1495852ddc100bbdf06f72,2023-07-26T12:00:00+0200,2023-07-26T12:00:00+0200,media,unclassified,,,,,
443,PMR1-KB16PM,2482864,9992ee7274769875706efb27373ff06c,2023-07-27T12:00:00+0200,2023-07-27T12:00:00+0200,media,unclassified,,,,,
444,PMR1-KB16PM,2482865,6a45683beb4ec3c8f5ffa6e4e1cd479a,2023-07-28T12:00:00+0200,2023-07-28T12:00:00+0200,media,unclassified,,,,,
445,PMR1-KB16PM,2482866,acfffa936ce863ef1b3a03d7f225ae3c,2023-07-29T12:00:00+0200,2023-07-29T12:00:00+0200,media,unclassified,,,,,
446,PMR1-KB16PM,2482867,95c0e83346ad3a5ef8b17a581f0e8e41,2023-07-30T12:00:00+0200,2023-07-30T12:00:00+0200,media,unclassified,,,,,
447,PMR1-KB16PM,2482868,7ea08b274f278789a7479bf1ff4b1278,2023-07-31T12:00:00+0200,2023-07-31T12:00:00+0200,media,unclassified,,,,,
448,PMR1-KB16PM,2482880,c386e7d955e59e52840a50d1b05fd370,2023-07-31T15:08:16+0200,2023-07-31T15:08:16+0200,media,animal,,Sciurus vulgaris,1,human,2023-08-21T09:05:08+0000
449,PMR1-KB16PM,2482881,d575e35fe35afd96a6857e7608fe66eb,2023-07-31T23:20:32+0200,2023-07-31T23:20:32+0200,media,animal,,Lepus timidus,1,human,2023-08-21T09:06:45+0000
450,PMR1-KB16PM,2482882,d575e35fe35afd96a6857e7608fe66eb,2023-07-31T23:20:40+0200,2023-07-31T23:20:40+0200,media,animal,,Lepus timidus,1,human,2023-08-21T09:07:03+0000
451,PMR1-KB16PM,2482883,d575e35fe35afd96a6857e7608fe66eb,2023-07-31T23:21:02+0200,2023-07-31T23:21:02+0200,media,animal,,Lepus timidus,1,human,2023-08-21T09:07:26+0000
452,PMR1-KB16PM,2482884,d575e35fe35afd96a6857e7608fe66eb,2023-07-31T23:21:26+0200,2023-07-31T23:21:26+0200,media,blank,,,,human,2023-08-21T09:08:19+0000
453,PMR1-KB16PM,2482869,800ec7e73c687c3314ca294e06003559,2023-08-01T12:00:00+0200,2023-08-01T12:00:00+0200,media,unclassified,,,,,
454,PMR1-KB16PM,2482885,d555d5b6a5d436a4601a8426a80414ee,2023-08-02T00:38:58+0200,2023-08-02T00:38:58+0200,media,animal,,Martes martes,1,human,2023-08-23T14:35:24+0000
455,PMR1-KB16PM,2482870,3c00dd08f44ed7201687a121f35504c6,2023-08-02T12:00:00+0200,2023-08-02T12:00:00+0200,media,unclassified,,,,,
456,PMR1-KB16PM,2482871,a79908b947d7a471484db5dec359981d,2023-08-03T12:00:00+0200,2023-08-03T12:00:00+0200,media,unclassified,,,,,
457,PMR1-KB16PM,2482872,2596092785cef4f0d96b753630b2df0c,2023-08-04T12:00:00+0200,2023-08-04T12:00:00+0200,media,unclassified,,,,,
458,PMR1-KB16PM,2482886,92ee4235ad73683053508bd529cf9751,2023-08-04T20:46:24+0200,2023-08-04T20:46:24+0200,media,animal,,Lepus timidus,1,human,2023-08-21T09:37:10+0000
459,PMR1-KB16PM,2482873,0fa96b1694a81610f07c80739b7e18d3,2023-08-05T12:00:00+0200,2023-08-05T12:00:00+0200,media,unclassified,,,,,
460,PMR1-KB16PM,2482874,3180055cef7ada3aa754fb28dd02bc47,2023-08-06T12:00:00+0200,2023-08-06T12:00:00+0200,media,unclassified,,,,,
461,PMR1-KB16PM,2482875,3718f2a03dc2de1c648220e5aef708a6,2023-08-07T12:00:00+0200,2023-08-07T12:00:00+0200,media,unclassified,,,,,
462,PMR1-KB16PM,2482876,5d9fb48359ec85c1b564f78a38299cf4,2023-08-08T12:00:00+0200,2023-08-08T12:00:00+0200,media,unclassified,,,,,
463,PMR1-KB16PM,2482877,d2c4f12a741225de72028ace4907dfa7,2023-08-09T12:00:00+0200,2023-08-09T12:00:00+0200,media,unclassified,,,,,
464,PMR1-KB16PM,2482887,d190f22d862c0efb06a58ddf026f1101,2023-08-09T14:01:58+0200,2023-08-09T14:01:58+0200,media,human,setup,Homo sapiens,1,human,2023-08-21T11:27:51+0000
465,PMR1-KB16PM,2482888,d190f22d862c0efb06a58ddf026f1101,2023-08-09T14:02:06+0200,2023-08-09T14:02:06+0200,media,human,setup,Homo sapiens,1,human,2023-08-21T11:27:51+0000
466,PMR1-KB17PM,2482909,16aac87ed3a2ea40feedf98f363edab1,2023-07-18T13:45:18+0200,2023-07-18T13:45:18+0200,media,human,setup,Homo sapiens,1,human,2023-08-18T07:26:48+0000
467,PMR1-KB17PM,2482910,16aac87ed3a2ea40feedf98f363edab1,2023-07-18T13:45:26+0200,2023-07-18T13:45:26+0200,media,blank,setup,,,human,2023-08-22T07:49:12+0000
468,PMR1-KB17PM,2482911,16aac87ed3a2ea40feedf98f363edab1,2023-07-18T13:45:50+0200,2023-07-18T13:45:50+0200,media,human,setup,Homo sapiens,1,human,2023-08-18T07:28:22+0000
469,PMR1-KB17PM,2482912,16aac87ed3a2ea40feedf98f363edab1,2023-07-18T13:46:42+0200,2023-07-18T13:46:42+0200,media,human,setup,Homo sapiens,1,human,2023-08-18T07:28:32+0000
470,PMR1-KB17PM,2482913,16aac87ed3a2ea40feedf98f363edab1,2023-07-18T13:46:52+0200,2023-07-18T13:46:52+0200,media,human,setup,Homo sapiens,1,human,2023-08-18T07:28:41+0000
471,PMR1-KB17PM,2482889,a8681ccf9e0b608d238ed319c88ef7a2,2023-07-19T12:00:00+0200,2023-07-19T12:00:00+0200,media,unclassified,,,,,
472,PMR1-KB17PM,2482890,2b8bbf75607fa3288b1572c0cf1c7c69,2023-07-20T12:00:00+0200,2023-07-20T12:00:00+0200,media,unclassified,,,,,
473,PMR1-KB17PM,2482891,bc1132af54ead1abc2fc402b5bc1dc4d,2023-07-21T12:00:00+0200,2023-07-21T12:00:00+0200,media,unclassified,,,,,
474,PMR1-KB17PM,2482892,d16dacdba9d60d94348c061d40a7e8f6,2023-07-22T12:00:00+0200,2023-07-22T12:00:00+0200,media,unclassified,,,,,
475,PMR1-KB17PM,2482914,215f7ea50a498e8885e62569009d352d,2023-07-23T10:00:12+0200,2023-07-23T10:00:12+0200,media,animal,,Martes martes,1,human,2023-08-22T08:15:26+0000
476,PMR1-KB17PM,2482915,215f7ea50a498e8885e62569009d352d,2023-07-23T10:00:20+0200,2023-07-23T10:00:20+0200,media,animal,,Martes martes,1,human,2023-08-22T08:15:34+0000
477,PMR1-KB17PM,2482893,39554a81889f28c4246549881eb0f3d0,2023-07-23T12:00:00+0200,2023-07-23T12:00:00+0200,media,unclassified,,,,,
478,PMR1-KB17PM,2482894,3100cd0fe3f4e823b35b55d7dbf9a181,2023-07-24T12:00:00+0200,2023-07-24T12:00:00+0200,media,unclassified,,,,,
479,PMR1-KB17PM,2482895,90ea47669848929b77caa0795aabc3cc,2023-07-25T12:00:00+0200,2023-07-25T12:00:00+0200,media,unclassified,,,,,
480,PMR1-KB17PM,2482896,d592d4e201f405a7676a6e69d2481267,2023-07-26T12:00:00+0200,2023-07-26T12:00:00+0200,media,unclassified,,,,,
481,PMR1-KB17PM,2482897,bf86ea69e355d18e68ee67af328ab5b0,2023-07-27T12:00:00+0200,2023-07-27T12:00:00+0200,media,unclassified,,,,,
482,PMR1-KB17PM,2482898,858e039ac96cef872f01113ea0965642,2023-07-28T12:00:00+0200,2023-07-28T12:00:00+0200,media,unclassified,,,,,
483,PMR1-KB17PM,2482899,c88caa35fbf43dd5a7c2212c0d09c578,2023-07-29T12:00:00+0200,2023-07-29T12:00:00+0200,media,unclassified,,,,,
484,PMR1-KB17PM,2482900,1653ff301e90bb225761ee0d47b5351f,2023-07-30T12:00:00+0200,2023-07-30T12:00:00+0200,media,unclassified,,,,,
485,PMR1-KB17PM,2482901,8334999dfcba250eedb6450a0ab8f597,2023-07-31T12:00:00+0200,2023-07-31T12:00:00+0200,media,unclassified,,,,,
486,PMR1-KB17PM,2482902,58c7ef315b1d245139a60d852ee13d72,2023-08-01T12:00:00+0200,2023-08-01T12:00:00+0200,media,unclassified,,,,,
487,PMR1-KB17PM,2482903,f5fdcd1786d989ca1b0122affb73a291,2023-08-02T12:00:00+0200,2023-08-02T12:00:00+0200,media,unclassified,,,,,
488,PMR1-KB17PM,2482904,782af92769638098169620ef020d2850,2023-08-03T12:00:00+0200,2023-08-03T12:00:00+0200,media,unclassified,,,,,
489,PMR1-KB17PM,2482905,9552a7fd49b57c996717663902f789f9,2023-08-04T12:00:00+0200,2023-08-04T12:00:00+0200,media,unclassified,,,,,
490,PMR1-KB17PM,2482906,03335836b657534c8bbe1ce09c6ba2fb,2023-08-05T12:00:00+0200,2023-08-05T12:00:00+0200,media,unclassified,,,,,
491,PMR1-KB17PM,2482907,68914bbded80fd88448cfc91ade36951,2023-08-06T12:00:00+0200,2023-08-06T12:00:00+0200,media,unclassified,,,,,
492,PMR1-KB17PM,2482916,1d113fb36739a4e938ca3836ca2bbd58,2023-08-06T23:24:48+0200,2023-08-06T23:24:48+0200,media,animal,,Alces alces,1,human,2023-08-21T09:57:12+0000
493,PMR1-KB17PM,2482917,1d113fb36739a4e938ca3836ca2bbd58,2023-08-06T23:25:14+0200,2023-08-06T23:25:14+0200,media,animal,,Alces alces,1,human,2023-08-21T09:57:12+0000
494,PMR1-KB17PM,2482918,1d113fb36739a4e938ca3836ca2bbd58,2023-08-06T23:26:08+0200,2023-08-06T23:26:08+0200,media,animal,,Alces alces,1,human,2023-08-21T09:57:12+0000
495,PMR1-KB17PM,2482919,8939e727f25cc0c3b976bfe8959495c5,2023-08-07T01:18:14+0200,2023-08-07T01:18:14+0200,media,animal,,Martes martes,1,human,2023-08-21T09:59:14+0000
496,PMR1-KB17PM,2482920,8939e727f25cc0c3b976bfe8959495c5,2023-08-07T01:18:32+0200,2023-08-07T01:18:32+0200,media,animal,,Martes martes,1,human,2023-08-21T09:59:36+0000
497,PMR1-KB17PM,2482921,8939e727f25cc0c3b976bfe8959495c5,2023-08-07T01:19:02+0200,2023-08-07T01:19:02+0200,media,blank,,,,human,2023-08-21T09:59:42+0000
498,PMR1-KB17PM,2482922,8939e727f25cc0c3b976bfe8959495c5,2023-08-07T01:19:10+0200,2023-08-07T01:19:10+0200,media,animal,,Martes martes,1,human,2023-08-21T10:01:32+0000
499,PMR1-KB17PM,2482923,8939e727f25cc0c3b976bfe8959495c5,2023-08-07T01:19:20+0200,2023-08-07T01:19:20+0200,media,animal,,Martes martes,1,human,2023-08-21T10:01:52+0000
500,PMR1-KB17PM,2482924,8939e727f25cc0c3b976bfe8959495c5,2023-08-07T01:19:28+0200,2023-08-07T01:19:28+0200,media,blank,,,,human,2023-08-21T10:02:00+0000
501,PMR1-KB17PM,2482925,8939e727f25cc0c3b976bfe8959495c5,2023-08-07T01:19:34+0200,2023-08-07T01:19:34+0200,media,animal,,Martes martes,1,human,2023-08-21T10:04:08+0000
502,PMR1-KB17PM,2482926,8939e727f25cc0c3b976bfe8959495c5,2023-08-07T01:19:54+0200,2023-08-07T01:19:54+0200,media,animal,,Martes martes,1,human,2023-08-21T10:04:31+0000
503,PMR1-KB17PM,2482927,8939e727f25cc0c3b976bfe8959495c5,2023-08-07T01:20:00+0200,2023-08-07T01:20:00+0200,media,animal,,Martes martes,1,human,2023-08-21T10:05:01+0000
504,PMR1-KB17PM,2482928,8939e727f25cc0c3b976bfe8959495c5,2023-08-07T01:20:12+0200,2023-08-07T01:20:12+0200,media,animal,,Martes martes,1,human,2023-08-21T10:05:22+0000
505,PMR1-KB17PM,2482929,8939e727f25cc0c3b976bfe8959495c5,2023-08-07T01:20:24+0200,2023-08-07T01:20:24+0200,media,animal,,Martes martes,1,human,2023-08-21T10:06:21+0000
506,PMR1-KB17PM,2482930,03fddc3b13bcb5bfaf1ee130ada6da84,2023-08-07T01:29:06+0200,2023-08-07T01:29:06+0200,media,animal,,Martes martes,1,human,2023-08-21T10:06:43+0000
507,PMR1-KB17PM,2482931,03fddc3b13bcb5bfaf1ee130ada6da84,2023-08-07T01:29:26+0200,2023-08-07T01:29:26+0200,media,animal,,Martes martes,1,human,2023-08-21T10:07:06+0000
508,PMR1-KB17PM,2482932,03fddc3b13bcb5bfaf1ee130ada6da84,2023-08-07T01:29:34+0200,2023-08-07T01:29:34+0200,media,animal,,Martes martes,1,human,2023-08-21T10:07:43+0000
509,PMR1-KB17PM,2482933,3f06e5eb0ee7ee89b1327ed21d60232c,2023-08-07T07:31:42+0200,2023-08-07T07:31:42+0200,media,animal,,Martes martes,1,human,2023-08-21T10:10:12+0000
510,PMR1-KB17PM,2482934,3f06e5eb0ee7ee89b1327ed21d60232c,2023-08-07T07:31:54+0200,2023-08-07T07:31:54+0200,media,animal,,Martes martes,1,human,2023-08-21T10:10:12+0000
511,PMR1-KB17PM,2482908,257d6bacd0859b60a42948c43251a923,2023-08-07T12:00:00+0200,2023-08-07T12:00:00+0200,media,blank,,,,machine,2023-08-16T13:32:24+0000
512,PMR1-KB18PM,2482957,89a87cd19e46e4f7a1be485635aace70,2023-07-20T12:05:36+0200,2023-07-20T12:05:36+0200,media,human,setup,Homo sapiens,1,human,2023-08-18T07:54:25+0000
513,PMR1-KB18PM,2482958,89a87cd19e46e4f7a1be485635aace70,2023-07-20T12:06:30+0200,2023-07-20T12:06:30+0200,media,human,setup,Homo sapiens,1,human,2023-08-18T07:54:50+0000
514,PMR1-KB18PM,2482935,bdc9ea467e9211b93575c6342ed0b306,2023-07-21T12:00:00+0200,2023-07-21T12:00:00+0200,media,blank,,,,machine,2023-08-16T13:22:03+0000
515,PMR1-KB18PM,2482936,7027dc6817308faf7e7c2f67468bfa83,2023-07-22T12:00:00+0200,2023-07-22T12:00:00+0200,media,blank,,,,machine,2023-08-16T13:28:46+0000
516,PMR1-KB18PM,2482937,79d64802a33979f6d66912549f8042b1,2023-07-23T12:00:00+0200,2023-07-23T12:00:00+0200,media,blank,,,,machine,2023-08-16T13:28:46+0000
517,PMR1-KB18PM,2482938,2f79d68b2af9ec2f078a6dabb57ac943,2023-07-24T12:00:00+0200,2023-07-24T12:00:00+0200,media,blank,,,,machine,2023-08-16T13:27:35+0000
518,PMR1-KB18PM,2482959,10961900dd3c1314df3aa340684a648e,2023-07-25T07:36:06+0200,2023-07-25T07:36:06+0200,media,animal,,Grus grus,1,human,2023-08-22T08:24:17+0000
519,PMR1-KB18PM,2482939,b8a91d87725eced5aee097eb260f46b4,2023-07-25T12:00:00+0200,2023-07-25T12:00:00+0200,media,blank,,,,machine,2023-08-16T13:27:35+0000
520,PMR1-KB18PM,2482940,2f39a6411089ba5f055adf1494cc5e44,2023-07-26T12:00:00+0200,2023-07-26T12:00:00+0200,media,blank,,,,machine,2023-08-16T13:26:25+0000
521,PMR1-KB18PM,2482941,edf7daf56706fabe31c092457d473e28,2023-07-27T12:00:00+0200,2023-07-27T12:00:00+0200,media,blank,,,,machine,2023-08-16T13:26:25+0000
522,PMR1-KB18PM,2482942,1f922debfc81bf6bbfed780650fec6fc,2023-07-28T12:00:00+0200,2023-07-28T12:00:00+0200,media,unclassified,,,,,
523,PMR1-KB18PM,2482960,879784f4178f132487cc0b25b752ff56,2023-07-28T21:02:08+0200,2023-07-28T21:02:08+0200,media,animal,,Tetrao urogallus,1,human,2023-08-21T08:00:23+0000
524,PMR1-KB18PM,2482961,879784f4178f132487cc0b25b752ff56,2023-07-28T21:02:14+0200,2023-07-28T21:02:14+0200,media,animal,,Tetrao urogallus,1,human,2023-08-21T08:00:44+0000
525,PMR1-KB18PM,2482943,f11c74d68d8b87c238ffc8806acf72f1,2023-07-29T12:00:00+0200,2023-07-29T12:00:00+0200,media,blank,,,,machine,2023-08-16T13:31:15+0000
526,PMR1-KB18PM,2482944,b964caca0bbb4cef25fd1fe7e41960db,2023-07-30T12:00:00+0200,2023-07-30T12:00:00+0200,media,blank,,,,machine,2023-08-16T13:31:15+0000
527,PMR1-KB18PM,2482945,47e76a951a85dd08abb6a3db3bd9eebc,2023-07-31T12:00:00+0200,2023-07-31T12:00:00+0200,media,unclassified,,,,,
528,PMR1-KB18PM,2482946,9b13fa2edebc4f26c2d322721b57467c,2023-08-01T12:00:00+0200,2023-08-01T12:00:00+0200,media,blank,,,,machine,2023-08-16T13:29:55+0000
529,PMR1-KB18PM,2482947,c30034dcd58820bc1cbb4883718234f2,2023-08-02T12:00:00+0200,2023-08-02T12:00:00+0200,media,blank,,,,machine,2023-08-16T13:33:33+0000
530,PMR1-KB18PM,2482948,7f3a3b3e684d391d630730b4e504e469,2023-08-03T12:00:00+0200,2023-08-03T12:00:00+0200,media,unclassified,,,,,
531,PMR1-KB18PM,2482949,fde8ec1249815cbe280d0eef3c3ce955,2023-08-04T12:00:00+0200,2023-08-04T12:00:00+0200,media,blank,,,,machine,2023-08-16T13:34:53+0000
532,PMR1-KB18PM,2482950,a72924d2eea356bc4467f5dcafb46ee7,2023-08-05T12:00:00+0200,2023-08-05T12:00:00+0200,media,unclassified,,,,,
533,PMR1-KB18PM,2482951,6d91de83e3510c4b069cc303f5f197d1,2023-08-06T12:00:00+0200,2023-08-06T12:00:00+0200,media,blank,,,,machine,2023-08-16T13:32:24+0000
534,PMR1-KB18PM,2482952,e229305064ab53eb33fe869fd2366bb8,2023-08-07T12:00:00+0200,2023-08-07T12:00:00+0200,media,blank,,,,machine,2023-08-16T13:36:58+0000
535,PMR1-KB18PM,2482962,e748a8ccdb6c0bc4235534ee85b39584,2023-08-07T18:22:10+0200,2023-08-07T18:22:10+0200,media,animal,,Vulpes vulpes,1,human,2023-08-21T11:20:20+0000
536,PMR1-KB18PM,2482963,e748a8ccdb6c0bc4235534ee85b39584,2023-08-07T18:22:22+0200,2023-08-07T18:22:22+0200,media,animal,,Vulpes vulpes,1,human,2023-08-21T11:20:20+0000
537,PMR1-KB18PM,2482964,e748a8ccdb6c0bc4235534ee85b39584,2023-08-07T18:22:30+0200,2023-08-07T18:22:30+0200,media,animal,,Vulpes vulpes,1,human,2023-08-21T11:20:20+0000
538,PMR1-KB18PM,2482953,7c380ff4c80ae458894db91d48f6653d,2023-08-08T12:00:00+0200,2023-08-08T12:00:00+0200,media,unclassified,,,,,
539,PMR1-KB18PM,2482954,b4e5d63383c0975b68d54b50fae408e1,2023-08-09T12:00:00+0200,2023-08-09T12:00:00+0200,media,blank,,,,machine,2023-08-16T13:36:58+0000
540,PMR1-KB18PM,2482955,ed767d9ab0addeb7b68aa8a08dfcc46b,2023-08-10T12:00:00+0200,2023-08-10T12:00:00+0200,media,blank,,,,machine,2023-08-16T13:35:26+0000
541,PMR1-KB18PM,2482956,36ae942c0c26bd3ace5113a6815a25a5,2023-08-11T12:00:00+0200,2023-08-11T12:00:00+0200,media,unclassified,,,,,
542,PMR1-KB18PM,2482965,fd7f9bff9fdc169de02464623ab05a96,2023-08-11T13:51:16+0200,2023-08-11T13:51:16+0200,media,human,setup,Homo sapiens,1,human,2023-08-21T11:34:14+0000
543,PMR1-KB19PM,2482988,1183571c76016ef5fad57a0b7ca85793,2023-07-20T13:06:36+0200,2023-07-20T13:06:36+0200,media,human,setup,Homo sapiens,1,human,2023-08-18T07:55:11+0000
544,PMR1-KB19PM,2482989,1183571c76016ef5fad57a0b7ca85793,2023-07-20T13:06:48+0200,2023-07-20T13:06:48+0200,media,human,setup,Homo sapiens,1,human,2023-08-18T07:55:20+0000
545,PMR1-KB19PM,2482990,1183571c76016ef5fad57a0b7ca85793,2023-07-20T13:07:12+0200,2023-07-20T13:07:12+0200,media,human,setup,Homo sapiens,1,human,2023-08-18T08:00:35+0000
546,PMR1-KB19PM,2482966,d31839c9c21b2ad043d75c1e1c789c77,2023-07-21T12:00:00+0200,2023-07-21T12:00:00+0200,media,unclassified,,,,,
547,PMR1-KB19PM,2482967,6b96f608f04d305497441f5f296588cf,2023-07-22T12:00:00+0200,2023-07-22T12:00:00+0200,media,blank,,,,machine,2023-08-16T13:28:46+0000
548,PMR1-KB19PM,2482968,7af2418961706a57adc8614113ed89e1,2023-07-23T12:00:00+0200,2023-07-23T12:00:00+0200,media,blank,,,,machine,2023-08-16T13:27:35+0000
549,PMR1-KB19PM,2482969,fd94ba1817c1ad1b5cad63234f48d00a,2023-07-24T12:00:00+0200,2023-07-24T12:00:00+0200,media,blank,,,,machine,2023-08-16T13:27:35+0000
550,PMR1-KB19PM,2482970,ac4b1e5d6991e98ff5646fca6c5b7f5a,2023-07-25T12:00:00+0200,2023-07-25T12:00:00+0200,media,unclassified,,,,,
551,PMR1-KB19PM,2482971,149ea38f0cf12e572b59dc32d15c2add,2023-07-26T12:00:00+0200,2023-07-26T12:00:00+0200,media,unclassified,,,,,
552,PMR1-KB19PM,2482972,73a7da26dd2e71ad7fb1cb56a21a2914,2023-07-27T12:00:00+0200,2023-07-27T12:00:00+0200,media,unclassified,,,,,
553,PMR1-KB19PM,2482973,b75adad7e98df3b666943eac30ae2490,2023-07-28T12:00:00+0200,2023-07-28T12:00:00+0200,media,unclassified,,,,,
554,PMR1-KB19PM,2482974,8b5469b616f8b3f1ef5559ad6cd03fdd,2023-07-29T12:00:00+0200,2023-07-29T12:00:00+0200,media,unclassified,,,,,
555,PMR1-KB19PM,2482975,2077db0f8e0034eb77b46a0bfe59d96f,2023-07-30T12:00:00+0200,2023-07-30T12:00:00+0200,media,unclassified,,,,,
556,PMR1-KB19PM,2482976,5c02dddd05e72407a84ac0c9d87f6494,2023-07-31T12:00:00+0200,2023-07-31T12:00:00+0200,media,unclassified,,,,,
557,PMR1-KB19PM,2482977,861d541e1eda3b3f07c7785f3a6b3b8f,2023-08-01T12:00:00+0200,2023-08-01T12:00:00+0200,media,unclassified,,,,,
558,PMR1-KB19PM,2482978,b67fde0a1779441072dd1dc07788efb7,2023-08-02T12:00:00+0200,2023-08-02T12:00:00+0200,media,unclassified,,,,,
559,PMR1-KB19PM,2482979,70db301d3b69fa5bcb1a44c1b64a21b3,2023-08-03T12:00:00+0200,2023-08-03T12:00:00+0200,media,unclassified,,,,,
560,PMR1-KB19PM,2482980,2951a6f35a962a765078e7c294f9e63f,2023-08-04T12:00:00+0200,2023-08-04T12:00:00+0200,media,unclassified,,,,,
561,PMR1-KB19PM,2482981,518ad8e7df6e2fcd10accbd0644c866c,2023-08-05T12:00:00+0200,2023-08-05T12:00:00+0200,media,unclassified,,,,,
562,PMR1-KB19PM,2482982,66bb64f943b6193a3162bc0df94afc3e,2023-08-06T12:00:00+0200,2023-08-06T12:00:00+0200,media,unclassified,,,,,
563,PMR1-KB19PM,2482983,3a3d6d63f56fc22c2a4e765e6f04b646,2023-08-07T12:00:00+0200,2023-08-07T12:00:00+0200,media,unclassified,,,,,
564,PMR1-KB19PM,2482984,0e8f28045e30181e5082642a5e77305e,2023-08-08T12:00:00+0200,2023-08-08T12:00:00+0200,media,unclassified,,,,,
565,PMR1-KB19PM,2482985,21bdc6d4f34129712d654abbd9317867,2023-08-09T12:00:00+0200,2023-08-09T12:00:00+0200,media,unclassified,,,,,
566,PMR1-KB19PM,2482991,3ab37ad5258b4b18729c43b741d7348f,2023-08-10T07:54:00+0200,2023-08-10T07:54:00+0200,media,animal,,Grus grus,1,human,2023-08-21T11:32:11+0000
567,PMR1-KB19PM,2482986,486a27e010e0277359d2aced3c286379,2023-08-10T12:00:00+0200,2023-08-10T12:00:00+0200,media,unclassified,,,,,
568,PMR1-KB19PM,2482987,d99fccc16c2b27989b4dfc78dff95347,2023-08-11T12:00:00+0200,2023-08-11T12:00:00+0200,media,unclassified,,,,,
569,PMR1-KB19PM,2482992,fe0c315d843ba21f92adb1f5d7cf9e73,2023-08-11T15:55:16+0200,2023-08-11T15:55:16+0200,media,human,setup,Homo sapiens,1,human,2023-08-21T11:34:32+0000
570,PMR1-KB20PM,2483014,249440e3589ab246a59e3a64b76943f6,2023-07-19T14:47:58+0200,2023-07-19T14:47:58+0200,media,human,setup,Homo sapiens,1,human,2023-08-18T07:37:32+0000
571,PMR1-KB20PM,2482993,93b2a19ccef6bd957e4786b485153246,2023-07-20T12:00:00+0200,2023-07-20T12:00:00+0200,media,unclassified,,,,,
572,PMR1-KB20PM,2482994,e969e9c773d80a792f41ab33efb0d63c,2023-07-21T12:00:00+0200,2023-07-21T12:00:00+0200,media,unclassified,,,,,
573,PMR1-KB20PM,2482995,be9d91762fd51a038f764fe73dbb983c,2023-07-22T12:00:00+0200,2023-07-22T12:00:00+0200,media,unclassified,,,,,
574,PMR1-KB20PM,2482996,3449760b4104dbddb4539a8228384d7b,2023-07-23T12:00:00+0200,2023-07-23T12:00:00+0200,media,blank,,,,machine,2023-08-16T13:28:46+0000
575,PMR1-KB20PM,2482997,476840495b36da265e2186fba9e32c1a,2023-07-24T12:00:00+0200,2023-07-24T12:00:00+0200,media,blank,,,,machine,2023-08-16T13:27:35+0000
576,PMR1-KB20PM,2482998,8fa7c20dafbc5b07aff9f412d0fc1a4b,2023-07-25T12:00:00+0200,2023-07-25T12:00:00+0200,media,unclassified,,,,,
577,PMR1-KB20PM,2482999,5562d2e415718dfd52de70a50926a480,2023-07-26T12:00:00+0200,2023-07-26T12:00:00+0200,media,blank,,,,machine,2023-08-16T13:26:25+0000
578,PMR1-KB20PM,2483000,aac89e1cc41e0459a30c20a1462aecd6,2023-07-27T12:00:00+0200,2023-07-27T12:00:00+0200,media,unclassified,,,,,
579,PMR1-KB20PM,2483001,3a1c3126e3c65ed6d3573a81906c13ed,2023-07-28T12:00:00+0200,2023-07-28T12:00:00+0200,media,unclassified,,,,,
580,PMR1-KB20PM,2483002,4941930b32e1b9056e20119812fe2edd,2023-07-29T12:00:00+0200,2023-07-29T12:00:00+0200,media,unclassified,,,,,
581,PMR1-KB20PM,2483003,4bb063aa3fcf44f1ea0e31dbd8455b0b,2023-07-30T12:00:00+0200,2023-07-30T12:00:00+0200,media,unclassified,,,,,
582,PMR1-KB20PM,2483015,2cf20cfb3768c5cac8ebb328689c8044,2023-07-30T22:50:20+0200,2023-07-30T22:50:20+0200,media,animal,,Capreolus capreolus,1,human,2023-08-21T09:01:04+0000
583,PMR1-KB20PM,2483004,56c02999dc7b4d6d05e0d72b206c5142,2023-07-31T12:00:00+0200,2023-07-31T12:00:00+0200,media,unclassified,,,,,
584,PMR1-KB20PM,2483005,7b23be232b788c4e7cc2a543c3d8687c,2023-08-01T12:00:00+0200,2023-08-01T12:00:00+0200,media,blank,,,,machine,2023-08-16T13:29:55+0000
585,PMR1-KB20PM,2483006,93e823fae1647e63a6bd1b6d8b154676,2023-08-02T12:00:00+0200,2023-08-02T12:00:00+0200,media,blank,,,,machine,2023-08-16T13:33:33+0000
586,PMR1-KB20PM,2483007,f329f2f47db8d0b2e74705ce8e496479,2023-08-03T12:00:00+0200,2023-08-03T12:00:00+0200,media,unclassified,,,,,
587,PMR1-KB20PM,2483008,cc064b921f0eca6e658d56e6fc35d4ac,2023-08-04T12:00:00+0200,2023-08-04T12:00:00+0200,media,unclassified,,,,,
588,PMR1-KB20PM,2483009,28b715979bf25c9117f040b3fa997b6f,2023-08-05T12:00:00+0200,2023-08-05T12:00:00+0200,media,unclassified,,,,,
589,PMR1-KB20PM,2483010,50a1a3f3a99b54798a819980b1408512,2023-08-06T12:00:00+0200,2023-08-06T12:00:00+0200,media,unclassified,,,,,
590,PMR1-KB20PM,2483011,8cac50bcdcdabc66136e0a136ae4b7df,2023-08-07T12:00:00+0200,2023-08-07T12:00:00+0200,media,unclassified,,,,,
591,PMR1-KB20PM,2483016,bed16c2cfb0c29936c2f39ee17b4fb11,2023-08-07T15:38:06+0200,2023-08-07T15:38:06+0200,media,animal,,Mustela nivalis,1,human,2023-08-21T10:12:13+0000
592,PMR1-KB20PM,2483012,d5a7e9b5ce2cb1f4f59ffc25e08e4531,2023-08-08T12:00:00+0200,2023-08-08T12:00:00+0200,media,unclassified,,,,,
593,PMR1-KB20PM,2483013,10012142bd7572ba5efb125fdf44e237,2023-08-09T12:00:00+0200,2023-08-09T12:00:00+0200,media,unclassified,,,,,
594,PMR1-KB20PM,2483017,3140b16bc9958110331502ad9cb8660d,2023-08-09T15:22:32+0200,2023-08-09T15:22:32+0200,media,human,setup,Homo sapiens,1,human,2023-08-21T11:28:22+0000
595,PMR1-KB21PM,2483038,7307ffd6d3269fbd351e12fb678035fa,2023-07-20T14:55:06+0200,2023-07-20T14:55:06+0200,media,blank,setup,,,human,2023-08-18T08:01:38+0000
596,PMR1-KB21PM,2483039,7307ffd6d3269fbd351e12fb678035fa,2023-07-20T14:55:36+0200,2023-07-20T14:55:36+0200,media,human,setup,Homo sapiens,1,human,2023-08-18T08:01:47+0000
597,PMR1-KB21PM,2483040,7307ffd6d3269fbd351e12fb678035fa,2023-07-20T14:56:30+0200,2023-07-20T14:56:30+0200,media,human,setup,Homo sapiens,1,human,2023-08-18T08:01:57+0000
598,PMR1-KB21PM,2483018,2e9be33261bafc8f9ea58f5cdc5d3b01,2023-07-21T12:00:00+0200,2023-07-21T12:00:00+0200,media,unclassified,,,,,
599,PMR1-KB21PM,2483019,91993ea6e2a060b1556da8da1ca8d190,2023-07-22T12:00:00+0200,2023-07-22T12:00:00+0200,media,unclassified,,,,,
600,PMR1-KB21PM,2483020,252004ed1f9b9f750af34297cc49b842,2023-07-23T12:00:00+0200,2023-07-23T12:00:00+0200,media,unclassified,,,,,
601,PMR1-KB21PM,2483021,27be7c73efac6878ba39690c5359d79d,2023-07-24T12:00:00+0200,2023-07-24T12:00:00+0200,media,unclassified,,,,,
602,PMR1-KB21PM,2483022,ec9abc3878ff01d55c6e449ebfdf8ca2,2023-07-25T12:00:00+0200,2023-07-25T12:00:00+0200,media,blank,,,,machine,2023-08-16T13:26:25+0000
603,PMR1-KB21PM,2483023,a6312cff7f07470bac828e9b501e697d,2023-07-26T12:00:00+0200,2023-07-26T12:00:00+0200,media,blank,,,,machine,2023-08-16T13:26:25+0000
604,PMR1-KB21PM,2483024,2a0f2a0ab19ca824dc9f16044aca8f5a,2023-07-27T12:00:00+0200,2023-07-27T12:00:00+0200,media,blank,,,,machine,2023-08-16T13:25:17+0000
605,PMR1-KB21PM,2483041,c10d9fd8d4aecc922a9c7e54e2867ebd,2023-07-28T08:23:56+0200,2023-07-28T08:23:56+0200,media,animal,,Vulpes vulpes,1,human,2023-08-21T07:49:39+0000
606,PMR1-KB21PM,2483025,c17746ca0cc3e24cdaecf1b3cfea7587,2023-07-28T12:00:00+0200,2023-07-28T12:00:00+0200,media,blank,,,,machine,2023-08-16T13:25:17+0000
607,PMR1-KB21PM,2483026,b1c30ef753b331ca2bfb8c84cef97cee,2023-07-29T12:00:00+0200,2023-07-29T12:00:00+0200,media,unclassified,,,,,
608,PMR1-KB21PM,2483027,93da71b14d36ed2557c04e62aa0b2ce1,2023-07-30T12:00:00+0200,2023-07-30T12:00:00+0200,media,unclassified,,,,,
609,PMR1-KB21PM,2483028,d63629c3057b6d8e8663074b78161e02,2023-07-31T12:00:00+0200,2023-07-31T12:00:00+0200,media,unclassified,,,,,
610,PMR1-KB21PM,2483029,8e3bed486a31946cb2d1279deccf7dcf,2023-08-01T12:00:00+0200,2023-08-01T12:00:00+0200,media,unclassified,,,,,
611,PMR1-KB21PM,2483030,8da61fb099fd7d4671f91f3407e3c609,2023-08-02T12:00:00+0200,2023-08-02T12:00:00+0200,media,unclassified,,,,,
612,PMR1-KB21PM,2483031,0b63b66fb7a8cb03087a7195465a01c3,2023-08-03T12:00:00+0200,2023-08-03T12:00:00+0200,media,unclassified,,,,,
613,PMR1-KB21PM,2483032,c32fbe6cbc50b60cfd6541df06e20b33,2023-08-04T12:00:00+0200,2023-08-04T12:00:00+0200,media,unclassified,,,,,
614,PMR1-KB21PM,2483033,0df8296279b21c54f5490c5ec6ddc016,2023-08-05T12:00:00+0200,2023-08-05T12:00:00+0200,media,unclassified,,,,,
615,PMR1-KB21PM,2483034,81badfa1a8b0589312158673e4fb4ad4,2023-08-06T12:00:00+0200,2023-08-06T12:00:00+0200,media,unclassified,,,,,
616,PMR1-KB21PM,2483042,9c35ab9e9107c2a8ecd46195c878cd34,2023-08-07T04:46:50+0200,2023-08-07T04:46:50+0200,media,animal,,Vulpes vulpes,1,human,2023-08-21T10:08:20+0000
617,PMR1-KB21PM,2483035,85ed9df709c96e58f6925f61df4a1f09,2023-08-07T12:00:00+0200,2023-08-07T12:00:00+0200,media,unclassified,,,,,
618,PMR1-KB21PM,2483043,39fcd0bf2ec979f5ecdd788fa9cff56d,2023-08-08T04:02:40+0200,2023-08-08T04:02:40+0200,media,animal,,Vulpes vulpes,1,human,2023-08-21T11:21:00+0000
619,PMR1-KB21PM,2483036,8dc4abcd1a016ead74575367c100376e,2023-08-08T12:00:00+0200,2023-08-08T12:00:00+0200,media,unclassified,,,,,
620,PMR1-KB21PM,2483037,c938d6dd50f33306fcb4b9f0f3963c6e,2023-08-09T12:00:00+0200,2023-08-09T12:00:00+0200,media,unclassified,,,,,
621,PMR1-KB22PM,2483065,8456df80e21a703a3da9db440611541e,2023-07-20T14:19:22+0200,2023-07-20T14:19:22+0200,media,human,setup,Homo sapiens,1,human,2023-08-18T08:01:03+0000
622,PMR1-KB22PM,2483066,8456df80e21a703a3da9db440611541e,2023-07-20T14:19:40+0200,2023-07-20T14:19:40+0200,media,human,setup,Homo sapiens,1,human,2023-08-18T08:01:16+0000
623,PMR1-KB22PM,2483044,08feac647695ea315e0338c464e5cdca,2023-07-21T12:00:00+0200,2023-07-21T12:00:00+0200,media,blank,,,,machine,2023-08-16T13:28:46+0000
624,PMR1-KB22PM,2483045,921dbba66ddc1c7ffeda62bc903de294,2023-07-22T12:00:00+0200,2023-07-22T12:00:00+0200,media,unclassified,,,,,
625,PMR1-KB22PM,2483046,58eda05e37f60b64201d7b0eee9b3cd0,2023-07-23T12:00:00+0200,2023-07-23T12:00:00+0200,media,blank,,,,machine,2023-08-16T13:28:46+0000
626,PMR1-KB22PM,2483047,2be95a1d4a4815f7d896b1232442105f,2023-07-24T12:00:00+0200,2023-07-24T12:00:00+0200,media,blank,,,,machine,2023-08-16T13:27:35+0000
627,PMR1-KB22PM,2483048,54e5744976c9b8c07026aba098ff6fa0,2023-07-25T12:00:00+0200,2023-07-25T12:00:00+0200,media,blank,,,,machine,2023-08-16T13:26:25+0000
628,PMR1-KB22PM,2483049,240b3b54a3ed85a7342d893134f91588,2023-07-26T12:00:00+0200,2023-07-26T12:00:00+0200,media,blank,,,,machine,2023-08-16T13:26:25+0000
629,PMR1-KB22PM,2483067,72e48383b8da1123b199089098ae681a,2023-07-27T00:39:46+0200,2023-07-27T00:39:46+0200,media,animal,,Alces alces,1,human,2023-08-18T10:22:50+0000
630,PMR1-KB22PM,2483050,6c410b36478b30da68bbab0ac9d2dc70,2023-07-27T12:00:00+0200,2023-07-27T12:00:00+0200,media,unclassified,,,,,
631,PMR1-KB22PM,2483051,3b98dd6efb353e409f90b5d9d3c44ba1,2023-07-28T12:00:00+0200,2023-07-28T12:00:00+0200,media,unclassified,,,,,
632,PMR1-KB22PM,2483052,298de13b12fe73cc1ec7a9d6cd9ad595,2023-07-29T12:00:00+0200,2023-07-29T12:00:00+0200,media,unclassified,,,,,
633,PMR1-KB22PM,2483053,20f94cbcb14e928e6aea4474843b2e39,2023-07-30T12:00:00+0200,2023-07-30T12:00:00+0200,media,unclassified,,,,,
634,PMR1-KB22PM,2483054,43f33e777db556cc012fb2311460400f,2023-07-31T12:00:00+0200,2023-07-31T12:00:00+0200,media,blank,,,,machine,2023-08-16T13:29:55+0000
635,PMR1-KB22PM,2483068,61089e14cd0828c19a8044a735781c1e,2023-08-01T04:01:12+0200,2023-08-01T04:01:12+0200,media,animal,,Capreolus capreolus,1,human,2023-08-21T09:11:02+0000
636,PMR1-KB22PM,2483055,9c3133fe3ae066c96a8d39cd6d70fae1,2023-08-01T12:00:00+0200,2023-08-01T12:00:00+0200,media,unclassified,,,,,
637,PMR1-KB22PM,2483056,8d8c9e1bae64f697e5ce5efbafc09d3c,2023-08-02T12:00:00+0200,2023-08-02T12:00:00+0200,media,unclassified,,,,,
638,PMR1-KB22PM,2483057,b970967809703f34d45d10f00e0d7e9a,2023-08-03T12:00:00+0200,2023-08-03T12:00:00+0200,media,unclassified,,,,,
639,PMR1-KB22PM,2483058,4bc389a76855663e34780652ee28c534,2023-08-04T12:00:00+0200,2023-08-04T12:00:00+0200,media,unclassified,,,,,
640,PMR1-KB22PM,2483059,aa3674dd06698ec0a383fec42b1d70dd,2023-08-05T12:00:00+0200,2023-08-05T12:00:00+0200,media,unclassified,,,,,
641,PMR1-KB22PM,2483060,acd92628b1799ae6539f523bb69f6dfe,2023-08-06T12:00:00+0200,2023-08-06T12:00:00+0200,media,unclassified,,,,,
642,PMR1-KB22PM,2483061,548d52aa7b64c6aca428a091fd9ac3b3,2023-08-07T12:00:00+0200,2023-08-07T12:00:00+0200,media,unclassified,,,,,
643,PMR1-KB22PM,2483062,856187dd375c9d0a36c8050d2457b95e,2023-08-08T12:00:00+0200,2023-08-08T12:00:00+0200,media,unclassified,,,,,
644,PMR1-KB22PM,2483069,9f9efccdb9e7c53d93fa698900161294,2023-08-09T05:12:16+0200,2023-08-09T05:12:16+0200,media,animal,,Grus grus,2,human,2023-08-23T14:57:05+0000
645,PMR1-KB22PM,2483069,9f9efccdb9e7c53d93fa698900161294,2023-08-09T05:12:16+0200,2023-08-09T05:12:16+0200,media,animal,,Grus grus,1,human,2023-08-23T14:57:05+0000
646,PMR1-KB22PM,2483063,6514c3a70e7af5f02bf4942bacfacfc2,2023-08-09T12:00:00+0200,2023-08-09T12:00:00+0200,media,unclassified,,,,,
647,PMR1-KB22PM,2483070,d402405ba3fe6d9bce1087d4975c550f,2023-08-10T06:00:30+0200,2023-08-10T06:00:30+0200,media,animal,,Grus grus,1,human,2023-08-21T11:28:54+0000
648,PMR1-KB22PM,2483064,3875955da87107490c34ad34d42689c6,2023-08-10T12:00:00+0200,2023-08-10T12:00:00+0200,media,unclassified,,,,,
649,PMR1-KB23PM,2483093,1351dcff75832433832b1baf20a493b0,2023-07-19T15:19:16+0200,2023-07-19T15:19:16+0200,media,human,setup,Homo sapiens,1,human,2023-08-18T07:37:40+0000
650,PMR1-KB23PM,2483094,1351dcff75832433832b1baf20a493b0,2023-07-19T15:20:00+0200,2023-07-19T15:20:00+0200,media,human,setup,Homo sapiens,1,human,2023-08-18T07:37:50+0000
651,PMR1-KB23PM,2483095,1351dcff75832433832b1baf20a493b0,2023-07-19T15:20:12+0200,2023-07-19T15:20:12+0200,media,human,setup,Homo sapiens,1,human,2023-08-18T07:38:39+0000
652,PMR1-KB23PM,2483096,1351dcff75832433832b1baf20a493b0,2023-07-19T15:20:28+0200,2023-07-19T15:20:28+0200,media,blank,setup,,,human,2023-08-18T07:39:29+0000
653,PMR1-KB23PM,2483097,1351dcff75832433832b1baf20a493b0,2023-07-19T15:21:06+0200,2023-07-19T15:21:06+0200,media,human,setup,Homo sapiens,1,human,2023-08-18T07:39:37+0000
654,PMR1-KB23PM,2483071,be44e623da6f380a183afcce19f1949e,2023-07-20T12:00:00+0200,2023-07-20T12:00:00+0200,media,blank,,,,machine,2023-08-16T13:22:03+0000
655,PMR1-KB23PM,2483072,afee5f619c39071f12a13bd22a3cb2fe,2023-07-21T12:00:00+0200,2023-07-21T12:00:00+0200,media,blank,,,,machine,2023-08-16T13:28:46+0000
656,PMR1-KB23PM,2483073,469b3a25c949f15540041c095075de59,2023-07-22T12:00:00+0200,2023-07-22T12:00:00+0200,media,blank,,,,machine,2023-08-16T13:28:46+0000
657,PMR1-KB23PM,2483074,7f807e4cb7d1435e54ef4826ba76348c,2023-07-23T12:00:00+0200,2023-07-23T12:00:00+0200,media,blank,,,,machine,2023-08-16T13:28:46+0000
658,PMR1-KB23PM,2483098,17505ae277f812b4ab83f2cdb614d48a,2023-07-24T02:40:58+0200,2023-07-24T02:40:58+0200,media,animal,,Capreolus capreolus,1,human,2023-08-18T10:02:52+0000
659,PMR1-KB23PM,2483075,8d4a677fea9f0f6fdbbf86353cdbee5a,2023-07-24T12:00:00+0200,2023-07-24T12:00:00+0200,media,unclassified,,,,,
660,PMR1-KB23PM,2483076,a401f047153bee121157430ed93ad63a,2023-07-25T12:00:00+0200,2023-07-25T12:00:00+0200,media,unclassified,,,,,
661,PMR1-KB23PM,2483077,f44442df1ce7dea81552807a6e8c86d1,2023-07-26T12:00:00+0200,2023-07-26T12:00:00+0200,media,blank,,,,machine,2023-08-16T13:26:25+0000
662,PMR1-KB23PM,2483078,d16b6b2ba0174794efc370e48f319b5f,2023-07-27T12:00:00+0200,2023-07-27T12:00:00+0200,media,blank,,,,machine,2023-08-16T13:25:17+0000
663,PMR1-KB23PM,2483079,bc3bc328688518ce061907aefe52fa69,2023-07-28T12:00:00+0200,2023-07-28T12:00:00+0200,media,blank,,,,machine,2023-08-16T13:25:17+0000
664,PMR1-KB23PM,2483080,02e2426a9f73ddd133f980a3bff9e2d1,2023-07-29T12:00:00+0200,2023-07-29T12:00:00+0200,media,unclassified,,,,,
665,PMR1-KB23PM,2483099,333fe2fbaf7a01e051e69c45e293cfe2,2023-07-30T07:01:28+0200,2023-07-30T07:01:28+0200,media,blank,,,,human,2023-08-21T08:52:08+0000
666,PMR1-KB23PM,2483100,333fe2fbaf7a01e051e69c45e293cfe2,2023-07-30T07:01:40+0200,2023-07-30T07:01:40+0200,media,blank,,,,human,2023-08-21T08:52:16+0000
667,PMR1-KB23PM,2483081,33fb7955458bb1818dffcf293c1bfd87,2023-07-30T12:00:00+0200,2023-07-30T12:00:00+0200,media,blank,,,,machine,2023-08-16T13:31:15+0000
668,PMR1-KB23PM,2483082,134087b5485b35d6756dca39feff75df,2023-07-31T12:00:00+0200,2023-07-31T12:00:00+0200,media,unclassified,,,,,
669,PMR1-KB23PM,2483083,2692d0bec48724d6777f4a2bec07b19b,2023-08-01T12:00:00+0200,2023-08-01T12:00:00+0200,media,blank,,,,machine,2023-08-16T13:29:55+0000
670,PMR1-KB23PM,2483101,ee20d44e886d8a14544943bc62a28719,2023-08-01T20:23:30+0200,2023-08-01T20:23:30+0200,media,animal,,Alces alces,1,human,2023-08-21T09:15:24+0000
671,PMR1-KB23PM,2483084,8ccb012bc212defefd4761cf0136a79a,2023-08-02T12:00:00+0200,2023-08-02T12:00:00+0200,media,unclassified,,,,,
672,PMR1-KB23PM,2483085,1680486d0bc82e96ac8d0bf43bb16427,2023-08-03T12:00:00+0200,2023-08-03T12:00:00+0200,media,blank,,,,machine,2023-08-16T13:33:33+0000
673,PMR1-KB23PM,2483086,959078f07a08c17f4d4622dc578240eb,2023-08-04T12:00:00+0200,2023-08-04T12:00:00+0200,media,blank,,,,machine,2023-08-16T13:34:53+0000
674,PMR1-KB23PM,2483087,05cc98c071427441172d5079f23183be,2023-08-05T12:00:00+0200,2023-08-05T12:00:00+0200,media,blank,,,,machine,2023-08-16T13:32:24+0000
675,PMR1-KB23PM,2483088,842b8e36dc38c82530f9dd707624f3c9,2023-08-06T12:00:00+0200,2023-08-06T12:00:00+0200,media,unclassified,,,,,
676,PMR1-KB23PM,2483089,334b224b837dc22810c5860ad1a9b60e,2023-08-07T12:00:00+0200,2023-08-07T12:00:00+0200,media,unclassified,,,,,
677,PMR1-KB23PM,2483090,83bb26fcb4a8991a5d6602f3fd463bae,2023-08-08T12:00:00+0200,2023-08-08T12:00:00+0200,media,unclassified,,,,,
678,PMR1-KB23PM,2483091,b409f7a3bb291de6df2be80b14a3570e,2023-08-09T12:00:00+0200,2023-08-09T12:00:00+0200,media,unclassified,,,,,
679,PMR1-KB23PM,2483092,2b134eb53e6b2186c6feb8c00aed9945,2023-08-10T12:00:00+0200,2023-08-10T12:00:00+0200,media,unclassified,,,,,
680,PMR1-KB24PM,2483122,7369fa8739baf76e4d0cce218b42eaaf,2023-07-20T15:27:40+0200,2023-07-20T15:27:40+0200,media,human,setup,Homo sapiens,1,human,2023-08-18T08:02:10+0000
681,PMR1-KB24PM,2483123,7369fa8739baf76e4d0cce218b42eaaf,2023-07-20T15:29:22+0200,2023-07-20T15:29:22+0200,media,human,setup,Homo sapiens,1,human,2023-08-18T08:02:20+0000
682,PMR1-KB24PM,2483102,2f456ab549be07c9fa1fb276ac591ec4,2023-07-21T12:00:00+0200,2023-07-21T12:00:00+0200,media,blank,,,,machine,2023-08-16T13:28:46+0000
683,PMR1-KB24PM,2483124,745d90e5c275c3d75272348c7ceb52fd,2023-07-21T13:47:20+0200,2023-07-21T13:47:20+0200,media,animal,,Sciurus vulgaris,1,human,2023-08-18T09:50:28+0000
684,PMR1-KB24PM,2483103,8c67abddf8a0961ea14fadaab7adefa4,2023-07-22T12:00:00+0200,2023-07-22T12:00:00+0200,media,blank,,,,machine,2023-08-16T13:28:46+0000
685,PMR1-KB24PM,2483104,dd950b3420fbe8c76b9ffec40568039b,2023-07-23T12:00:00+0200,2023-07-23T12:00:00+0200,media,unclassified,,,,,
686,PMR1-KB24PM,2483125,6452612fffe3c999b3e76504f29920cd,2023-07-23T21:10:24+0200,2023-07-23T21:10:24+0200,media,animal,,Alces alces,1,human,2023-08-18T10:01:07+0000
687,PMR1-KB24PM,2483126,6452612fffe3c999b3e76504f29920cd,2023-07-23T21:10:32+0200,2023-07-23T21:10:32+0200,media,animal,,Alces alces,1,human,2023-08-18T10:01:48+0000
688,PMR1-KB24PM,2483127,6452612fffe3c999b3e76504f29920cd,2023-07-23T21:10:52+0200,2023-07-23T21:10:52+0200,media,animal,,Alces alces,1,human,2023-08-18T10:02:09+0000
689,PMR1-KB24PM,2483128,b3ac73bd9318a93b54097f2be9a35ca2,2023-07-24T11:45:12+0200,2023-07-24T11:45:12+0200,media,animal,,Sciurus vulgaris,1,human,2023-08-18T10:04:07+0000
690,PMR1-KB24PM,2483105,bfb4d640d8ea5c228498195a065fa6c0,2023-07-24T12:00:00+0200,2023-07-24T12:00:00+0200,media,blank,,,,machine,2023-08-16T13:27:35+0000
691,PMR1-KB24PM,2483106,5cf9b93c547840142195cd51702fc1e5,2023-07-25T12:00:00+0200,2023-07-25T12:00:00+0200,media,blank,,,,machine,2023-08-16T13:26:25+0000
692,PMR1-KB24PM,2483107,702d040878213acb32c8632270af92e3,2023-07-26T12:00:00+0200,2023-07-26T12:00:00+0200,media,blank,,,,machine,2023-08-16T13:26:25+0000
693,PMR1-KB24PM,2483129,fe34a0ff0597ffb430741c74e6152621,2023-07-27T09:26:52+0200,2023-07-27T09:26:52+0200,media,animal,,Vulpes vulpes,1,human,2023-08-22T08:29:18+0000
694,PMR1-KB24PM,2483130,fe34a0ff0597ffb430741c74e6152621,2023-07-27T09:27:32+0200,2023-07-27T09:27:32+0200,media,animal,,Vulpes vulpes,1,human,2023-08-22T08:29:31+0000
695,PMR1-KB24PM,2483108,e3fbc6ab167cc2576ead074247f23da2,2023-07-27T12:00:00+0200,2023-07-27T12:00:00+0200,media,unclassified,,,,,
696,PMR1-KB24PM,2483131,da1d9e70e556c2384389cc018bd6ebc9,2023-07-27T14:30:42+0200,2023-07-27T14:30:42+0200,media,animal,,Sciurus vulgaris,1,human,2023-08-21T07:35:54+0000
697,PMR1-KB24PM,2483109,e3256558f4c231ab5c85e4ce085eec71,2023-07-28T12:00:00+0200,2023-07-28T12:00:00+0200,media,blank,,,,machine,2023-08-16T13:25:17+0000
698,PMR1-KB24PM,2483132,4fa7e61f8eab1061dc6eddfdd6a62431,2023-07-28T14:29:42+0200,2023-07-28T14:29:42+0200,media,animal,,Alces alces,1,human,2023-08-23T14:43:04+0000
699,PMR1-KB24PM,2483132,4fa7e61f8eab1061dc6eddfdd6a62431,2023-07-28T14:29:42+0200,2023-07-28T14:29:42+0200,media,animal,,Alces alces,1,human,2023-08-23T14:43:04+0000
700,PMR1-KB24PM,2483110,bf0ff7fd00c42cea0f6ff7e2aff98dfa,2023-07-29T12:00:00+0200,2023-07-29T12:00:00+0200,media,blank,,,,machine,2023-08-16T13:31:15+0000
701,PMR1-KB24PM,2483111,4e9ecd5ecbefaaffed5191c4ed7ad3bb,2023-07-30T12:00:00+0200,2023-07-30T12:00:00+0200,media,unclassified,,,,,
702,PMR1-KB24PM,2483112,1e160107aa37f37b2e3434df2b8db241,2023-07-31T12:00:00+0200,2023-07-31T12:00:00+0200,media,blank,,,,machine,2023-08-16T13:29:55+0000
703,PMR1-KB24PM,2483133,2f68ca143536b6ab3a4a62e966487f83,2023-08-01T09:20:50+0200,2023-08-01T09:20:50+0200,media,animal,,Martes martes,1,human,2023-08-23T14:46:29+0000
704,PMR1-KB24PM,2483133,2f68ca143536b6ab3a4a62e966487f83,2023-08-01T09:20:50+0200,2023-08-01T09:20:50+0200,media,animal,,Martes martes,1,human,2023-08-23T14:46:29+0000
705,PMR1-KB24PM,2483113,426a9d7e705d0bdd7ce93a4a352b0a0c,2023-08-01T12:00:00+0200,2023-08-01T12:00:00+0200,media,unclassified,,,,,
706,PMR1-KB24PM,2483134,e922815790af80d26713a0215b50b24e,2023-08-02T07:22:18+0200,2023-08-02T07:22:18+0200,media,animal,,Vulpes vulpes,1,human,2023-08-21T09:23:32+0000
707,PMR1-KB24PM,2483114,469d94f5b31c4e2da0a8e2acde310c64,2023-08-02T12:00:00+0200,2023-08-02T12:00:00+0200,media,blank,,,,machine,2023-08-16T13:33:33+0000
708,PMR1-KB24PM,2483115,6be0b686f3edfe1cb4113ea6d26996c7,2023-08-03T12:00:00+0200,2023-08-03T12:00:00+0200,media,unclassified,,,,,
709,PMR1-KB24PM,2483135,a5644a5ad37facc2acb0bb7f5ce3c4cf,2023-08-04T01:10:18+0200,2023-08-04T01:10:18+0200,media,animal,,Alces alces,1,human,2023-08-23T14:48:33+0000
710,PMR1-KB24PM,2483116,eea714ac9ca22727ac1dbdb50248801f,2023-08-04T12:00:00+0200,2023-08-04T12:00:00+0200,media,blank,,,,machine,2023-08-16T13:34:53+0000
711,PMR1-KB24PM,2483117,5f83e979bdaa95be5aa95a91998b653a,2023-08-05T12:00:00+0200,2023-08-05T12:00:00+0200,media,unclassified,,,,,
712,PMR1-KB24PM,2483136,e11c385d2951d6e0e5539c884776d004,2023-08-05T19:36:18+0200,2023-08-05T19:36:18+0200,media,animal,,Vulpes vulpes,1,human,2023-08-21T09:42:53+0000
713,PMR1-KB24PM,2483137,75570433c581f5f51508d52a0431e5c4,2023-08-06T03:17:54+0200,2023-08-06T03:17:54+0200,media,animal,,Meles meles,1,human,2023-08-21T09:44:58+0000
714,PMR1-KB24PM,2483138,75570433c581f5f51508d52a0431e5c4,2023-08-06T03:18:42+0200,2023-08-06T03:18:42+0200,media,animal,,Meles meles,1,human,2023-08-21T09:44:58+0000
715,PMR1-KB24PM,2483118,49fb81977929b89939a23f1f4dbe2f48,2023-08-06T12:00:00+0200,2023-08-06T12:00:00+0200,media,unclassified,,,,,
716,PMR1-KB24PM,2483119,441230fc964b074d81da253183169172,2023-08-07T12:00:00+0200,2023-08-07T12:00:00+0200,media,blank,,,,machine,2023-08-16T13:36:58+0000
717,PMR1-KB24PM,2483120,557a805fd2367f53bf5722dcf569895d,2023-08-08T12:00:00+0200,2023-08-08T12:00:00+0200,media,unclassified,,,,,
718,PMR1-KB24PM,2483121,af54211020bf2e87861ce35fd51ce22b,2023-08-09T12:00:00+0200,2023-08-09T12:00:00+0200,media,unclassified,,,,,
719,PMR1-KB24PM,2483139,a73a3aeb42755c9f5b40b0af5d116093,2023-08-10T06:19:34+0200,2023-08-10T06:19:34+0200,media,animal,,Capreolus capreolus,1,human,2023-08-21T11:30:41+0000
720,PMR1-KB24PM,2483140,a73a3aeb42755c9f5b40b0af5d116093,2023-08-10T06:19:50+0200,2023-08-10T06:19:50+0200,media,animal,,Capreolus capreolus,1,human,2023-08-21T11:31:18+0000
721,PMR1-KB24PM,2483141,d0eed8fc0cb9cca684da7e66e1577806,2023-08-10T10:54:42+0200,2023-08-10T10:54:42+0200,media,human,setup,Homo sapiens,1,human,2023-08-21T11:32:20+0000
722,PMR1-KB25PM,2483163,5115be3ddf3c2807ccbfc22dcf631bc0,2023-07-20T13:42:36+0200,2023-07-20T13:42:36+0200,media,human,setup,Homo sapiens,1,human,2023-08-18T08:00:44+0000
723,PMR1-KB25PM,2483164,5115be3ddf3c2807ccbfc22dcf631bc0,2023-07-20T13:42:50+0200,2023-07-20T13:42:50+0200,media,human,setup,Homo sapiens,1,human,2023-08-18T08:00:53+0000
724,PMR1-KB25PM,2483142,48f1a22490f6f0acf4de3bfe808e678f,2023-07-21T12:00:00+0200,2023-07-21T12:00:00+0200,media,blank,,,,machine,2023-08-16T13:28:46+0000
725,PMR1-KB25PM,2483143,71b05d4fec6958ba0d6038d2ef5e51c8,2023-07-22T12:00:00+0200,2023-07-22T12:00:00+0200,media,blank,,,,machine,2023-08-16T13:28:46+0000
726,PMR1-KB25PM,2483144,bf216aec743f2fe426765d4a5ab6cf67,2023-07-23T12:00:00+0200,2023-07-23T12:00:00+0200,media,blank,,,,machine,2023-08-16T13:27:35+0000
727,PMR1-KB25PM,2483145,26f283a52bd3a77d08863a3c78367331,2023-07-24T12:00:00+0200,2023-07-24T12:00:00+0200,media,blank,,,,machine,2023-08-16T13:27:35+0000
728,PMR1-KB25PM,2483146,4fdfaf7c41f3b90d148c4b9908dccbe0,2023-07-25T12:00:00+0200,2023-07-25T12:00:00+0200,media,blank,,,,machine,2023-08-16T13:26:25+0000
729,PMR1-KB25PM,2483147,6b1db7e219582c67a4e7edfd76a3ea10,2023-07-26T12:00:00+0200,2023-07-26T12:00:00+0200,media,blank,,,,machine,2023-08-16T13:26:25+0000
730,PMR1-KB25PM,2483148,2ad39d076587cdd15e84ccb115faaf9c,2023-07-27T12:00:00+0200,2023-07-27T12:00:00+0200,media,unclassified,,,,,
731,PMR1-KB25PM,2483149,dfa94aef090e1534b61caa59f2cfc38f,2023-07-28T12:00:00+0200,2023-07-28T12:00:00+0200,media,blank,,,,machine,2023-08-16T13:25:17+0000
732,PMR1-KB25PM,2483150,fce71d99538e4e52eb65709810a2cab0,2023-07-29T12:00:00+0200,2023-07-29T12:00:00+0200,media,blank,,,,machine,2023-08-16T13:31:15+0000
733,PMR1-KB25PM,2483165,d2d1d5d06c2c3a9a012028fb1fd7f0ac,2023-07-29T23:27:32+0200,2023-07-29T23:27:32+0200,media,animal,,Lepus timidus,1,human,2023-08-21T08:47:53+0000
734,PMR1-KB25PM,2483166,d2d1d5d06c2c3a9a012028fb1fd7f0ac,2023-07-29T23:27:58+0200,2023-07-29T23:27:58+0200,media,animal,,Lepus timidus,1,human,2023-08-21T08:47:53+0000
735,PMR1-KB25PM,2483167,d2d1d5d06c2c3a9a012028fb1fd7f0ac,2023-07-29T23:28:08+0200,2023-07-29T23:28:08+0200,media,animal,,Lepus timidus,1,human,2023-08-21T08:47:53+0000
736,PMR1-KB25PM,2483168,d2d1d5d06c2c3a9a012028fb1fd7f0ac,2023-07-29T23:28:16+0200,2023-07-29T23:28:16+0200,media,animal,,Lepus timidus,1,human,2023-08-21T08:47:53+0000
737,PMR1-KB25PM,2483169,d2d1d5d06c2c3a9a012028fb1fd7f0ac,2023-07-29T23:28:26+0200,2023-07-29T23:28:26+0200,media,animal,,Lepus timidus,1,human,2023-08-21T08:47:53+0000
738,PMR1-KB25PM,2483170,d2d1d5d06c2c3a9a012028fb1fd7f0ac,2023-07-29T23:28:30+0200,2023-07-29T23:28:30+0200,media,animal,,Lepus timidus,1,human,2023-08-21T08:47:53+0000
739,PMR1-KB25PM,2483171,d2d1d5d06c2c3a9a012028fb1fd7f0ac,2023-07-29T23:28:40+0200,2023-07-29T23:28:40+0200,media,animal,,Lepus timidus,1,human,2023-08-21T08:47:53+0000
740,PMR1-KB25PM,2483151,c6fa8bc9e62b597fc77d418e787876c2,2023-07-30T12:00:00+0200,2023-07-30T12:00:00+0200,media,unclassified,,,,,
741,PMR1-KB25PM,2483152,94f271d0feb8ee967cf4226424081fe9,2023-07-31T12:00:00+0200,2023-07-31T12:00:00+0200,media,unclassified,,,,,
742,PMR1-KB25PM,2483153,75194e354f953ed41227e72e61aea949,2023-08-01T12:00:00+0200,2023-08-01T12:00:00+0200,media,blank,,,,machine,2023-08-16T13:29:55+0000
743,PMR1-KB25PM,2483172,625874885d25e61afb52e23f1d148f45,2023-08-02T05:50:28+0200,2023-08-02T05:50:28+0200,media,animal,,Capreolus capreolus,1,human,2023-08-23T14:46:58+0000
744,PMR1-KB25PM,2483154,2a7efeabd369f9bde391b0a68d43bddd,2023-08-02T12:00:00+0200,2023-08-02T12:00:00+0200,media,blank,,,,machine,2023-08-16T13:33:33+0000
745,PMR1-KB25PM,2483155,4f5c55bd7cd7bc5bdcecfe3320a7b5ab,2023-08-03T12:00:00+0200,2023-08-03T12:00:00+0200,media,blank,,,,machine,2023-08-16T13:34:53+0000
746,PMR1-KB25PM,2483156,2e3a3c876dfb4b1bb4a7521797d73fdf,2023-08-04T12:00:00+0200,2023-08-04T12:00:00+0200,media,unclassified,,,,,
747,PMR1-KB25PM,2483173,6dbe823f86283a70cbb4b546b6c0f11f,2023-08-05T04:22:56+0200,2023-08-05T04:22:56+0200,media,animal,,Perisoreus infaustus,1,human,2023-08-23T14:50:03+0000
748,PMR1-KB25PM,2483157,cc18fd50a29059904217cfc9783c2da6,2023-08-05T12:00:00+0200,2023-08-05T12:00:00+0200,media,unclassified,,,,,
749,PMR1-KB25PM,2483158,37d732860bb57787833a8c60c97e83e6,2023-08-06T12:00:00+0200,2023-08-06T12:00:00+0200,media,unclassified,,,,,
750,PMR1-KB25PM,2483159,23653e8af41fbf550fd57d7efe03c671,2023-08-07T12:00:00+0200,2023-08-07T12:00:00+0200,media,blank,,,,machine,2023-08-16T13:36:58+0000
751,PMR1-KB25PM,2483174,d5217983fa36f249fcc69e2f14da7698,2023-08-08T05:32:18+0200,2023-08-08T05:32:18+0200,media,animal,,Capreolus capreolus,1,human,2023-08-21T11:22:26+0000
752,PMR1-KB25PM,2483160,a148ac6cf3fa41ee9e80b6dc539759a6,2023-08-08T12:00:00+0200,2023-08-08T12:00:00+0200,media,unclassified,,,,,
753,PMR1-KB25PM,2483161,796a6e1550820ef530afe41de9a14440,2023-08-09T12:00:00+0200,2023-08-09T12:00:00+0200,media,unclassified,,,,,
754,PMR1-KB25PM,2483162,df7717ce20d217a7da901d45d7e42dff,2023-08-10T12:00:00+0200,2023-08-10T12:00:00+0200,media,blank,,,,machine,2023-08-16T13:35:26+0000
755,PMR1-KB26PM,2483197,bc1eb4450db395c8c369a8da5f1d7542,2023-07-19T15:49:56+0200,2023-07-19T15:49:56+0200,media,human,setup,Homo sapiens,1,human,2023-08-18T07:40:03+0000
756,PMR1-KB26PM,2483198,bc1eb4450db395c8c369a8da5f1d7542,2023-07-19T15:50:14+0200,2023-07-19T15:50:14+0200,media,blank,setup,,,human,2023-08-22T08:01:34+0000
757,PMR1-KB26PM,2483199,c27903693e0c952390de4ec12641acb7,2023-07-20T09:50:28+0200,2023-07-20T09:50:28+0200,media,animal,,Alces alces,1,human,2023-08-18T07:44:42+0000
758,PMR1-KB26PM,2483200,c27903693e0c952390de4ec12641acb7,2023-07-20T09:50:42+0200,2023-07-20T09:50:42+0200,media,animal,,Alces alces,1,human,2023-08-18T07:45:32+0000
759,PMR1-KB26PM,2483201,c27903693e0c952390de4ec12641acb7,2023-07-20T09:50:50+0200,2023-07-20T09:50:50+0200,media,animal,,Alces alces,1,human,2023-08-18T07:46:08+0000
760,PMR1-KB26PM,2483202,c27903693e0c952390de4ec12641acb7,2023-07-20T09:51:06+0200,2023-07-20T09:51:06+0200,media,animal,,Alces alces,1,human,2023-08-18T07:46:29+0000
761,PMR1-KB26PM,2483203,c27903693e0c952390de4ec12641acb7,2023-07-20T09:51:34+0200,2023-07-20T09:51:34+0200,media,animal,,Alces alces,1,human,2023-08-18T07:48:54+0000
762,PMR1-KB26PM,2483204,c27903693e0c952390de4ec12641acb7,2023-07-20T09:52:00+0200,2023-07-20T09:52:00+0200,media,animal,,Alces alces,1,human,2023-08-18T07:49:15+0000
763,PMR1-KB26PM,2483205,c27903693e0c952390de4ec12641acb7,2023-07-20T09:52:18+0200,2023-07-20T09:52:18+0200,media,animal,,Alces alces,1,human,2023-08-18T07:49:32+0000
764,PMR1-KB26PM,2483206,c27903693e0c952390de4ec12641acb7,2023-07-20T09:52:28+0200,2023-07-20T09:52:28+0200,media,animal,,Alces alces,1,human,2023-08-18T07:49:56+0000
765,PMR1-KB26PM,2483207,c27903693e0c952390de4ec12641acb7,2023-07-20T09:52:38+0200,2023-07-20T09:52:38+0200,media,animal,,Alces alces,1,human,2023-08-18T07:50:23+0000
766,PMR1-KB26PM,2483175,c4a77a047c93e31e60a78e97b2f8b261,2023-07-20T12:00:00+0200,2023-07-20T12:00:00+0200,media,unclassified,,,,,
767,PMR1-KB26PM,2483176,2fbd4993f9a7e8b3776eac23a5761e0c,2023-07-21T12:00:00+0200,2023-07-21T12:00:00+0200,media,blank,,,,machine,2023-08-16T13:22:03+0000
768,PMR1-KB26PM,2483177,596faabf363851e11e22402d21eb5347,2023-07-22T12:00:00+0200,2023-07-22T12:00:00+0200,media,blank,,,,machine,2023-08-16T13:28:46+0000
769,PMR1-KB26PM,2483178,3c90c90b7b926e4bb43f533c2439e30f,2023-07-23T12:00:00+0200,2023-07-23T12:00:00+0200,media,blank,,,,machine,2023-08-16T13:27:35+0000
770,PMR1-KB26PM,2483179,40a7ee8ac9277183e0e07371573cde5a,2023-07-24T12:00:00+0200,2023-07-24T12:00:00+0200,media,blank,,,,machine,2023-08-16T13:27:35+0000
771,PMR1-KB26PM,2483180,ba38d08eb8090b95d5a91385f404ee51,2023-07-25T12:00:00+0200,2023-07-25T12:00:00+0200,media,blank,,,,machine,2023-08-16T13:26:25+0000
772,PMR1-KB26PM,2483181,b515ef09269057efdca0cdcc51e31a65,2023-07-26T12:00:00+0200,2023-07-26T12:00:00+0200,media,blank,,,,machine,2023-08-16T13:26:25+0000
773,PMR1-KB26PM,2483182,1bf0cdfdb99a520d49733314732a0ef8,2023-07-27T12:00:00+0200,2023-07-27T12:00:00+0200,media,blank,,,,machine,2023-08-16T13:25:17+0000
774,PMR1-KB26PM,2483183,95ac37cdf25c9d663e2a13143571b8b8,2023-07-28T12:00:00+0200,2023-07-28T12:00:00+0200,media,blank,,,,machine,2023-08-16T13:25:17+0000
775,PMR1-KB26PM,2483184,798dad82b651ff0371e4a655e56bbca5,2023-07-29T12:00:00+0200,2023-07-29T12:00:00+0200,media,blank,,,,machine,2023-08-16T13:31:15+0000
776,PMR1-KB26PM,2483185,53ec9a692cd770d6e4f0c6673451ff60,2023-07-30T12:00:00+0200,2023-07-30T12:00:00+0200,media,blank,,,,machine,2023-08-16T13:31:15+0000
777,PMR1-KB26PM,2483186,e52a4654db2ae6e4d20bd326dda335a3,2023-07-31T12:00:00+0200,2023-07-31T12:00:00+0200,media,blank,,,,machine,2023-08-16T13:29:55+0000
778,PMR1-KB26PM,2483187,9418929270b77576d60d9660a62614b0,2023-08-01T12:00:00+0200,2023-08-01T12:00:00+0200,media,blank,,,,machine,2023-08-16T13:29:55+0000
779,PMR1-KB26PM,2483188,0e2e8e4582bd46f433fc439889ed4b45,2023-08-02T12:00:00+0200,2023-08-02T12:00:00+0200,media,blank,,,,machine,2023-08-16T13:33:33+0000
780,PMR1-KB26PM,2483189,42b6de104e1b360b509357c06e6df466,2023-08-03T12:00:00+0200,2023-08-03T12:00:00+0200,media,blank,,,,machine,2023-08-16T13:34:53+0000
781,PMR1-KB26PM,2483190,49a9ebe2c50b99b30b4e5dea29eec9c3,2023-08-04T12:00:00+0200,2023-08-04T12:00:00+0200,media,blank,,,,machine,2023-08-16T13:34:53+0000
782,PMR1-KB26PM,2483191,8709957738a67f5d704da69e5a488def,2023-08-05T12:00:00+0200,2023-08-05T12:00:00+0200,media,unclassified,,,,,
783,PMR1-KB26PM,2483208,eb7b54e4b86f7f5f57f0719b31374a21,2023-08-05T13:52:12+0200,2023-08-05T13:52:12+0200,media,blank,,,,human,2023-08-21T09:42:13+0000
784,PMR1-KB26PM,2483192,9a12428e5cf946c1804ab4417dabda92,2023-08-06T12:00:00+0200,2023-08-06T12:00:00+0200,media,blank,,,,machine,2023-08-16T13:32:24+0000
785,PMR1-KB26PM,2483193,c43eed0f091fc5180c7f7e8acbd9e52d,2023-08-07T12:00:00+0200,2023-08-07T12:00:00+0200,media,blank,,,,machine,2023-08-16T13:36:58+0000
786,PMR1-KB26PM,2483194,4c7dc2d4f90814b5e7f383592fedbc18,2023-08-08T12:00:00+0200,2023-08-08T12:00:00+0200,media,unclassified,,,,,
787,PMR1-KB26PM,2483195,141bd124cfe4f233aea7cf34e3ec7cdc,2023-08-09T12:00:00+0200,2023-08-09T12:00:00+0200,media,unclassified,,,,,
788,PMR1-KB26PM,2483196,3c57fcc94c3a462c7076235cbe634372,2023-08-10T12:00:00+0200,2023-08-10T12:00:00+0200,media,blank,,,,machine,2023-08-16T13:35:26+0000
789,PMR1-KB27PM,2483230,dfdbb4c401466b44dc70678950c91263,2023-07-19T16:30:48+0200,2023-07-19T16:30:48+0200,media,human,setup,Homo sapiens,1,human,2023-08-18T07:40:56+0000
790,PMR1-KB27PM,2483231,dfdbb4c401466b44dc70678950c91263,2023-07-19T16:31:16+0200,2023-07-19T16:31:16+0200,media,human,setup,Homo sapiens,1,human,2023-08-18T07:41:39+0000
791,PMR1-KB27PM,2483232,dfdbb4c401466b44dc70678950c91263,2023-07-19T16:31:28+0200,2023-07-19T16:31:28+0200,media,human,setup,Homo sapiens,1,human,2023-08-18T07:41:51+0000
792,PMR1-KB27PM,2483233,dfdbb4c401466b44dc70678950c91263,2023-07-19T16:31:48+0200,2023-07-19T16:31:48+0200,media,human,setup,Homo sapiens,1,human,2023-08-18T07:41:59+0000
793,PMR1-KB27PM,2483234,dfdbb4c401466b44dc70678950c91263,2023-07-19T16:31:58+0200,2023-07-19T16:31:58+0200,media,human,setup,Homo sapiens,1,human,2023-08-18T07:42:08+0000
794,PMR1-KB27PM,2483235,dfdbb4c401466b44dc70678950c91263,2023-07-19T16:32:10+0200,2023-07-19T16:32:10+0200,media,human,setup,Homo sapiens,1,human,2023-08-18T07:42:16+0000
795,PMR1-KB27PM,2483236,dfdbb4c401466b44dc70678950c91263,2023-07-19T16:32:24+0200,2023-07-19T16:32:24+0200,media,human,setup,Homo sapiens,1,human,2023-08-18T07:42:25+0000
796,PMR1-KB27PM,2483209,0c293f2e2d176c20e67657de29ace47c,2023-07-20T12:00:00+0200,2023-07-20T12:00:00+0200,media,blank,,,,machine,2023-08-16T13:22:03+0000
797,PMR1-KB27PM,2483210,39beac8a64180b8ec0afd61d51b5f8f1,2023-07-21T12:00:00+0200,2023-07-21T12:00:00+0200,media,blank,,,,machine,2023-08-16T13:28:46+0000
798,PMR1-KB27PM,2483211,e13552778316dc20f18d6be894958cf1,2023-07-22T12:00:00+0200,2023-07-22T12:00:00+0200,media,blank,,,,machine,2023-08-16T13:28:46+0000
799,PMR1-KB27PM,2483212,3a13108b1e422233156eb9ef398f3fb9,2023-07-23T12:00:00+0200,2023-07-23T12:00:00+0200,media,blank,,,,machine,2023-08-16T13:27:35+0000
800,PMR1-KB27PM,2483213,b644b8c066fa5969322efc4db58f4e43,2023-07-24T12:00:00+0200,2023-07-24T12:00:00+0200,media,blank,,,,machine,2023-08-16T13:27:35+0000
801,PMR1-KB27PM,2483237,9c8ce68ec9d05ac2d7b6d49f2a7b07d7,2023-07-24T17:44:04+0200,2023-07-24T17:44:04+0200,media,blank,,,,human,2023-08-18T10:06:15+0000
802,PMR1-KB27PM,2483214,010c17348acb98ed2effea2559c65134,2023-07-25T12:00:00+0200,2023-07-25T12:00:00+0200,media,blank,,,,machine,2023-08-16T13:27:35+0000
803,PMR1-KB27PM,2483238,1c725b518bbfaf6e1119a3de82f47d3e,2023-07-25T21:35:44+0200,2023-07-25T21:35:44+0200,media,animal,,Vulpes vulpes,1,human,2023-08-22T08:27:38+0000
804,PMR1-KB27PM,2483215,81bfa8ee51c61141394e5d94fb6db5cc,2023-07-26T12:00:00+0200,2023-07-26T12:00:00+0200,media,blank,,,,machine,2023-08-16T13:26:25+0000
805,PMR1-KB27PM,2483216,ba446f2dc1016744d7ee6063d439fdb0,2023-07-27T12:00:00+0200,2023-07-27T12:00:00+0200,media,blank,,,,machine,2023-08-16T13:25:17+0000
806,PMR1-KB27PM,2483217,84d3a1f5d0ab54978e27a75ebe5c0b9c,2023-07-28T12:00:00+0200,2023-07-28T12:00:00+0200,media,blank,,,,machine,2023-08-16T13:25:17+0000
807,PMR1-KB27PM,2483218,66998570be596c2915569dc7e26cd090,2023-07-29T12:00:00+0200,2023-07-29T12:00:00+0200,media,unclassified,,,,,
808,PMR1-KB27PM,2483219,e530bc1ca3f706c7e205c87f1c4b593a,2023-07-30T12:00:00+0200,2023-07-30T12:00:00+0200,media,blank,,,,machine,2023-08-16T13:29:55+0000
809,PMR1-KB27PM,2483220,bb28ab49d8ef0f1f4e225d4aa8297303,2023-07-31T12:00:00+0200,2023-07-31T12:00:00+0200,media,blank,,,,machine,2023-08-16T13:29:55+0000
810,PMR1-KB27PM,2483221,08a8d274ef4d422f6e755b2dc9fa273d,2023-08-01T12:00:00+0200,2023-08-01T12:00:00+0200,media,blank,,,,machine,2023-08-16T13:33:33+0000
811,PMR1-KB27PM,2483239,03b3ae57ec5ec60c1213f32444e3b5e5,2023-08-02T00:37:30+0200,2023-08-02T00:37:30+0200,media,animal,,Martes martes,1,human,2023-08-23T12:35:38+0000
812,PMR1-KB27PM,2483240,03b3ae57ec5ec60c1213f32444e3b5e5,2023-08-02T00:37:36+0200,2023-08-02T00:37:36+0200,media,animal,,Martes martes,1,human,2023-08-23T14:34:39+0000
813,PMR1-KB27PM,2483241,03b3ae57ec5ec60c1213f32444e3b5e5,2023-08-02T00:37:46+0200,2023-08-02T00:37:46+0200,media,animal,,Martes martes,1,human,2023-08-23T14:34:48+0000
814,PMR1-KB27PM,2483242,03b3ae57ec5ec60c1213f32444e3b5e5,2023-08-02T00:37:54+0200,2023-08-02T00:37:54+0200,media,animal,,Martes martes,1,human,2023-08-23T14:35:05+0000
815,PMR1-KB27PM,2483243,03b3ae57ec5ec60c1213f32444e3b5e5,2023-08-02T00:38:00+0200,2023-08-02T00:38:00+0200,media,animal,,Martes martes,1,human,2023-08-23T14:35:16+0000
816,PMR1-KB27PM,2483222,701530fbfeff017b7469965587835a47,2023-08-02T12:00:00+0200,2023-08-02T12:00:00+0200,media,blank,,,,machine,2023-08-16T13:33:33+0000
817,PMR1-KB27PM,2483223,c278b9a0e7493920fa321308bc4e5139,2023-08-03T12:00:00+0200,2023-08-03T12:00:00+0200,media,blank,,,,machine,2023-08-16T13:34:53+0000
818,PMR1-KB27PM,2483224,c4c039658e38625a76bb6b14330cf115,2023-08-04T12:00:00+0200,2023-08-04T12:00:00+0200,media,blank,,,,machine,2023-08-16T13:34:53+0000
819,PMR1-KB27PM,2483225,481d3ef89d1b73e9526ccf42ca1bf4da,2023-08-05T12:00:00+0200,2023-08-05T12:00:00+0200,media,blank,,,,machine,2023-08-16T13:32:24+0000
820,PMR1-KB27PM,2483226,3fb090c82415dec495decc947540c93e,2023-08-06T12:00:00+0200,2023-08-06T12:00:00+0200,media,blank,,,,machine,2023-08-16T13:32:24+0000
821,PMR1-KB27PM,2483227,04af12a9a92831ff6f589d78eb7539e1,2023-08-07T12:00:00+0200,2023-08-07T12:00:00+0200,media,blank,,,,machine,2023-08-16T13:36:58+0000
822,PMR1-KB27PM,2483228,ed2a50da8eb9f35192ef2a2ca15b105b,2023-08-08T12:00:00+0200,2023-08-08T12:00:00+0200,media,blank,,,,machine,2023-08-16T13:36:58+0000
823,PMR1-KB27PM,2483229,0d96de7e25c9d1f1a050f0f8f7b75854,2023-08-09T12:00:00+0200,2023-08-09T12:00:00+0200,media,blank,,,,machine,2023-08-16T13:36:58+0000
824,PMR2-KB01PM,2494476,622a8ec08f4a0381e70c69d533299e3d,2023-08-08T11:13:12+0200,2023-08-08T11:13:12+0200,media,human,setup,Homo sapiens,1,human,2023-09-21T13:17:26+0000
825,PMR2-KB01PM,2494477,622a8ec08f4a0381e70c69d533299e3d,2023-08-08T11:13:40+0200,2023-08-08T11:13:40+0200,media,blank,setup,,,human,2023-09-21T13:17:36+0000
826,PMR2-KB01PM,2494478,622a8ec08f4a0381e70c69d533299e3d,2023-08-08T11:15:24+0200,2023-08-08T11:15:24+0200,media,human,setup,Homo sapiens,1,human,2023-09-21T13:17:44+0000
827,PMR2-KB01PM,2494479,622a8ec08f4a0381e70c69d533299e3d,2023-08-08T11:15:32+0200,2023-08-08T11:15:32+0200,media,human,setup,Homo sapiens,1,human,2023-09-21T13:17:53+0000
828,PMR2-KB01PM,2494480,b947a29d946af6f1e5d0963c8c82b606,2023-08-08T12:00:00+0200,2023-08-08T12:00:00+0200,media,unclassified,,,,,
829,PMR2-KB01PM,2494481,d79810321311316eb1825daa21ac7b6e,2023-08-09T12:00:00+0200,2023-08-09T12:00:00+0200,media,unclassified,,,,,
830,PMR2-KB01PM,2494482,bf6985488b101826409e768b2010da05,2023-08-10T12:00:00+0200,2023-08-10T12:00:00+0200,media,unclassified,,,,,
831,PMR2-KB01PM,2494483,e3a5d67882cea370e02c8f07871d9480,2023-08-11T12:00:00+0200,2023-08-11T12:00:00+0200,media,unclassified,,,,,
832,PMR2-KB01PM,2494484,6d270ddbc12ff7b313d8cc742e66e845,2023-08-12T12:00:00+0200,2023-08-12T12:00:00+0200,media,unclassified,,,,,
833,PMR2-KB01PM,2494485,ce06b1b2c219aaeb46263df5d0f73e4a,2023-08-13T12:00:00+0200,2023-08-13T12:00:00+0200,media,unclassified,,,,,
834,PMR2-KB01PM,2494486,3c0824ec4a33e1eb7d7a9ccfb9548a29,2023-08-14T12:00:00+0200,2023-08-14T12:00:00+0200,media,unclassified,,,,,
835,PMR2-KB01PM,2494487,82b7d6b8f58011293d004ec6320dc2c2,2023-08-15T00:10:56+0200,2023-08-15T00:10:56+0200,media,blank,,,,human,2023-09-21T13:58:12+0000
836,PMR2-KB01PM,2494488,4e24f579d976f170d51351eca694cb1a,2023-08-15T12:00:00+0200,2023-08-15T12:00:00+0200,media,unclassified,,,,,
837,PMR2-KB01PM,2494489,574232f3490204856ded7559a362bb0b,2023-08-16T12:00:00+0200,2023-08-16T12:00:00+0200,media,unclassified,,,,,
838,PMR2-KB01PM,2494490,92989876aeadd48310f67a756108ee4f,2023-08-17T12:00:00+0200,2023-08-17T12:00:00+0200,media,unclassified,,,,,
839,PMR2-KB01PM,2494491,4af99a951dc16e985578d3477170f4f3,2023-08-18T12:00:00+0200,2023-08-18T12:00:00+0200,media,unclassified,,,,,
840,PMR2-KB01PM,2494492,bada2ed32b701fffcf10661cbe57ec79,2023-08-19T05:09:56+0200,2023-08-19T05:09:56+0200,media,animal,,Alces alces,1,human,2023-09-21T20:34:20+0000
841,PMR2-KB01PM,2494493,bada2ed32b701fffcf10661cbe57ec79,2023-08-19T05:10:10+0200,2023-08-19T05:10:10+0200,media,animal,,Alces alces,1,human,2023-09-21T20:34:20+0000
842,PMR2-KB01PM,2494494,bada2ed32b701fffcf10661cbe57ec79,2023-08-19T05:10:44+0200,2023-08-19T05:10:44+0200,media,animal,,Alces alces,1,human,2023-09-21T20:34:20+0000
843,PMR2-KB01PM,2494495,bada2ed32b701fffcf10661cbe57ec79,2023-08-19T05:10:52+0200,2023-08-19T05:10:52+0200,media,animal,,Alces alces,1,human,2023-09-21T20:34:20+0000
844,PMR2-KB01PM,2494496,bada2ed32b701fffcf10661cbe57ec79,2023-08-19T05:11:08+0200,2023-08-19T05:11:08+0200,media,animal,,Alces alces,1,human,2023-09-21T20:34:20+0000
845,PMR2-KB01PM,2494497,a3edea68ea84c31ed8138dabdc3f84ae,2023-08-19T06:25:08+0200,2023-08-19T06:25:08+0200,media,animal,,Sciurus vulgaris,1,human,2023-09-21T20:36:35+0000
846,PMR2-KB01PM,2494498,005fd1f8335c046ae71c8a87c61f0c22,2023-08-19T12:00:00+0200,2023-08-19T12:00:00+0200,media,unclassified,,,,,
847,PMR2-KB01PM,2494499,bf1fdcdfb2e168b3c7d6cd1d1530d6c6,2023-08-20T12:00:00+0200,2023-08-20T12:00:00+0200,media,unclassified,,,,,
848,PMR2-KB01PM,2494500,3d869f0e09d2e81db781c5c8afe263b6,2023-08-20T12:20:20+0200,2023-08-20T12:20:20+0200,media,animal,,Sciurus vulgaris,1,human,2023-09-21T20:50:09+0000
849,PMR2-KB01PM,2494501,fc6c5adeb636809f0fa5468bae1f1aa1,2023-08-20T16:08:00+0200,2023-08-20T16:08:00+0200,media,animal,,Martes martes,1,human,2023-09-21T20:53:42+0000
850,PMR2-KB01PM,2494502,85b63e16c255be44eef34bc7e975e075,2023-08-21T12:00:00+0200,2023-08-21T12:00:00+0200,media,unclassified,,,,,
851,PMR2-KB01PM,2494503,983f53feca25b4e19f42cf2fcf545edf,2023-08-22T12:00:00+0200,2023-08-22T12:00:00+0200,media,unclassified,,,,,
852,PMR2-KB01PM,2494504,b8655be9c030894a59cbc5c31901b0f4,2023-08-23T12:00:00+0200,2023-08-23T12:00:00+0200,media,unclassified,,,,,
853,PMR2-KB01PM,2494505,5ba651fcadea2f5997689a7d2938cdaf,2023-08-24T12:00:00+0200,2023-08-24T12:00:00+0200,media,unclassified,,,,,
854,PMR2-KB01PM,2494506,af480cd17d89790ba34e69bd997202fa,2023-08-25T12:00:00+0200,2023-08-25T12:00:00+0200,media,unclassified,,,,,
855,PMR2-KB01PM,2494507,78a961e411076ba512bba7d5d7428559,2023-08-26T12:00:00+0200,2023-08-26T12:00:00+0200,media,unclassified,,,,,
856,PMR2-KB01PM,2494508,5efc87be3ea4e47e7c36c9ec36f7e7a2,2023-08-27T12:00:00+0200,2023-08-27T12:00:00+0200,media,unclassified,,,,,
857,PMR2-KB01PM,2494509,19d0f2204a3189e2d1093dd2df120297,2023-08-28T12:00:00+0200,2023-08-28T12:00:00+0200,media,unclassified,,,,,
858,PMR2-KB01PM,2494510,4f28cd935373369e99c31a3f22d7e20b,2023-08-29T12:00:00+0200,2023-08-29T12:00:00+0200,media,unclassified,,,,,
859,PMR2-KB01PM,2494511,bb26533790e3e9811b9396ffebb10842,2023-08-30T12:00:00+0200,2023-08-30T12:00:00+0200,media,unclassified,,,,,
860,PMR2-KB01PM,2494512,0e2009d04feca18aea8cac6acee8d2bd,2023-08-31T12:00:00+0200,2023-08-31T12:00:00+0200,media,unclassified,,,,,
861,PMR2-KB01PM,2494513,e725395f82560b6c59023bdac4ee9432,2023-09-01T12:00:00+0200,2023-09-01T12:00:00+0200,media,unclassified,,,,,
862,PMR2-KB01PM,2494514,9e699e5a94f4f46b0f5562e4af62ed80,2023-09-01T13:28:54+0200,2023-09-01T13:28:54+0200,media,animal,,Sciurus vulgaris,1,human,2023-09-21T22:49:30+0000
863,PMR2-KB01PM,2494515,663cf2d94b0c7768916e622eff6c45b4,2023-09-02T12:00:00+0200,2023-09-02T12:00:00+0200,media,unclassified,,,,,
864,PMR2-KB01PM,2494516,34355f94adf4612bb753865aed0280de,2023-09-03T12:00:00+0200,2023-09-03T12:00:00+0200,media,unclassified,,,,,
865,PMR2-KB01PM,2494517,65c7a1cb470faece3cd3084cde9a466f,2023-09-04T12:00:00+0200,2023-09-04T12:00:00+0200,media,unclassified,,,,,
866,PMR2-KB01PM,2494518,fba4260e8357df5efd71a7947878cbf0,2023-09-05T12:00:00+0200,2023-09-05T12:00:00+0200,media,unclassified,,,,,
867,PMR2-KB01PM,2494519,8c56d1d79ae2799c2dd7e3fdf4a09278,2023-09-05T12:14:26+0200,2023-09-05T12:14:26+0200,media,human,setup,Homo sapiens,1,human,2023-09-21T23:15:00+0000
868,PMR2-KB01PM,2494520,8c56d1d79ae2799c2dd7e3fdf4a09278,2023-09-05T12:14:34+0200,2023-09-05T12:14:34+0200,media,human,setup,Homo sapiens,1,human,2023-09-21T23:15:00+0000
869,PMR2-KB01PM,2494521,8c56d1d79ae2799c2dd7e3fdf4a09278,2023-09-05T12:14:48+0200,2023-09-05T12:14:48+0200,media,human,setup,Homo sapiens,1,human,2023-09-21T23:15:00+0000
870,PMR2-KB01PM,2494522,8c56d1d79ae2799c2dd7e3fdf4a09278,2023-09-05T12:15:00+0200,2023-09-05T12:15:00+0200,media,human,setup,Homo sapiens,1,human,2023-09-21T23:15:00+0000
871,PMR2-KB02PM,2494523,38446b7b114b355a25650a900f1419e5,2023-08-08T12:17:12+0200,2023-08-08T12:17:12+0200,media,human,setup,Homo sapiens,1,human,2023-09-21T13:18:11+0000
872,PMR2-KB02PM,2494524,74384eced9782a2b8845c7b9ac34c961,2023-08-09T12:00:00+0200,2023-08-09T12:00:00+0200,media,unclassified,,,,,
873,PMR2-KB02PM,2494525,03d4ad8be373500c1ac781c7521fd684,2023-08-10T12:00:00+0200,2023-08-10T12:00:00+0200,media,unclassified,,,,,
874,PMR2-KB02PM,2494526,4633845a134e72ce57d33391094677f7,2023-08-11T12:00:00+0200,2023-08-11T12:00:00+0200,media,unclassified,,,,,
875,PMR2-KB02PM,2494527,0b0bb0a8bd421461c28d05762a0d6135,2023-08-12T12:00:00+0200,2023-08-12T12:00:00+0200,media,unclassified,,,,,
876,PMR2-KB02PM,2494528,76cef9dcf2b161e530bcac7d4b83e715,2023-08-13T12:00:00+0200,2023-08-13T12:00:00+0200,media,unclassified,,,,,
877,PMR2-KB02PM,2494529,8e64bc67c4fabc9c255e432655aac0bf,2023-08-14T12:00:00+0200,2023-08-14T12:00:00+0200,media,unclassified,,,,,
878,PMR2-KB02PM,2494530,024e202531adef428233232a10387449,2023-08-15T12:00:00+0200,2023-08-15T12:00:00+0200,media,unclassified,,,,,
879,PMR2-KB02PM,2494531,be2f0832617ff6a2b7cc95d3a685da5c,2023-08-16T12:00:00+0200,2023-08-16T12:00:00+0200,media,unclassified,,,,,
880,PMR2-KB02PM,2494532,942cf5e85aec0aa707a3001f7f5a03a6,2023-08-17T12:00:00+0200,2023-08-17T12:00:00+0200,media,unclassified,,,,,
881,PMR2-KB02PM,2494533,d49c3c7cf4c594ee02ee0e216e6a9ae8,2023-08-18T12:00:00+0200,2023-08-18T12:00:00+0200,media,unclassified,,,,,
882,PMR2-KB02PM,2494534,c9089fd2b028e24ecb2a451b2cc35ee6,2023-08-19T12:00:00+0200,2023-08-19T12:00:00+0200,media,unclassified,,,,,
883,PMR2-KB02PM,2494535,7b960879594da36911089630b3cc0d7a,2023-08-20T12:00:00+0200,2023-08-20T12:00:00+0200,media,unclassified,,,,,
884,PMR2-KB02PM,2494536,50b8832ff5840314384f9fe3ea649b33,2023-08-21T12:00:00+0200,2023-08-21T12:00:00+0200,media,unclassified,,,,,
885,PMR2-KB02PM,2494537,d0b1d402ac765f0ed3b7eb4be8bba677,2023-08-22T12:00:00+0200,2023-08-22T12:00:00+0200,media,unclassified,,,,,
886,PMR2-KB02PM,2494538,75a0b81e1e9edc0c4952953029c70dc7,2023-08-23T12:00:00+0200,2023-08-23T12:00:00+0200,media,unclassified,,,,,
887,PMR2-KB02PM,2494539,2ad00e6b9caf7909c2e8da1ce8837653,2023-08-23T21:05:02+0200,2023-08-23T21:05:02+0200,media,animal,,Alces alces,1,human,2023-09-21T21:41:52+0000
888,PMR2-KB02PM,2494540,2ad00e6b9caf7909c2e8da1ce8837653,2023-08-23T21:05:12+0200,2023-08-23T21:05:12+0200,media,animal,,Alces alces,1,human,2023-09-21T21:41:52+0000
889,PMR2-KB02PM,2494541,cd313743dfc63f1fafa28f5e9434cc39,2023-08-24T12:00:00+0200,2023-08-24T12:00:00+0200,media,unclassified,,,,,
890,PMR2-KB02PM,2494542,94a010221de723377d8cd4f0541487ea,2023-08-25T12:00:00+0200,2023-08-25T12:00:00+0200,media,unclassified,,,,,
891,PMR2-KB02PM,2494543,ebac7ee7261359675b7e9dfe99f14b22,2023-08-26T12:00:00+0200,2023-08-26T12:00:00+0200,media,unclassified,,,,,
892,PMR2-KB02PM,2494544,b3d0b179642d6d27753fce6fb92d2629,2023-08-27T12:00:00+0200,2023-08-27T12:00:00+0200,media,unclassified,,,,,
893,PMR2-KB02PM,2494545,5d8623f7f51065aa0e071db085d1ebc1,2023-08-28T12:00:00+0200,2023-08-28T12:00:00+0200,media,unclassified,,,,,
894,PMR2-KB02PM,2494546,e5f16e8cbafb842ec1efc7980f4182b2,2023-08-29T12:00:00+0200,2023-08-29T12:00:00+0200,media,unclassified,,,,,
895,PMR2-KB02PM,2494547,f2ae362efb44812e953a15d6da844954,2023-08-30T12:00:00+0200,2023-08-30T12:00:00+0200,media,unclassified,,,,,
896,PMR2-KB02PM,2494548,9c6d257dc57b80ad78d37e7359842db7,2023-08-31T12:00:00+0200,2023-08-31T12:00:00+0200,media,unclassified,,,,,
897,PMR2-KB02PM,2494549,e00fd4c645cd5a35bdda87c479de12aa,2023-09-01T12:00:00+0200,2023-09-01T12:00:00+0200,media,unclassified,,,,,
898,PMR2-KB02PM,2494550,037016d006f3bd23956f48859c0ea2c5,2023-09-02T12:00:00+0200,2023-09-02T12:00:00+0200,media,unclassified,,,,,
899,PMR2-KB02PM,2494551,799a49a69f6c63eee358438332f45766,2023-09-03T12:00:00+0200,2023-09-03T12:00:00+0200,media,unclassified,,,,,
900,PMR2-KB02PM,2494552,0036dc19537fac0677115314ba5b4a6b,2023-09-04T05:04:44+0200,2023-09-04T05:04:44+0200,media,animal,,Capreolus capreolus,1,human,2023-09-21T23:01:08+0000
901,PMR2-KB02PM,2494553,0036dc19537fac0677115314ba5b4a6b,2023-09-04T05:05:00+0200,2023-09-04T05:05:00+0200,media,animal,,Capreolus capreolus,1,human,2023-09-21T23:01:08+0000
902,PMR2-KB02PM,2494554,0036dc19537fac0677115314ba5b4a6b,2023-09-04T05:05:52+0200,2023-09-04T05:05:52+0200,media,animal,,Capreolus capreolus,1,human,2023-09-21T23:01:08+0000
903,PMR2-KB02PM,2494555,0036dc19537fac0677115314ba5b4a6b,2023-09-04T05:06:04+0200,2023-09-04T05:06:04+0200,media,animal,,Capreolus capreolus,1,human,2023-09-21T23:01:08+0000
904,PMR2-KB02PM,2494556,95cd79bbaeff9ab10ee649f6b4a3ecf3,2023-09-04T12:00:00+0200,2023-09-04T12:00:00+0200,media,unclassified,,,,,
905,PMR2-KB02PM,2494557,e27ebddbcbc77a67398151c133641b6c,2023-09-04T16:12:36+0200,2023-09-04T16:12:36+0200,media,animal,,Alces alces,1,human,2023-09-21T23:10:26+0000
906,PMR2-KB02PM,2494558,b35da395aebff7d9c05fad072dd05493,2023-09-04T16:24:34+0200,2023-09-04T16:24:34+0200,media,animal,,Alces alces,1,human,2023-09-21T23:11:36+0000
907,PMR2-KB02PM,2494559,b35da395aebff7d9c05fad072dd05493,2023-09-04T16:24:58+0200,2023-09-04T16:24:58+0200,media,animal,,Alces alces,1,human,2023-09-21T23:11:36+0000
908,PMR2-KB02PM,2494560,221a70e29cc383595ab1bde6c7e40a72,2023-09-05T12:00:00+0200,2023-09-05T12:00:00+0200,media,unclassified,,,,,
909,PMR2-KB02PM,2494561,f5af86849eeaa6185770f62fd6d80118,2023-09-05T12:57:00+0200,2023-09-05T12:57:00+0200,media,human,setup,Homo sapiens,1,human,2023-09-21T23:15:53+0000
910,PMR2-KB02PM,2494562,f5af86849eeaa6185770f62fd6d80118,2023-09-05T12:57:20+0200,2023-09-05T12:57:20+0200,media,human,setup,Homo sapiens,1,human,2023-09-21T23:15:53+0000
911,PMR2-KB02PM,2494563,f5af86849eeaa6185770f62fd6d80118,2023-09-05T12:57:36+0200,2023-09-05T12:57:36+0200,media,human,setup,Homo sapiens,1,human,2023-09-21T23:15:53+0000
912,PMR2-KB03PM,2494564,cc27eb4371f7bfb92ca051ecdc515cdc,2023-08-07T12:22:58+0200,2023-08-07T12:22:58+0200,media,human,setup,Homo sapiens,1,human,2023-09-21T12:27:49+0000
913,PMR2-KB03PM,2494565,cc27eb4371f7bfb92ca051ecdc515cdc,2023-08-07T12:23:10+0200,2023-08-07T12:23:10+0200,media,human,setup,Homo sapiens,1,human,2023-09-21T12:27:53+0000
914,PMR2-KB03PM,2494566,43dc4b201c6c0183c030201750c0cf5b,2023-08-08T12:00:00+0200,2023-08-08T12:00:00+0200,media,unclassified,,,,,
915,PMR2-KB03PM,2494567,3266808a795c3e8f838e73873757d28c,2023-08-09T12:00:00+0200,2023-08-09T12:00:00+0200,media,unclassified,,,,,
916,PMR2-KB03PM,2494568,6f51f4a19898e59b1151d4a33a7b5c62,2023-08-10T12:00:00+0200,2023-08-10T12:00:00+0200,media,unclassified,,,,,
917,PMR2-KB03PM,2494569,02f13b2f1c109044d3281abd62867262,2023-08-11T12:00:00+0200,2023-08-11T12:00:00+0200,media,unclassified,,,,,
918,PMR2-KB03PM,2494570,b460c664be2b6efa9978ae7108dcced0,2023-08-12T12:00:00+0200,2023-08-12T12:00:00+0200,media,unclassified,,,,,
919,PMR2-KB03PM,2494571,307412142386210c5fc2082a6647de04,2023-08-13T12:00:00+0200,2023-08-13T12:00:00+0200,media,unclassified,,,,,
920,PMR2-KB03PM,2494572,0f937380316e13aeb151c844c6cad686,2023-08-14T12:00:00+0200,2023-08-14T12:00:00+0200,media,unclassified,,,,,
921,PMR2-KB03PM,2494573,57a1573871f3b094e81fe2677dea4b1f,2023-08-15T12:00:00+0200,2023-08-15T12:00:00+0200,media,unclassified,,,,,
922,PMR2-KB03PM,2494574,4d7d6f2852a23a8b8e8c92a582e81fbc,2023-08-16T12:00:00+0200,2023-08-16T12:00:00+0200,media,unclassified,,,,,
923,PMR2-KB03PM,2494575,df97283dc3c3d4208d461dda694ec60f,2023-08-17T12:00:00+0200,2023-08-17T12:00:00+0200,media,unclassified,,,,,
924,PMR2-KB03PM,2494576,e6c769e63d7db6d6a927e54db4e0ede1,2023-08-18T12:00:00+0200,2023-08-18T12:00:00+0200,media,unclassified,,,,,
925,PMR2-KB03PM,2494577,a868b291a5863aa602315d87147d581d,2023-08-19T09:56:32+0200,2023-08-19T09:56:32+0200,media,animal,,Turdus pilaris,1,human,2023-09-21T20:38:20+0000
926,PMR2-KB03PM,2494578,bba1e38138b9cde75a68f492dfe3dd70,2023-08-19T12:00:00+0200,2023-08-19T12:00:00+0200,media,unclassified,,,,,
927,PMR2-KB03PM,2494579,c4a8753b029467f47fb8bd89761e137f,2023-08-20T12:00:00+0200,2023-08-20T12:00:00+0200,media,unclassified,,,,,
928,PMR2-KB03PM,2494580,fffb114ed5a7ab6b2068a0f00b424ad8,2023-08-21T12:00:00+0200,2023-08-21T12:00:00+0200,media,unclassified,,,,,
929,PMR2-KB03PM,2494581,90b7d1d34f464105b59d49561f5a613a,2023-08-22T12:00:00+0200,2023-08-22T12:00:00+0200,media,unclassified,,,,,
930,PMR2-KB03PM,2494582,2f3e0c89a9275ade5fbd22befc0e68d6,2023-08-23T10:35:28+0200,2023-08-23T10:35:28+0200,media,blank,,,,human,2023-09-21T21:13:27+0000
931,PMR2-KB03PM,2494583,a9e170baf71132ee71784d341a887240,2023-08-23T12:00:00+0200,2023-08-23T12:00:00+0200,media,unclassified,,,,,
932,PMR2-KB03PM,2494584,358aed2c9e7edfe57000cc6bcb0a9835,2023-08-24T12:00:00+0200,2023-08-24T12:00:00+0200,media,unclassified,,,,,
933,PMR2-KB03PM,2494585,a49cbb2195360cd6b5f388415e9e0b52,2023-08-25T12:00:00+0200,2023-08-25T12:00:00+0200,media,unclassified,,,,,
934,PMR2-KB03PM,2494586,9e4fc78b0ed6e4fa7ad2791ca3708f80,2023-08-26T04:37:42+0200,2023-08-26T04:37:42+0200,media,animal,,Martes martes,1,human,2023-09-21T22:14:21+0000
935,PMR2-KB03PM,2494587,89ed5a11ae5f492b8736e881fd37ec53,2023-08-26T12:00:00+0200,2023-08-26T12:00:00+0200,media,unclassified,,,,,
936,PMR2-KB03PM,2494588,978e8e04fac4345db7f4af21243824e8,2023-08-27T12:00:00+0200,2023-08-27T12:00:00+0200,media,unclassified,,,,,
937,PMR2-KB03PM,2494589,c955f5860d139e769675ee2701b68da8,2023-08-28T12:00:00+0200,2023-08-28T12:00:00+0200,media,unclassified,,,,,
938,PMR2-KB03PM,2494590,a1fdd78ab68ebade1a5d6364aa9e0e67,2023-08-29T12:00:00+0200,2023-08-29T12:00:00+0200,media,unclassified,,,,,
939,PMR2-KB03PM,2494591,d746f7282fbd248ff6ffcb592a125a8c,2023-08-30T12:00:00+0200,2023-08-30T12:00:00+0200,media,unclassified,,,,,
940,PMR2-KB03PM,2494592,88bb28461b399c027633a03f70efd2ea,2023-08-31T12:00:00+0200,2023-08-31T12:00:00+0200,media,unclassified,,,,,
941,PMR2-KB03PM,2494593,62c41d611f85f711e4bb8c4df63bee1a,2023-09-01T12:00:00+0200,2023-09-01T12:00:00+0200,media,unclassified,,,,,
942,PMR2-KB03PM,2494594,ac7a88391e06668ffb2143a09849953c,2023-09-02T11:49:18+0200,2023-09-02T11:49:18+0200,media,blank,,,,human,2023-09-21T22:57:28+0000
943,PMR2-KB03PM,2494595,955f78755ff95bb25474534b4519b583,2023-09-02T12:00:00+0200,2023-09-02T12:00:00+0200,media,unclassified,,,,,
944,PMR2-KB03PM,2494596,f2481c372c7afba5864a4e3d7b1496cc,2023-09-03T12:00:00+0200,2023-09-03T12:00:00+0200,media,unclassified,,,,,
945,PMR2-KB03PM,2494597,cbe82843e175f1c76ecafba346a91aeb,2023-09-04T12:00:00+0200,2023-09-04T12:00:00+0200,media,unclassified,,,,,
946,PMR2-KB03PM,2494598,95cb7ac47d7508186bc55d6135f8a4aa,2023-09-05T12:00:00+0200,2023-09-05T12:00:00+0200,media,unclassified,,,,,
947,PMR2-KB03PM,2494599,1b27bde64f63e892e8162bef6a85c1d0,2023-09-05T14:28:12+0200,2023-09-05T14:28:12+0200,media,human,setup,Homo sapiens,1,human,2023-09-21T23:17:56+0000
948,PMR2-KB03PM,2494600,1b27bde64f63e892e8162bef6a85c1d0,2023-09-05T14:28:28+0200,2023-09-05T14:28:28+0200,media,human,setup,Homo sapiens,1,human,2023-09-21T23:17:56+0000
949,PMR2-KB04PM,2494601,9319bf11d7ce0d8ce8349919d9c769fc,2023-08-08T15:33:04+0200,2023-08-08T15:33:04+0200,media,human,setup,Homo sapiens,1,human,2023-09-21T13:18:26+0000
950,PMR2-KB04PM,2494602,9319bf11d7ce0d8ce8349919d9c769fc,2023-08-08T15:33:14+0200,2023-08-08T15:33:14+0200,media,human,setup,Homo sapiens,1,human,2023-09-21T13:18:26+0000
951,PMR2-KB04PM,2494603,5c3aa6645b2df90a1df75398f45cb5cc,2023-08-09T12:00:00+0200,2023-08-09T12:00:00+0200,media,unclassified,,,,,
952,PMR2-KB04PM,2494604,3b85a276342c254ac7f0c72a228eef58,2023-08-10T12:00:00+0200,2023-08-10T12:00:00+0200,media,unclassified,,,,,
953,PMR2-KB04PM,2494605,acd12739daeb986bf50b1257fed3887a,2023-08-10T12:44:56+0200,2023-08-10T12:44:56+0200,media,unclassified,,,,,
954,PMR2-KB04PM,2494606,f3d23ed16d63fe98bd8bcd289f88b9f5,2023-08-10T16:20:22+0200,2023-08-10T16:20:22+0200,media,blank,,,,human,2023-09-21T13:27:22+0000
955,PMR2-KB04PM,2494607,b1177c530aece62ac55894c577dab76e,2023-08-11T12:00:00+0200,2023-08-11T12:00:00+0200,media,unclassified,,,,,
956,PMR2-KB04PM,2494608,31fa0a8fc5cbb74a3e7790ba0e494f2e,2023-08-12T12:00:00+0200,2023-08-12T12:00:00+0200,media,unclassified,,,,,
957,PMR2-KB04PM,2494609,1a60a3ba83ffedcc1d0a7dfbddf21402,2023-08-13T12:00:00+0200,2023-08-13T12:00:00+0200,media,unclassified,,,,,
958,PMR2-KB04PM,2494610,93fedc75a1d3feb79123cb49b1e1339e,2023-08-14T12:00:00+0200,2023-08-14T12:00:00+0200,media,unclassified,,,,,
959,PMR2-KB04PM,2494611,7717aa7423f3255633c4b22ec5e1c8e9,2023-08-15T12:00:00+0200,2023-08-15T12:00:00+0200,media,unclassified,,,,,
960,PMR2-KB04PM,2494612,7dcf4c7cbef1c8133b617be73b0b6737,2023-08-16T12:00:00+0200,2023-08-16T12:00:00+0200,media,unclassified,,,,,
961,PMR2-KB04PM,2494613,299ac77e1b3b2aa322c0a1cf3c99921d,2023-08-17T12:00:00+0200,2023-08-17T12:00:00+0200,media,unclassified,,,,,
962,PMR2-KB04PM,2494614,e1282cf27c48df333cd9a407ed1bc14e,2023-08-18T12:00:00+0200,2023-08-18T12:00:00+0200,media,unclassified,,,,,
963,PMR2-KB04PM,2494615,658817bc3bd7bcc8fdd6d09837600603,2023-08-19T12:00:00+0200,2023-08-19T12:00:00+0200,media,unclassified,,,,,
964,PMR2-KB04PM,2494616,c22c19658e34ccc155e35f47f5bccdcc,2023-08-20T11:29:46+0200,2023-08-20T11:29:46+0200,media,blank,,,,human,2023-09-21T20:48:12+0000
965,PMR2-KB04PM,2494617,be37d2446374b039f003465c8102e4d8,2023-08-20T12:00:00+0200,2023-08-20T12:00:00+0200,media,unclassified,,,,,
966,PMR2-KB04PM,2494618,6b6e26d013defeadf10a5232a5fef142,2023-08-21T12:00:00+0200,2023-08-21T12:00:00+0200,media,unclassified,,,,,
967,PMR2-KB04PM,2494619,7ebb1c4573c6623592235d5ce6b707ad,2023-08-22T12:00:00+0200,2023-08-22T12:00:00+0200,media,unclassified,,,,,
968,PMR2-KB04PM,2494620,9602c76016397070ea022e606d2a3ddc,2023-08-23T12:00:00+0200,2023-08-23T12:00:00+0200,media,unclassified,,,,,
969,PMR2-KB04PM,2494621,a284778e7e9dd720067daee5b306ffda,2023-08-24T12:00:00+0200,2023-08-24T12:00:00+0200,media,unclassified,,,,,
970,PMR2-KB04PM,2494622,9a56903fd41b5c941067be47e88db437,2023-08-25T12:00:00+0200,2023-08-25T12:00:00+0200,media,unclassified,,,,,
971,PMR2-KB04PM,2494623,c8cca0f72b5295738579c0aaabedd032,2023-08-26T12:00:00+0200,2023-08-26T12:00:00+0200,media,unclassified,,,,,
972,PMR2-KB04PM,2494624,3403fa096b4bf4b4aa4b6d5c0feed83b,2023-08-27T12:00:00+0200,2023-08-27T12:00:00+0200,media,unclassified,,,,,
973,PMR2-KB04PM,2494625,547c68b487c2ad2bf371280158491ceb,2023-08-28T12:00:00+0200,2023-08-28T12:00:00+0200,media,unclassified,,,,,
974,PMR2-KB04PM,2494626,7c3472082d107f0c78469b9a0f8e89aa,2023-08-29T12:00:00+0200,2023-08-29T12:00:00+0200,media,unclassified,,,,,
975,PMR2-KB04PM,2494627,41a7aeff8d422e7e986bdc335463611e,2023-08-30T12:00:00+0200,2023-08-30T12:00:00+0200,media,unclassified,,,,,
976,PMR2-KB04PM,2494628,cc294ada893054551316e1a96a9207ca,2023-08-31T12:00:00+0200,2023-08-31T12:00:00+0200,media,unclassified,,,,,
977,PMR2-KB04PM,2494629,60fbd553a70f2262c009f2af3f59afbb,2023-09-01T12:00:00+0200,2023-09-01T12:00:00+0200,media,unclassified,,,,,
978,PMR2-KB04PM,2494630,26b86fd4a430218cb703fb84b6453f45,2023-09-02T12:00:00+0200,2023-09-02T12:00:00+0200,media,unclassified,,,,,
979,PMR2-KB04PM,2494631,e89aa9ef21774ca30ec0e5c3525cb119,2023-09-03T12:00:00+0200,2023-09-03T12:00:00+0200,media,unclassified,,,,,
980,PMR2-KB04PM,2494632,d7b979cb7039e900230ed4a84b28db22,2023-09-04T11:09:08+0200,2023-09-04T11:09:08+0200,media,human,setup,Homo sapiens,1,human,2023-09-21T23:02:47+0000
981,PMR2-KB05PM,2494633,eca21df65998d8b26c0bd55e95358d1e,2023-08-08T16:29:58+0200,2023-08-08T16:29:58+0200,media,human,setup,Homo sapiens,1,human,2023-09-21T13:19:10+0000
982,PMR2-KB05PM,2494634,eca21df65998d8b26c0bd55e95358d1e,2023-08-08T16:30:06+0200,2023-08-08T16:30:06+0200,media,human,setup,Homo sapiens,1,human,2023-09-21T13:19:18+0000
983,PMR2-KB05PM,2494635,eca21df65998d8b26c0bd55e95358d1e,2023-08-08T16:33:10+0200,2023-08-08T16:33:10+0200,media,human,setup,Homo sapiens,1,human,2023-09-21T13:19:25+0000
984,PMR2-KB05PM,2494636,eca21df65998d8b26c0bd55e95358d1e,2023-08-08T16:33:20+0200,2023-08-08T16:33:20+0200,media,blank,setup,,,human,2023-09-21T13:19:35+0000
985,PMR2-KB05PM,2494637,f0a7f716c1860adc720ce381e51e1c9a,2023-08-09T12:00:00+0200,2023-08-09T12:00:00+0200,media,unclassified,,,,,
986,PMR2-KB05PM,2494638,a4a6b97b5637228d43174332a31cdb7d,2023-08-10T12:00:00+0200,2023-08-10T12:00:00+0200,media,unclassified,,,,,
987,PMR2-KB05PM,2494639,b4c66feeb71b6410a8f61f21437f9eb0,2023-08-11T12:00:00+0200,2023-08-11T12:00:00+0200,media,unclassified,,,,,
988,PMR2-KB05PM,2494640,ecb7bca29190af270d2a966561a12486,2023-08-12T12:00:00+0200,2023-08-12T12:00:00+0200,media,unclassified,,,,,
989,PMR2-KB05PM,2494641,f171181a4956dbcf7704e916a6d6c212,2023-08-13T12:00:00+0200,2023-08-13T12:00:00+0200,media,unclassified,,,,,
990,PMR2-KB05PM,2494642,3b87829397994aabb160e4a9043f2c29,2023-08-14T12:00:00+0200,2023-08-14T12:00:00+0200,media,unclassified,,,,,
991,PMR2-KB05PM,2494643,fd3614e1b41d86fa62622b8b27aeb689,2023-08-15T12:00:00+0200,2023-08-15T12:00:00+0200,media,unclassified,,,,,
992,PMR2-KB05PM,2494644,12458ac5bb063e03d26c19453eeb441a,2023-08-16T12:00:00+0200,2023-08-16T12:00:00+0200,media,unclassified,,,,,
993,PMR2-KB05PM,2494645,714a3b75c99b09c669e78fb4e7591bea,2023-08-17T12:00:00+0200,2023-08-17T12:00:00+0200,media,unclassified,,,,,
994,PMR2-KB05PM,2494646,daaa17871f230a293e09af2d083689de,2023-08-18T12:00:00+0200,2023-08-18T12:00:00+0200,media,unclassified,,,,,
995,PMR2-KB05PM,2494647,c14f1f7932e7e79f0031f6a227fd405b,2023-08-19T12:00:00+0200,2023-08-19T12:00:00+0200,media,unclassified,,,,,
996,PMR2-KB05PM,2494648,1b0132f7aff351700c92ce9a067ea2f8,2023-08-20T12:00:00+0200,2023-08-20T12:00:00+0200,media,unclassified,,,,,
997,PMR2-KB05PM,2494649,92d3bbcf79b3360d94eb39f27ca1bc54,2023-08-21T12:00:00+0200,2023-08-21T12:00:00+0200,media,unclassified,,,,,
998,PMR2-KB05PM,2494650,4b4799d5453e9578b3a3a93ddfc17495,2023-08-22T12:00:00+0200,2023-08-22T12:00:00+0200,media,unclassified,,,,,
999,PMR2-KB05PM,2494651,0787f9898a091447c95a3840c2029aaa,2023-08-23T12:00:00+0200,2023-08-23T12:00:00+0200,media,unclassified,,,,,
1000,PMR2-KB05PM,2494652,292acfed61d8948cf052de77feec8ce4,2023-08-24T12:00:00+0200,2023-08-24T12:00:00+0200,media,unclassified,,,,,
1001,PMR2-KB05PM,2494653,b812f0ed15acf0cef99644daf651af9f,2023-08-25T12:00:00+0200,2023-08-25T12:00:00+0200,media,unclassified,,,,,
1002,PMR2-KB05PM,2494654,e0014adc4d73565e1167d87a850a75e0,2023-08-26T12:00:00+0200,2023-08-26T12:00:00+0200,media,unclassified,,,,,
1003,PMR2-KB05PM,2494655,1c6c46e8cb84e8ede71093e4a383cdb7,2023-08-27T12:00:00+0200,2023-08-27T12:00:00+0200,media,unclassified,,,,,
1004,PMR2-KB05PM,2494656,84c112e26588aec2340eacebad029399,2023-08-28T12:00:00+0200,2023-08-28T12:00:00+0200,media,unclassified,,,,,
1005,PMR2-KB05PM,2494657,88ff6548a356a20e1eb9b71615fb0c31,2023-08-29T12:00:00+0200,2023-08-29T12:00:00+0200,media,unclassified,,,,,
1006,PMR2-KB05PM,2494658,a7403d12a8f22c36938a9dadca59fb54,2023-08-30T12:00:00+0200,2023-08-30T12:00:00+0200,media,unclassified,,,,,
1007,PMR2-KB05PM,2494659,27436f9b48081239623b1b5412414741,2023-08-31T12:00:00+0200,2023-08-31T12:00:00+0200,media,unclassified,,,,,
1008,PMR2-KB05PM,2494660,93bdc99a3fc56fb62172c7289484c889,2023-09-01T12:00:00+0200,2023-09-01T12:00:00+0200,media,unclassified,,,,,
1009,PMR2-KB05PM,2494661,7b041a94cbb41a3117b22ed73bab4dc5,2023-09-02T12:00:00+0200,2023-09-02T12:00:00+0200,media,unclassified,,,,,
1010,PMR2-KB05PM,2494662,a863e89b91c8e210f77ec4f0b7b7deb7,2023-09-03T12:00:00+0200,2023-09-03T12:00:00+0200,media,unclassified,,,,,
1011,PMR2-KB05PM,2494663,da8c0c99c64741cefad18593448a4232,2023-09-04T10:50:12+0200,2023-09-04T10:50:12+0200,media,blank,,,,human,2023-09-21T23:02:17+0000
1012,PMR2-KB05PM,2494664,4a145ac252c27739f99f0e27b0f20346,2023-09-04T12:00:00+0200,2023-09-04T12:00:00+0200,media,unclassified,,,,,
1013,PMR2-KB05PM,2494665,42689ffcb851f8fe9a01de5046d383d2,2023-09-04T12:16:18+0200,2023-09-04T12:16:18+0200,media,human,setup,Homo sapiens,1,human,2023-09-21T23:04:28+0000
1014,PMR2-KB05PM,2494666,42689ffcb851f8fe9a01de5046d383d2,2023-09-04T12:18:44+0200,2023-09-04T12:18:44+0200,media,human,setup,Homo sapiens,1,human,2023-09-21T23:04:28+0000
1015,PMR2-KB05PM,2494667,42689ffcb851f8fe9a01de5046d383d2,2023-09-04T12:19:02+0200,2023-09-04T12:19:02+0200,media,human,setup,Homo sapiens,1,human,2023-09-21T23:04:28+0000
1016,PMR2-KB06PM,2494668,ffeaede0471a6c043404c76db8f62599,2023-08-08T17:45:08+0200,2023-08-08T17:45:08+0200,media,human,setup,Homo sapiens,1,human,2023-09-21T13:20:05+0000
1017,PMR2-KB06PM,2494669,abae0af1448ba7221753585e4ed47b1d,2023-08-09T12:00:00+0200,2023-08-09T12:00:00+0200,media,unclassified,,,,,
1018,PMR2-KB06PM,2494670,422f06da1d1094c0c027722061abc5ae,2023-08-10T12:00:00+0200,2023-08-10T12:00:00+0200,media,unclassified,,,,,
1019,PMR2-KB06PM,2494671,f98185bfdb5678d34087bac4f5dbe732,2023-08-11T12:00:00+0200,2023-08-11T12:00:00+0200,media,unclassified,,,,,
1020,PMR2-KB06PM,2494672,939f012cff5ab5b4ba4ed30eddaf252c,2023-08-12T04:01:14+0200,2023-08-12T04:01:14+0200,media,blank,,,,human,2023-09-21T13:42:14+0000
1021,PMR2-KB06PM,2494673,57d876a4e7e0aeebf52832a88f8f8896,2023-08-12T12:00:00+0200,2023-08-12T12:00:00+0200,media,unclassified,,,,,
1022,PMR2-KB06PM,2494674,bc371a99ca52ee68e0a0eafb5f2c1c85,2023-08-13T12:00:00+0200,2023-08-13T12:00:00+0200,media,unclassified,,,,,
1023,PMR2-KB06PM,2494675,5f6c5ca03bc55402b1086d674830cc1c,2023-08-14T12:00:00+0200,2023-08-14T12:00:00+0200,media,unclassified,,,,,
1024,PMR2-KB06PM,2494676,f7966a059d6da5037f214330ac3c41f2,2023-08-15T12:00:00+0200,2023-08-15T12:00:00+0200,media,unclassified,,,,,
1025,PMR2-KB06PM,2494677,b9073c0c54b11d1598d22e9bbb7c477e,2023-08-16T12:00:00+0200,2023-08-16T12:00:00+0200,media,unclassified,,,,,
1026,PMR2-KB06PM,2494678,786d3a0dc11c909bc71a0354abc6e8ff,2023-08-17T12:00:00+0200,2023-08-17T12:00:00+0200,media,unclassified,,,,,
1027,PMR2-KB06PM,2494679,2b81cfea51bc8b77c07031af1f750b3b,2023-08-18T12:00:00+0200,2023-08-18T12:00:00+0200,media,unclassified,,,,,
1028,PMR2-KB06PM,2494680,4a72f9b0518ff8dc26592cef89767fb6,2023-08-19T12:00:00+0200,2023-08-19T12:00:00+0200,media,unclassified,,,,,
1029,PMR2-KB06PM,2494681,8a36f11c5454ed32e570b7c6f665c498,2023-08-20T08:34:40+0200,2023-08-20T08:34:40+0200,media,animal,,Martes martes,1,human,2023-09-21T20:48:02+0000
1030,PMR2-KB06PM,2494682,4b741603d603da100d84adc31f9603be,2023-08-20T12:00:00+0200,2023-08-20T12:00:00+0200,media,unclassified,,,,,
1031,PMR2-KB06PM,2494683,b336467c005fb659360057af47b79c61,2023-08-21T12:00:00+0200,2023-08-21T12:00:00+0200,media,unclassified,,,,,
1032,PMR2-KB06PM,2494684,5b3436b04c6470e230101794f56477ab,2023-08-22T12:00:00+0200,2023-08-22T12:00:00+0200,media,unclassified,,,,,
1033,PMR2-KB06PM,2494685,292dfe929d23df4809643d90c2955da1,2023-08-23T12:00:00+0200,2023-08-23T12:00:00+0200,media,unclassified,,,,,
1034,PMR2-KB06PM,2494686,a3e9808c1bf1638c2f278a47d87aa5a0,2023-08-24T12:00:00+0200,2023-08-24T12:00:00+0200,media,unclassified,,,,,
1035,PMR2-KB06PM,2494687,7cd7f5c5800bfaeacbd51ea25d7b0e8e,2023-08-25T12:00:00+0200,2023-08-25T12:00:00+0200,media,unclassified,,,,,
1036,PMR2-KB06PM,2494688,3115ec46351648e843157b5ca78306ea,2023-08-26T12:00:00+0200,2023-08-26T12:00:00+0200,media,unclassified,,,,,
1037,PMR2-KB06PM,2494689,aaaae929442e741c5a0aa4394a1746d3,2023-08-27T12:00:00+0200,2023-08-27T12:00:00+0200,media,unclassified,,,,,
1038,PMR2-KB06PM,2494690,a89d0656117fa6169c4236e7aeb91dbc,2023-08-28T12:00:00+0200,2023-08-28T12:00:00+0200,media,unclassified,,,,,
1039,PMR2-KB06PM,2494691,065bf3e80ef9a962c10230c848725dc9,2023-08-29T12:00:00+0200,2023-08-29T12:00:00+0200,media,unclassified,,,,,
1040,PMR2-KB06PM,2494692,0b93ab1cfa845e8128ae45bf058a81cb,2023-08-30T12:00:00+0200,2023-08-30T12:00:00+0200,media,unclassified,,,,,
1041,PMR2-KB06PM,2494693,30972d0add95e044815ae6abb844ed7f,2023-08-30T13:42:00+0200,2023-08-30T13:42:00+0200,media,animal,,Garrulus glandarius,1,human,2023-09-21T22:38:43+0000
1042,PMR2-KB06PM,2494694,30972d0add95e044815ae6abb844ed7f,2023-08-30T13:42:22+0200,2023-08-30T13:42:22+0200,media,animal,,Garrulus glandarius,1,human,2023-09-21T22:38:43+0000
1043,PMR2-KB06PM,2494695,30972d0add95e044815ae6abb844ed7f,2023-08-30T13:43:14+0200,2023-08-30T13:43:14+0200,media,animal,,Garrulus glandarius,1,human,2023-09-21T22:38:43+0000
1044,PMR2-KB06PM,2494696,a26f2ddb59c6ecee1b42aeb25f0cdd70,2023-08-31T12:00:00+0200,2023-08-31T12:00:00+0200,media,unclassified,,,,,
1045,PMR2-KB06PM,2494697,906d7d54781c863a2dbed943ae15cab0,2023-09-01T12:00:00+0200,2023-09-01T12:00:00+0200,media,unclassified,,,,,
1046,PMR2-KB06PM,2494698,a378cff13d92a4de174e57bad5e12797,2023-09-02T12:00:00+0200,2023-09-02T12:00:00+0200,media,unclassified,,,,,
1047,PMR2-KB06PM,2494699,43902f8316ea2e510c9b28a9e29a373a,2023-09-03T12:00:00+0200,2023-09-03T12:00:00+0200,media,unclassified,,,,,
1048,PMR2-KB06PM,2494700,97d289ea8e18856d25a97e2d31c8b145,2023-09-04T12:00:00+0200,2023-09-04T12:00:00+0200,media,unclassified,,,,,
1049,PMR2-KB06PM,2494701,579c67b570651d8d6510f2f4852586ee,2023-09-04T14:11:24+0200,2023-09-04T14:11:24+0200,media,human,setup,Homo sapiens,1,human,2023-09-21T23:07:01+0000
1050,PMR2-KB06PM,2494702,579c67b570651d8d6510f2f4852586ee,2023-09-04T14:11:36+0200,2023-09-04T14:11:36+0200,media,human,setup,Homo sapiens,1,human,2023-09-21T23:07:01+0000
1051,PMR2-KB06PM,2494703,579c67b570651d8d6510f2f4852586ee,2023-09-04T14:16:20+0200,2023-09-04T14:16:20+0200,media,human,setup,Homo sapiens,1,human,2023-09-21T23:07:01+0000
1052,PMR2-KB06PM,2494704,579c67b570651d8d6510f2f4852586ee,2023-09-04T14:16:30+0200,2023-09-04T14:16:30+0200,media,human,setup,Homo sapiens,1,human,2023-09-21T23:07:01+0000
1053,PMR2-KB06PM,2494705,579c67b570651d8d6510f2f4852586ee,2023-09-04T14:16:44+0200,2023-09-04T14:16:44+0200,media,human,setup,Homo sapiens,1,human,2023-09-21T23:07:01+0000
1054,PMR2-KB06PM,2494706,579c67b570651d8d6510f2f4852586ee,2023-09-04T14:17:08+0200,2023-09-04T14:17:08+0200,media,human,setup,Homo sapiens,1,human,2023-09-21T23:07:01+0000
1055,PMR2-KB06PM,2494707,579c67b570651d8d6510f2f4852586ee,2023-09-04T14:17:22+0200,2023-09-04T14:17:22+0200,media,human,setup,Homo sapiens,1,human,2023-09-21T23:07:01+0000
1056,PMR2-KB06PM,2494708,579c67b570651d8d6510f2f4852586ee,2023-09-04T14:17:38+0200,2023-09-04T14:17:38+0200,media,human,setup,Homo sapiens,1,human,2023-09-21T23:07:01+0000
1057,PMR2-KB07PM,2494709,89701d8568b4118fa935851ef7547bb3,2023-08-07T14:35:26+0200,2023-08-07T14:35:26+0200,media,human,setup,Homo sapiens,1,human,2023-09-21T12:27:40+0000
1058,PMR2-KB07PM,2494710,2bc9aaa4b2f60afe6cd47d999497853e,2023-08-08T12:00:00+0200,2023-08-08T12:00:00+0200,media,unclassified,,,,,
1059,PMR2-KB07PM,2494711,20e2e31dbc8ab7bc79c5d72d23b416b7,2023-08-09T12:00:00+0200,2023-08-09T12:00:00+0200,media,unclassified,,,,,
1060,PMR2-KB07PM,2494712,c03b9831edd144d9971fcf8ce25e8188,2023-08-10T12:00:00+0200,2023-08-10T12:00:00+0200,media,unclassified,,,,,
1061,PMR2-KB07PM,2494713,28f933d907b37874f2b31cde93505c07,2023-08-11T12:00:00+0200,2023-08-11T12:00:00+0200,media,unclassified,,,,,
1062,PMR2-KB07PM,2494714,5221be7075edb6c4c51a18e18ea738aa,2023-08-12T12:00:00+0200,2023-08-12T12:00:00+0200,media,unclassified,,,,,
1063,PMR2-KB07PM,2494715,c8b776c0c14074c011056d27bdddb21e,2023-08-13T12:00:00+0200,2023-08-13T12:00:00+0200,media,unclassified,,,,,
1064,PMR2-KB07PM,2494716,f4afea9bd219a465370a5df328994cdc,2023-08-14T12:00:00+0200,2023-08-14T12:00:00+0200,media,unclassified,,,,,
1065,PMR2-KB07PM,2494717,11eb3cbb60649eb5d53f4bea98433979,2023-08-15T12:00:00+0200,2023-08-15T12:00:00+0200,media,unclassified,,,,,
1066,PMR2-KB07PM,2494718,dcf84aa58d5e7d5be99abd5adb780ee8,2023-08-16T07:43:30+0200,2023-08-16T07:43:30+0200,media,animal,,Sciurus vulgaris,1,human,2023-09-21T14:38:54+0000
1067,PMR2-KB07PM,2494719,bf10063fa0c118ae4a41c19284422bdb,2023-08-16T12:00:00+0200,2023-08-16T12:00:00+0200,media,unclassified,,,,,
1068,PMR2-KB07PM,2494720,3c167c9b2086125783c0a154de6bf662,2023-08-17T12:00:00+0200,2023-08-17T12:00:00+0200,media,unclassified,,,,,
1069,PMR2-KB07PM,2494721,a7012a02a6b90b530cfb8d1f9613a956,2023-08-18T12:00:00+0200,2023-08-18T12:00:00+0200,media,unclassified,,,,,
1070,PMR2-KB07PM,2494722,f2ae142d07dd9ad8adcffad37950da0c,2023-08-19T12:00:00+0200,2023-08-19T12:00:00+0200,media,unclassified,,,,,
1071,PMR2-KB07PM,2494723,dad77453983a751ba04e07e2b5f7bd16,2023-08-20T12:00:00+0200,2023-08-20T12:00:00+0200,media,unclassified,,,,,
1072,PMR2-KB07PM,2494724,24e53f44041d780d3115853b37f114da,2023-08-21T12:00:00+0200,2023-08-21T12:00:00+0200,media,unclassified,,,,,
1073,PMR2-KB07PM,2494725,04d0833f06a4f8915442033a96675e9f,2023-08-21T14:32:42+0200,2023-08-21T14:32:42+0200,media,animal,,Tetrao urogallus,1,human,2023-09-21T21:01:05+0000
1074,PMR2-KB07PM,2494726,04d0833f06a4f8915442033a96675e9f,2023-08-21T14:33:00+0200,2023-08-21T14:33:00+0200,media,animal,,Tetrao urogallus,1,human,2023-09-21T21:01:05+0000
1075,PMR2-KB07PM,2494727,6b704150bb4a4e150329f1d8af6b0edc,2023-08-22T09:21:06+0200,2023-08-22T09:21:06+0200,media,animal,,Sciurus vulgaris,1,human,2023-09-21T21:08:40+0000
1076,PMR2-KB07PM,2494728,6b704150bb4a4e150329f1d8af6b0edc,2023-08-22T09:21:16+0200,2023-08-22T09:21:16+0200,media,animal,,Sciurus vulgaris,1,human,2023-09-21T21:08:40+0000
1077,PMR2-KB07PM,2494729,c2c7782744ebd451da41935292f5d345,2023-08-22T12:00:00+0200,2023-08-22T12:00:00+0200,media,unclassified,,,,,
1078,PMR2-KB07PM,2494730,4d3eb1642d57b82d6e0115bde5f79b51,2023-08-23T10:07:58+0200,2023-08-23T10:07:58+0200,media,animal,,Turdus pilaris,1,human,2023-09-21T21:14:34+0000
1079,PMR2-KB07PM,2494731,85654252f4a7834bbd992ea2ca4ddf52,2023-08-23T12:00:00+0200,2023-08-23T12:00:00+0200,media,unclassified,,,,,
1080,PMR2-KB07PM,2494732,09fc5e1fbd015fafb91b0ed4f4e7741e,2023-08-24T12:00:00+0200,2023-08-24T12:00:00+0200,media,unclassified,,,,,
1081,PMR2-KB07PM,2494733,7e4c16e1c0f3518b21952580f3bcacbf,2023-08-25T12:00:00+0200,2023-08-25T12:00:00+0200,media,unclassified,,,,,
1082,PMR2-KB07PM,2494734,eed15c896920bd0aeb580db879044742,2023-08-26T12:00:00+0200,2023-08-26T12:00:00+0200,media,unclassified,,,,,
1083,PMR2-KB07PM,2494735,48ce203604ace65565bc4813216abbde,2023-08-27T12:00:00+0200,2023-08-27T12:00:00+0200,media,unclassified,,,,,
1084,PMR2-KB07PM,2494736,288685a2be46d89713f851f6457428b8,2023-08-28T12:00:00+0200,2023-08-28T12:00:00+0200,media,unclassified,,,,,
1085,PMR2-KB07PM,2494737,7bf49d955dbaafe335d85c8985d8e848,2023-08-29T12:00:00+0200,2023-08-29T12:00:00+0200,media,unclassified,,,,,
1086,PMR2-KB07PM,2494738,37e8ffb07b1053b1432b383742c8ecce,2023-08-30T12:00:00+0200,2023-08-30T12:00:00+0200,media,unclassified,,,,,
1087,PMR2-KB07PM,2494739,2acc922c40996f1f250e12fb34f305fc,2023-08-31T12:00:00+0200,2023-08-31T12:00:00+0200,media,unclassified,,,,,
1088,PMR2-KB07PM,2494740,b6c2745fa5c47ae00a864d0bd6cad04d,2023-09-01T12:00:00+0200,2023-09-01T12:00:00+0200,media,unclassified,,,,,
1089,PMR2-KB07PM,2494741,c86510135be3c8d152ccb356a68f8b01,2023-09-02T12:00:00+0200,2023-09-02T12:00:00+0200,media,unclassified,,,,,
1090,PMR2-KB07PM,2494742,378cc2102bef8c45b86585cdb9950c14,2023-09-03T12:00:00+0200,2023-09-03T12:00:00+0200,media,unclassified,,,,,
1091,PMR2-KB07PM,2494743,b08158b8419321feb2ed80af9bbad4ea,2023-09-04T12:00:00+0200,2023-09-04T12:00:00+0200,media,unclassified,,,,,
1092,PMR2-KB07PM,2494744,94123e98e004b3103acbd46aa2e09cd9,2023-09-04T20:37:30+0200,2023-09-04T20:37:30+0200,media,animal,,Alces alces,1,human,2023-09-21T23:12:33+0000
1093,PMR2-KB07PM,2494745,f0731e757cf43c531c1aa1e190e9a7ac,2023-09-05T12:00:00+0200,2023-09-05T12:00:00+0200,media,unclassified,,,,,
1094,PMR2-KB07PM,2494746,41931d175e57e9f714eb089d7401c1ee,2023-09-05T15:52:44+0200,2023-09-05T15:52:44+0200,media,human,setup,Homo sapiens,1,human,2023-09-21T23:18:39+0000
1095,PMR2-KB07PM,2494747,41931d175e57e9f714eb089d7401c1ee,2023-09-05T15:52:56+0200,2023-09-05T15:52:56+0200,media,human,setup,Homo sapiens,1,human,2023-09-21T23:18:39+0000
1096,PMR2-KB08PM,2494748,96b0c54ac70f28c31ae9ffc048ae5e67,2023-08-11T11:14:02+0200,2023-08-11T11:14:02+0200,media,human,setup,Homo sapiens,1,human,2023-09-21T13:36:12+0000
1097,PMR2-KB08PM,2494749,96b0c54ac70f28c31ae9ffc048ae5e67,2023-08-11T11:14:20+0200,2023-08-11T11:14:20+0200,media,blank,setup,,,human,2023-09-21T13:36:24+0000
1098,PMR2-KB08PM,2494750,fc661db1e22187f42c1716a264fba7d2,2023-08-11T12:00:00+0200,2023-08-11T12:00:00+0200,media,unclassified,,,,,
1099,PMR2-KB08PM,2494751,81ffa571ef142b9afc2dbe425b92b7c0,2023-08-12T12:00:00+0200,2023-08-12T12:00:00+0200,media,unclassified,,,,,
1100,PMR2-KB08PM,2494752,441106726e7c98462aa4719fdc4b34ef,2023-08-13T12:00:00+0200,2023-08-13T12:00:00+0200,media,unclassified,,,,,
1101,PMR2-KB08PM,2494753,7f79b61b971dcabed4f27a63abbe0cec,2023-08-14T12:00:00+0200,2023-08-14T12:00:00+0200,media,unclassified,,,,,
1102,PMR2-KB08PM,2494754,efec2ca9a46a4d7cec507e2584ba316a,2023-08-15T12:00:00+0200,2023-08-15T12:00:00+0200,media,unclassified,,,,,
1103,PMR2-KB08PM,2494755,74daae71c313df338c7b3a08a4a3af56,2023-08-16T12:00:00+0200,2023-08-16T12:00:00+0200,media,unclassified,,,,,
1104,PMR2-KB08PM,2494756,76e8c7922f92108e9eb1f5a20f631c3a,2023-08-17T12:00:00+0200,2023-08-17T12:00:00+0200,media,unclassified,,,,,
1105,PMR2-KB08PM,2494757,f3c91f4877d8ef8d3aff11addd6950dc,2023-08-18T12:00:00+0200,2023-08-18T12:00:00+0200,media,unclassified,,,,,
1106,PMR2-KB08PM,2494758,40fdaad529ff7da72fd5d3877365a76b,2023-08-19T12:00:00+0200,2023-08-19T12:00:00+0200,media,unclassified,,,,,
1107,PMR2-KB08PM,2494759,b1ea7579cd30f91fe208f8ed0b10d595,2023-08-20T12:00:00+0200,2023-08-20T12:00:00+0200,media,unclassified,,,,,
1108,PMR2-KB08PM,2494760,88c02fb3c7b6f5bb6933a46629cd9452,2023-08-21T12:00:00+0200,2023-08-21T12:00:00+0200,media,unclassified,,,,,
1109,PMR2-KB08PM,2494761,5c5bd591a20e5d82da9315de9f56ac19,2023-08-22T12:00:00+0200,2023-08-22T12:00:00+0200,media,unclassified,,,,,
1110,PMR2-KB08PM,2494762,d7c04251aa78ab95b0ae1eb683e7a111,2023-08-23T12:00:00+0200,2023-08-23T12:00:00+0200,media,unclassified,,,,,
1111,PMR2-KB08PM,2494763,8426a2f6df33aa8698f77d4e76ff34a7,2023-08-24T12:00:00+0200,2023-08-24T12:00:00+0200,media,unclassified,,,,,
1112,PMR2-KB08PM,2494764,c400df9c891298a0072476761c9b32ff,2023-08-25T12:00:00+0200,2023-08-25T12:00:00+0200,media,unclassified,,,,,
1113,PMR2-KB08PM,2494765,ddd525c5b3b46f56256ba62b70b7fe2c,2023-08-26T12:00:00+0200,2023-08-26T12:00:00+0200,media,unclassified,,,,,
1114,PMR2-KB08PM,2494766,2bce60a43a6d6b2cfedb70856605ca6b,2023-08-27T12:00:00+0200,2023-08-27T12:00:00+0200,media,unclassified,,,,,
1115,PMR2-KB08PM,2494767,21cfe1e2189b33a47a30343033e17d3b,2023-08-28T12:00:00+0200,2023-08-28T12:00:00+0200,media,unclassified,,,,,
1116,PMR2-KB08PM,2494768,c9a949f1f2720e8ed4e553bfc278d442,2023-08-29T12:00:00+0200,2023-08-29T12:00:00+0200,media,unclassified,,,,,
1117,PMR2-KB08PM,2494769,9989be6999bdc50a051b3077ed6ba229,2023-08-30T12:00:00+0200,2023-08-30T12:00:00+0200,media,unclassified,,,,,
1118,PMR2-KB08PM,2494770,c50335396b40c58fe3a93983fe61b6a6,2023-08-31T12:00:00+0200,2023-08-31T12:00:00+0200,media,unclassified,,,,,
1119,PMR2-KB08PM,2494771,1b16e91eb0a6a94809d7b29f43ae4ff6,2023-09-01T01:13:50+0200,2023-09-01T01:13:50+0200,media,blank,,,,human,2023-09-21T22:39:38+0000
1120,PMR2-KB08PM,2494772,e4ea4300335f2722a6bebfe44e7f7a4b,2023-09-01T06:39:22+0200,2023-09-01T06:39:22+0200,media,animal,,Alces alces,1,human,2023-09-21T22:44:24+0000
1121,PMR2-KB08PM,2494772,e4ea4300335f2722a6bebfe44e7f7a4b,2023-09-01T06:39:22+0200,2023-09-01T06:39:22+0200,media,animal,,Alces alces,1,human,2023-09-21T22:44:24+0000
1122,PMR2-KB08PM,2494773,e4ea4300335f2722a6bebfe44e7f7a4b,2023-09-01T06:39:48+0200,2023-09-01T06:39:48+0200,media,animal,,Alces alces,1,human,2023-09-21T22:44:50+0000
1123,PMR2-KB08PM,2494773,e4ea4300335f2722a6bebfe44e7f7a4b,2023-09-01T06:39:48+0200,2023-09-01T06:39:48+0200,media,animal,,Alces alces,1,human,2023-09-21T22:44:50+0000
1124,PMR2-KB08PM,2494774,e4ea4300335f2722a6bebfe44e7f7a4b,2023-09-01T06:40:02+0200,2023-09-01T06:40:02+0200,media,animal,,Alces alces,1,human,2023-09-21T22:45:11+0000
1125,PMR2-KB08PM,2494774,e4ea4300335f2722a6bebfe44e7f7a4b,2023-09-01T06:40:02+0200,2023-09-01T06:40:02+0200,media,animal,,Alces alces,1,human,2023-09-21T22:45:11+0000
1126,PMR2-KB08PM,2494775,e4ea4300335f2722a6bebfe44e7f7a4b,2023-09-01T06:40:22+0200,2023-09-01T06:40:22+0200,media,animal,,Alces alces,1,human,2023-09-21T22:45:34+0000
1127,PMR2-KB08PM,2494775,e4ea4300335f2722a6bebfe44e7f7a4b,2023-09-01T06:40:22+0200,2023-09-01T06:40:22+0200,media,animal,,Alces alces,1,human,2023-09-21T22:45:34+0000
1128,PMR2-KB08PM,2494776,e4ea4300335f2722a6bebfe44e7f7a4b,2023-09-01T06:40:38+0200,2023-09-01T06:40:38+0200,media,animal,,Alces alces,1,human,2023-09-21T22:44:00+0000
1129,PMR2-KB08PM,2494777,e4ea4300335f2722a6bebfe44e7f7a4b,2023-09-01T06:40:58+0200,2023-09-01T06:40:58+0200,media,animal,,Alces alces,1,human,2023-09-21T22:44:00+0000
1130,PMR2-KB08PM,2494778,e4ea4300335f2722a6bebfe44e7f7a4b,2023-09-01T06:41:30+0200,2023-09-01T06:41:30+0200,media,animal,,Alces alces,1,human,2023-09-21T22:44:00+0000
1131,PMR2-KB08PM,2494779,e4ea4300335f2722a6bebfe44e7f7a4b,2023-09-01T06:41:48+0200,2023-09-01T06:41:48+0200,media,animal,,Alces alces,1,human,2023-09-21T22:44:00+0000
1132,PMR2-KB08PM,2494780,e4ea4300335f2722a6bebfe44e7f7a4b,2023-09-01T06:42:12+0200,2023-09-01T06:42:12+0200,media,animal,,Alces alces,1,human,2023-09-21T22:44:00+0000
1133,PMR2-KB08PM,2494781,e4ea4300335f2722a6bebfe44e7f7a4b,2023-09-01T06:42:24+0200,2023-09-01T06:42:24+0200,media,animal,,Alces alces,1,human,2023-09-21T22:44:00+0000
1134,PMR2-KB08PM,2494782,e4ea4300335f2722a6bebfe44e7f7a4b,2023-09-01T06:42:36+0200,2023-09-01T06:42:36+0200,media,animal,,Alces alces,1,human,2023-09-21T22:44:00+0000
1135,PMR2-KB08PM,2494783,e4ea4300335f2722a6bebfe44e7f7a4b,2023-09-01T06:42:50+0200,2023-09-01T06:42:50+0200,media,animal,,Alces alces,1,human,2023-09-21T22:44:00+0000
1136,PMR2-KB08PM,2494784,e4ea4300335f2722a6bebfe44e7f7a4b,2023-09-01T06:42:58+0200,2023-09-01T06:42:58+0200,media,animal,,Alces alces,1,human,2023-09-21T22:46:01+0000
1137,PMR2-KB08PM,2494785,559a583092786ef7b2c0c1630cdaca8a,2023-09-01T12:00:00+0200,2023-09-01T12:00:00+0200,media,unclassified,,,,,
1138,PMR2-KB08PM,2494786,099cae854bbe1fef26f9334e7f864172,2023-09-02T01:01:04+0200,2023-09-02T01:01:04+0200,media,blank,,,,human,2023-09-21T22:52:23+0000
1139,PMR2-KB08PM,2494787,099cae854bbe1fef26f9334e7f864172,2023-09-02T01:01:10+0200,2023-09-02T01:01:10+0200,media,blank,,,,human,2023-09-21T22:52:23+0000
1140,PMR2-KB08PM,2494788,a021558ea6a747c5a7781e49ec3410a9,2023-09-02T04:14:28+0200,2023-09-02T04:14:28+0200,media,animal,,Alces alces,1,human,2023-09-21T22:54:21+0000
1141,PMR2-KB08PM,2494789,a021558ea6a747c5a7781e49ec3410a9,2023-09-02T04:15:04+0200,2023-09-02T04:15:04+0200,media,animal,,Alces alces,1,human,2023-09-21T22:54:21+0000
1142,PMR2-KB08PM,2494790,a021558ea6a747c5a7781e49ec3410a9,2023-09-02T04:15:16+0200,2023-09-02T04:15:16+0200,media,animal,,Alces alces,1,human,2023-09-21T22:54:21+0000
1143,PMR2-KB08PM,2494791,a021558ea6a747c5a7781e49ec3410a9,2023-09-02T04:15:30+0200,2023-09-02T04:15:30+0200,media,animal,,Alces alces,1,human,2023-09-21T22:54:21+0000
1144,PMR2-KB08PM,2494792,a021558ea6a747c5a7781e49ec3410a9,2023-09-02T04:16:40+0200,2023-09-02T04:16:40+0200,media,blank,,,,human,2023-09-21T22:55:19+0000
1145,PMR2-KB08PM,2494793,a021558ea6a747c5a7781e49ec3410a9,2023-09-02T04:17:20+0200,2023-09-02T04:17:20+0200,media,blank,,,,human,2023-09-21T22:55:40+0000
1146,PMR2-KB08PM,2494794,a021558ea6a747c5a7781e49ec3410a9,2023-09-02T04:18:08+0200,2023-09-02T04:18:08+0200,media,blank,,,,human,2023-09-21T22:55:59+0000
1147,PMR2-KB08PM,2494795,7c3ea69608c21453c6b2a8f0a972dfc4,2023-09-02T12:00:00+0200,2023-09-02T12:00:00+0200,media,unclassified,,,,,
1148,PMR2-KB08PM,2494796,270b8604fcfe4aff260333cdf16e71f9,2023-09-03T12:00:00+0200,2023-09-03T12:00:00+0200,media,unclassified,,,,,
1149,PMR2-KB08PM,2494797,5e212b4a6a51b0f216edfb6a4673b694,2023-09-04T12:00:00+0200,2023-09-04T12:00:00+0200,media,unclassified,,,,,
1150,PMR2-KB08PM,2494798,926e4e281928d5fd09dfe3350aceae91,2023-09-04T12:18:12+0200,2023-09-04T12:18:12+0200,media,human,setup,Homo sapiens,1,human,2023-09-21T23:03:52+0000
1151,PMR2-KB08PM,2494799,926e4e281928d5fd09dfe3350aceae91,2023-09-04T12:18:20+0200,2023-09-04T12:18:20+0200,media,blank,setup,,,human,2023-09-21T23:04:01+0000
1152,PMR2-KB08PM,2494800,a2b1ee3e0fa1a4a3bd67d4d2072f88ee,2023-09-04T12:27:04+0200,2023-09-04T12:27:04+0200,media,human,setup,Homo sapiens,1,human,2023-09-21T23:04:48+0000
1153,PMR2-KB08PM,2494801,a2b1ee3e0fa1a4a3bd67d4d2072f88ee,2023-09-04T12:27:22+0200,2023-09-04T12:27:22+0200,media,blank,setup,,,human,2023-09-21T23:04:58+0000
1154,PMR2-KB09PM,2494802,d73f9520bbb3e0cb01161141ae94a962,2023-08-09T10:35:08+0200,2023-08-09T10:35:08+0200,media,human,setup,Homo sapiens,1,human,2023-09-21T13:20:20+0000
1155,PMR2-KB09PM,2494803,d73f9520bbb3e0cb01161141ae94a962,2023-08-09T10:35:26+0200,2023-08-09T10:35:26+0200,media,human,setup,Homo sapiens,1,human,2023-09-21T13:20:20+0000
1156,PMR2-KB09PM,2494804,cbf7c187e36698400536e2bc9fda8f06,2023-08-09T12:00:00+0200,2023-08-09T12:00:00+0200,media,unclassified,,,,,
1157,PMR2-KB09PM,2494805,8e8f8f8227905b9691eccb23e5329116,2023-08-10T12:00:00+0200,2023-08-10T12:00:00+0200,media,unclassified,,,,,
1158,PMR2-KB09PM,2494806,e586f69db3e2124549086fc692186e94,2023-08-11T12:00:00+0200,2023-08-11T12:00:00+0200,media,unclassified,,,,,
1159,PMR2-KB09PM,2494807,7eacb0b003eafb894fd8f1708e14e93d,2023-08-12T12:00:00+0200,2023-08-12T12:00:00+0200,media,unclassified,,,,,
1160,PMR2-KB09PM,2494808,f5f575d2166888540b3d8a11927e6536,2023-08-13T12:00:00+0200,2023-08-13T12:00:00+0200,media,unclassified,,,,,
1161,PMR2-KB09PM,2494809,04fb52d338cec060b56d67ea58ad0272,2023-08-14T12:00:00+0200,2023-08-14T12:00:00+0200,media,unclassified,,,,,
1162,PMR2-KB09PM,2494810,2f452bec574276662ac32679860b843a,2023-08-15T12:00:00+0200,2023-08-15T12:00:00+0200,media,unclassified,,,,,
1163,PMR2-KB09PM,2494811,a8b2b17bb1dca8767308091499ee4364,2023-08-16T12:00:00+0200,2023-08-16T12:00:00+0200,media,unclassified,,,,,
1164,PMR2-KB09PM,2494812,0a33a568f2d678914982a932b3980239,2023-08-17T12:00:00+0200,2023-08-17T12:00:00+0200,media,unclassified,,,,,
1165,PMR2-KB09PM,2494813,b52abe7bcc4737395810d9ba53b40287,2023-08-18T12:00:00+0200,2023-08-18T12:00:00+0200,media,unclassified,,,,,
1166,PMR2-KB09PM,2494814,4e282f49b289c42e313bb141fa9344bf,2023-08-19T12:00:00+0200,2023-08-19T12:00:00+0200,media,unclassified,,,,,
1167,PMR2-KB09PM,2494815,1c37fd823932eefd948b9e9169fc653a,2023-08-20T12:00:00+0200,2023-08-20T12:00:00+0200,media,unclassified,,,,,
1168,PMR2-KB09PM,2494816,564700a06106eafd4eed7aa95d3b36c4,2023-08-21T12:00:00+0200,2023-08-21T12:00:00+0200,media,unclassified,,,,,
1169,PMR2-KB09PM,2494817,33fae812e7a2642fcc82798e375fd5f0,2023-08-22T12:00:00+0200,2023-08-22T12:00:00+0200,media,unclassified,,,,,
1170,PMR2-KB09PM,2494818,57ea9f2306f63baf8e0637cb68b29b54,2023-08-23T12:00:00+0200,2023-08-23T12:00:00+0200,media,unclassified,,,,,
1171,PMR2-KB09PM,2494819,50bb78c46d8245ea8f3a1c85381f387a,2023-08-24T12:00:00+0200,2023-08-24T12:00:00+0200,media,unclassified,,,,,
1172,PMR2-KB09PM,2494820,7a6cc6dae64458b82540db95614f5363,2023-08-25T12:00:00+0200,2023-08-25T12:00:00+0200,media,unclassified,,,,,
1173,PMR2-KB09PM,2494821,9e490ba91bc615353aa50f78f206272d,2023-08-26T12:00:00+0200,2023-08-26T12:00:00+0200,media,unclassified,,,,,
1174,PMR2-KB09PM,2494822,20cd4b3ba438829114aacbcada2ffd87,2023-08-27T12:00:00+0200,2023-08-27T12:00:00+0200,media,unclassified,,,,,
1175,PMR2-KB09PM,2494823,7a9a33fe8bae92abe55ee8f97f50a08e,2023-08-28T12:00:00+0200,2023-08-28T12:00:00+0200,media,unclassified,,,,,
1176,PMR2-KB09PM,2494824,9ab548c471ef9912208662f8c4416e1a,2023-08-28T19:51:26+0200,2023-08-28T19:51:26+0200,media,animal,,Tetrao urogallus,1,human,2023-09-21T22:29:02+0000
1177,PMR2-KB09PM,2494825,9ab548c471ef9912208662f8c4416e1a,2023-08-28T19:51:34+0200,2023-08-28T19:51:34+0200,media,animal,,Tetrao urogallus,1,human,2023-09-21T22:29:02+0000
1178,PMR2-KB09PM,2494826,eb1ef093780d70abc8e971287872ac45,2023-08-29T12:00:00+0200,2023-08-29T12:00:00+0200,media,unclassified,,,,,
1179,PMR2-KB09PM,2494827,9f0b81641ce5911db10ec08d07207b8b,2023-08-29T15:16:32+0200,2023-08-29T15:16:32+0200,media,animal,,Garrulus glandarius,1,human,2023-09-21T22:33:36+0000
1180,PMR2-KB09PM,2494828,832d7f016a31348a06a24c817603a8be,2023-08-30T12:00:00+0200,2023-08-30T12:00:00+0200,media,unclassified,,,,,
1181,PMR2-KB09PM,2494829,d6fe144dda5ba5ebc186786d58ec5377,2023-08-31T12:00:00+0200,2023-08-31T12:00:00+0200,media,unclassified,,,,,
1182,PMR2-KB09PM,2494830,3a139fb1331cb532c2636e5d7c004df3,2023-09-01T11:05:54+0200,2023-09-01T11:05:54+0200,media,animal,,Capreolus capreolus,1,human,2023-09-21T22:48:49+0000
1183,PMR2-KB09PM,2494830,3a139fb1331cb532c2636e5d7c004df3,2023-09-01T11:05:54+0200,2023-09-01T11:05:54+0200,media,animal,,Capreolus capreolus,1,human,2023-09-21T22:48:49+0000
1184,PMR2-KB09PM,2494831,033102de5f07784fceb8904105e021b2,2023-09-01T12:00:00+0200,2023-09-01T12:00:00+0200,media,unclassified,,,,,
1185,PMR2-KB09PM,2494832,32019014392337ae84e61218999e5161,2023-09-02T12:00:00+0200,2023-09-02T12:00:00+0200,media,unclassified,,,,,
1186,PMR2-KB09PM,2494833,1f6b13a408d94854bdbb394b0174d6b9,2023-09-03T12:00:00+0200,2023-09-03T12:00:00+0200,media,unclassified,,,,,
1187,PMR2-KB09PM,2494834,2754230b8de673442e355668a9e89a52,2023-09-04T12:00:00+0200,2023-09-04T12:00:00+0200,media,unclassified,,,,,
1188,PMR2-KB09PM,2494835,c1918f122bbd49098dc6ecb1b7769a70,2023-09-04T13:16:36+0200,2023-09-04T13:16:36+0200,media,human,setup,Homo sapiens,1,human,2023-09-21T23:05:34+0000
1189,PMR2-KB09PM,2494836,c1918f122bbd49098dc6ecb1b7769a70,2023-09-04T13:17:08+0200,2023-09-04T13:17:08+0200,media,human,setup,Homo sapiens,1,human,2023-09-21T23:05:34+0000
1190,PMR2-KB09PM,2494837,c1918f122bbd49098dc6ecb1b7769a70,2023-09-04T13:17:16+0200,2023-09-04T13:17:16+0200,media,human,setup,Homo sapiens,1,human,2023-09-21T23:05:34+0000
1191,PMR2-KB09PM,2494838,c1918f122bbd49098dc6ecb1b7769a70,2023-09-04T13:17:28+0200,2023-09-04T13:17:28+0200,media,human,setup,Homo sapiens,1,human,2023-09-21T23:05:34+0000
1192,PMR2-KB09PM,2494839,c1918f122bbd49098dc6ecb1b7769a70,2023-09-04T13:17:36+0200,2023-09-04T13:17:36+0200,media,human,setup,Homo sapiens,1,human,2023-09-21T23:05:34+0000
1193,PMR2-KB09PM,2494840,c1918f122bbd49098dc6ecb1b7769a70,2023-09-04T13:17:44+0200,2023-09-04T13:17:44+0200,media,human,setup,Homo sapiens,1,human,2023-09-21T23:05:34+0000
1194,PMR2-KB09PM,2494841,c1918f122bbd49098dc6ecb1b7769a70,2023-09-04T13:18:02+0200,2023-09-04T13:18:02+0200,media,human,setup,Homo sapiens,1,human,2023-09-21T23:05:34+0000
1195,PMR2-KB10PM,2494842,ece56677c37c92b224d66d9586f37835,2023-08-09T11:44:22+0200,2023-08-09T11:44:22+0200,media,human,setup,Homo sapiens,1,human,2023-09-21T13:20:46+0000
1196,PMR2-KB10PM,2494843,9e0b49f717c67872012a561a6e34a6b3,2023-08-09T12:00:00+0200,2023-08-09T12:00:00+0200,media,unclassified,,,,,
1197,PMR2-KB10PM,2494844,72c65db8115e8a3b396a71606774e2dc,2023-08-10T12:00:00+0200,2023-08-10T12:00:00+0200,media,unclassified,,,,,
1198,PMR2-KB10PM,2494845,ec0df4476b9c9e68b38e8c1cebf10a00,2023-08-11T12:00:00+0200,2023-08-11T12:00:00+0200,media,unclassified,,,,,
1199,PMR2-KB10PM,2494846,77c45ca44498bab7bda47c3d7f8a30c7,2023-08-12T12:00:00+0200,2023-08-12T12:00:00+0200,media,unclassified,,,,,
1200,PMR2-KB10PM,2494847,be0b33693e18e19069ef88f61665a100,2023-08-13T12:00:00+0200,2023-08-13T12:00:00+0200,media,unclassified,,,,,
1201,PMR2-KB10PM,2494848,ea0df41de600ce21fd85a99503c7d0ca,2023-08-14T12:00:00+0200,2023-08-14T12:00:00+0200,media,unclassified,,,,,
1202,PMR2-KB10PM,2494849,c0a1a9ee7156bc856dc9e688cea131f8,2023-08-15T12:00:00+0200,2023-08-15T12:00:00+0200,media,unclassified,,,,,
1203,PMR2-KB10PM,2494850,c5d0ddccdfee1d4e5bdcd7379c36d911,2023-08-16T12:00:00+0200,2023-08-16T12:00:00+0200,media,unclassified,,,,,
1204,PMR2-KB10PM,2494851,65708a415a73267836f9f19543c2dc20,2023-08-17T12:00:00+0200,2023-08-17T12:00:00+0200,media,unclassified,,,,,
1205,PMR2-KB10PM,2494852,12f9e2a47be3dadb401ed4eb0fa0f27e,2023-08-18T12:00:00+0200,2023-08-18T12:00:00+0200,media,unclassified,,,,,
1206,PMR2-KB10PM,2494853,414a4ca5f02338529c73bb8ff567e8d0,2023-08-19T12:00:00+0200,2023-08-19T12:00:00+0200,media,unclassified,,,,,
1207,PMR2-KB10PM,2494854,30658c1af18deacf2e89c9846b0a23d1,2023-08-20T12:00:00+0200,2023-08-20T12:00:00+0200,media,unclassified,,,,,
1208,PMR2-KB10PM,2494855,f399f84e81c97373a3102f16cc69ef4d,2023-08-21T12:00:00+0200,2023-08-21T12:00:00+0200,media,unclassified,,,,,
1209,PMR2-KB10PM,2494856,2d939b5828f3fbec06e6cf8494ef8de6,2023-08-22T12:00:00+0200,2023-08-22T12:00:00+0200,media,unclassified,,,,,
1210,PMR2-KB10PM,2494857,bf0533ed7fdd2884d4974081e031be13,2023-08-23T12:00:00+0200,2023-08-23T12:00:00+0200,media,unclassified,,,,,
1211,PMR2-KB10PM,2494858,47f09116d3af85cfe3a9f851c009fb83,2023-08-24T12:00:00+0200,2023-08-24T12:00:00+0200,media,unclassified,,,,,
1212,PMR2-KB10PM,2494859,a7a76891daf5bbb6ea1ecb8d1d947d30,2023-08-25T12:00:00+0200,2023-08-25T12:00:00+0200,media,unclassified,,,,,
1213,PMR2-KB10PM,2494860,c94c0ab2ca74e30b9280f2fe3299f526,2023-08-26T12:00:00+0200,2023-08-26T12:00:00+0200,media,unclassified,,,,,
1214,PMR2-KB10PM,2494861,b69cacbaa3a6ab65fe7c2550fa76f235,2023-08-27T12:00:00+0200,2023-08-27T12:00:00+0200,media,unclassified,,,,,
1215,PMR2-KB10PM,2494862,d75082b7eb9e8bbcd49b5e613f8b7161,2023-08-28T12:00:00+0200,2023-08-28T12:00:00+0200,media,unclassified,,,,,
1216,PMR2-KB10PM,2494863,f1cc7f02c517fe50ffeb083b9540b16c,2023-08-29T12:00:00+0200,2023-08-29T12:00:00+0200,media,unclassified,,,,,
1217,PMR2-KB10PM,2494864,41e3e39e538a7ed0c23092813a85fd97,2023-08-30T12:00:00+0200,2023-08-30T12:00:00+0200,media,unclassified,,,,,
1218,PMR2-KB10PM,2494865,48132266184f14b16866e468a28b928f,2023-08-31T12:00:00+0200,2023-08-31T12:00:00+0200,media,unclassified,,,,,
1219,PMR2-KB10PM,2494866,343a07c388d8532ca756a67a1acc56e4,2023-09-01T12:00:00+0200,2023-09-01T12:00:00+0200,media,unclassified,,,,,
1220,PMR2-KB10PM,2494867,4c8decd7997ea6dd6a38d3af8028b520,2023-09-02T12:00:00+0200,2023-09-02T12:00:00+0200,media,unclassified,,,,,
1221,PMR2-KB10PM,2494868,d9eec07317412af0503efc1ee665a8f5,2023-09-03T12:00:00+0200,2023-09-03T12:00:00+0200,media,unclassified,,,,,
1222,PMR2-KB10PM,2494869,5b62db05fb9ad873ca7f0293e269e8f8,2023-09-04T12:00:00+0200,2023-09-04T12:00:00+0200,media,unclassified,,,,,
1223,PMR2-KB10PM,2494870,1dc398865fbd248cd8c2dc5efbd8e808,2023-09-04T15:22:10+0200,2023-09-04T15:22:10+0200,media,human,setup,Homo sapiens,1,human,2023-09-21T23:08:36+0000
1224,PMR2-KB10PM,2494871,1dc398865fbd248cd8c2dc5efbd8e808,2023-09-04T15:23:00+0200,2023-09-04T15:23:00+0200,media,human,setup,Homo sapiens,1,human,2023-09-21T23:08:36+0000
1225,PMR2-KB10PM,2494872,1dc398865fbd248cd8c2dc5efbd8e808,2023-09-04T15:23:14+0200,2023-09-04T15:23:14+0200,media,human,setup,Homo sapiens,1,human,2023-09-21T23:08:36+0000
1226,PMR2-KB11PM,2494873,d92a429adf6282c2cd44aa26fb08e73d,2023-08-07T17:14:26+0200,2023-08-07T17:14:26+0200,media,human,setup,Homo sapiens,1,human,2023-09-21T12:30:15+0000
1227,PMR2-KB11PM,2494874,f07705919153b6f8907ac9932452eee5,2023-08-08T12:00:00+0200,2023-08-08T12:00:00+0200,media,unclassified,,,,,
1228,PMR2-KB11PM,2494875,7a48207d2dbb481c7bd2ae91db34f036,2023-08-08T17:32:24+0200,2023-08-08T17:32:24+0200,media,blank,,,,human,2023-09-21T13:19:52+0000
1229,PMR2-KB11PM,2494876,e01c69e5db43ca3394e31e933d06f6ae,2023-08-09T12:00:00+0200,2023-08-09T12:00:00+0200,media,unclassified,,,,,
1230,PMR2-KB11PM,2494877,06dce8745daf8b90d7a712f445f2b338,2023-08-09T19:26:00+0200,2023-08-09T19:26:00+0200,media,animal,,Columba palumbus,1,human,2023-09-21T13:23:42+0000
1231,PMR2-KB11PM,2494878,5a1793a078a8603dcd16801d28a5a47b,2023-08-10T12:00:00+0200,2023-08-10T12:00:00+0200,media,unclassified,,,,,
1232,PMR2-KB11PM,2494879,ad512374991b86ba64c36e73a3f5ceb2,2023-08-10T22:06:18+0200,2023-08-10T22:06:18+0200,media,animal,,Alces alces,1,human,2023-09-21T13:31:28+0000
1233,PMR2-KB11PM,2494880,ad512374991b86ba64c36e73a3f5ceb2,2023-08-10T22:06:28+0200,2023-08-10T22:06:28+0200,media,animal,,Alces alces,1,human,2023-09-21T13:31:38+0000
1234,PMR2-KB11PM,2494880,ad512374991b86ba64c36e73a3f5ceb2,2023-08-10T22:06:28+0200,2023-08-10T22:06:28+0200,media,animal,,Alces alces,1,human,2023-09-21T13:31:38+0000
1235,PMR2-KB11PM,2494881,ad512374991b86ba64c36e73a3f5ceb2,2023-08-10T22:07:30+0200,2023-08-10T22:07:30+0200,media,animal,,Alces alces,1,human,2023-09-21T13:31:17+0000
1236,PMR2-KB11PM,2494881,ad512374991b86ba64c36e73a3f5ceb2,2023-08-10T22:07:30+0200,2023-08-10T22:07:30+0200,media,animal,,Alces alces,1,human,2023-09-21T13:31:17+0000
1237,PMR2-KB11PM,2494882,ad512374991b86ba64c36e73a3f5ceb2,2023-08-10T22:07:46+0200,2023-08-10T22:07:46+0200,media,animal,,Alces alces,1,human,2023-09-21T13:31:17+0000
1238,PMR2-KB11PM,2494882,ad512374991b86ba64c36e73a3f5ceb2,2023-08-10T22:07:46+0200,2023-08-10T22:07:46+0200,media,animal,,Alces alces,1,human,2023-09-21T13:31:17+0000
1239,PMR2-KB11PM,2494883,ad512374991b86ba64c36e73a3f5ceb2,2023-08-10T22:07:58+0200,2023-08-10T22:07:58+0200,media,animal,,Alces alces,1,human,2023-09-21T13:31:17+0000
1240,PMR2-KB11PM,2494883,ad512374991b86ba64c36e73a3f5ceb2,2023-08-10T22:07:58+0200,2023-08-10T22:07:58+0200,media,animal,,Alces alces,1,human,2023-09-21T13:31:17+0000
1241,PMR2-KB11PM,2494884,ad512374991b86ba64c36e73a3f5ceb2,2023-08-10T22:08:16+0200,2023-08-10T22:08:16+0200,media,animal,,Alces alces,1,human,2023-09-21T13:31:17+0000
1242,PMR2-KB11PM,2494884,ad512374991b86ba64c36e73a3f5ceb2,2023-08-10T22:08:16+0200,2023-08-10T22:08:16+0200,media,animal,,Alces alces,1,human,2023-09-21T13:31:17+0000
1243,PMR2-KB11PM,2494885,ad512374991b86ba64c36e73a3f5ceb2,2023-08-10T22:08:24+0200,2023-08-10T22:08:24+0200,media,animal,,Alces alces,1,human,2023-09-21T13:31:45+0000
1244,PMR2-KB11PM,2494885,ad512374991b86ba64c36e73a3f5ceb2,2023-08-10T22:08:24+0200,2023-08-10T22:08:24+0200,media,animal,,Alces alces,1,human,2023-09-21T13:31:45+0000
1245,PMR2-KB11PM,2494886,ad512374991b86ba64c36e73a3f5ceb2,2023-08-10T22:08:32+0200,2023-08-10T22:08:32+0200,media,animal,,Alces alces,1,human,2023-09-21T13:31:17+0000
1246,PMR2-KB11PM,2494886,ad512374991b86ba64c36e73a3f5ceb2,2023-08-10T22:08:32+0200,2023-08-10T22:08:32+0200,media,animal,,Alces alces,1,human,2023-09-21T13:31:17+0000
1247,PMR2-KB11PM,2494887,ad512374991b86ba64c36e73a3f5ceb2,2023-08-10T22:08:40+0200,2023-08-10T22:08:40+0200,media,animal,,Alces alces,1,human,2023-09-21T13:31:17+0000
1248,PMR2-KB11PM,2494887,ad512374991b86ba64c36e73a3f5ceb2,2023-08-10T22:08:40+0200,2023-08-10T22:08:40+0200,media,animal,,Alces alces,1,human,2023-09-21T13:31:17+0000
1249,PMR2-KB11PM,2494888,ad512374991b86ba64c36e73a3f5ceb2,2023-08-10T22:08:48+0200,2023-08-10T22:08:48+0200,media,animal,,Alces alces,1,human,2023-09-21T13:31:17+0000
1250,PMR2-KB11PM,2494888,ad512374991b86ba64c36e73a3f5ceb2,2023-08-10T22:08:48+0200,2023-08-10T22:08:48+0200,media,animal,,Alces alces,1,human,2023-09-21T13:31:17+0000
1251,PMR2-KB11PM,2494889,ff7e7f448e1064d10fb6260aa586df94,2023-08-11T12:00:00+0200,2023-08-11T12:00:00+0200,media,unclassified,,,,,
1252,PMR2-KB11PM,2494890,460808639586d24fc9e1ba364539a38a,2023-08-12T12:00:00+0200,2023-08-12T12:00:00+0200,media,unclassified,,,,,
1253,PMR2-KB11PM,2494891,dac8191b97649400bf7812042c8b5bf7,2023-08-13T12:00:00+0200,2023-08-13T12:00:00+0200,media,unclassified,,,,,
1254,PMR2-KB11PM,2494892,fd8639257818e0cde282560febd0e76c,2023-08-13T15:44:28+0200,2023-08-13T15:44:28+0200,media,animal,,Tetrao urogallus,1,human,2023-09-21T13:51:21+0000
1255,PMR2-KB11PM,2494893,fd8639257818e0cde282560febd0e76c,2023-08-13T15:44:36+0200,2023-08-13T15:44:36+0200,media,animal,,Tetrao urogallus,1,human,2023-09-21T13:51:21+0000
1256,PMR2-KB11PM,2494894,c4a6617205ab12f23b6c0bda7f180d09,2023-08-14T04:14:32+0200,2023-08-14T04:14:32+0200,media,animal,,Alces alces,1,human,2023-09-21T13:54:46+0000
1257,PMR2-KB11PM,2494895,c4a6617205ab12f23b6c0bda7f180d09,2023-08-14T04:14:48+0200,2023-08-14T04:14:48+0200,media,animal,,Alces alces,1,human,2023-09-21T13:54:46+0000
1258,PMR2-KB11PM,2494896,c4a6617205ab12f23b6c0bda7f180d09,2023-08-14T04:14:56+0200,2023-08-14T04:14:56+0200,media,animal,,Alces alces,1,human,2023-09-21T13:54:46+0000
1259,PMR2-KB11PM,2494897,c4a6617205ab12f23b6c0bda7f180d09,2023-08-14T04:15:02+0200,2023-08-14T04:15:02+0200,media,animal,,Alces alces,1,human,2023-09-21T13:54:46+0000
1260,PMR2-KB11PM,2494898,c4a6617205ab12f23b6c0bda7f180d09,2023-08-14T04:15:12+0200,2023-08-14T04:15:12+0200,media,animal,,Alces alces,1,human,2023-09-21T13:54:46+0000
1261,PMR2-KB11PM,2494899,c4a6617205ab12f23b6c0bda7f180d09,2023-08-14T04:15:20+0200,2023-08-14T04:15:20+0200,media,animal,,Alces alces,1,human,2023-09-21T13:54:46+0000
1262,PMR2-KB11PM,2494900,c4a6617205ab12f23b6c0bda7f180d09,2023-08-14T04:15:50+0200,2023-08-14T04:15:50+0200,media,animal,,Alces alces,1,human,2023-09-21T13:54:46+0000
1263,PMR2-KB11PM,2494901,c4a6617205ab12f23b6c0bda7f180d09,2023-08-14T04:16:00+0200,2023-08-14T04:16:00+0200,media,animal,,Alces alces,1,human,2023-09-21T13:54:46+0000
1264,PMR2-KB11PM,2494902,c4a6617205ab12f23b6c0bda7f180d09,2023-08-14T04:16:08+0200,2023-08-14T04:16:08+0200,media,animal,,Alces alces,1,human,2023-09-21T13:54:46+0000
1265,PMR2-KB11PM,2494903,c4a6617205ab12f23b6c0bda7f180d09,2023-08-14T04:16:16+0200,2023-08-14T04:16:16+0200,media,animal,,Alces alces,1,human,2023-09-21T13:54:46+0000
1266,PMR2-KB11PM,2494904,c84624024edcc5ad7ad7174d8bfcbc20,2023-08-14T12:00:00+0200,2023-08-14T12:00:00+0200,media,unclassified,,,,,
1267,PMR2-KB11PM,2494905,d3471c99ec1aca0382bccae0e0a9a6c5,2023-08-15T12:00:00+0200,2023-08-15T12:00:00+0200,media,unclassified,,,,,
1268,PMR2-KB11PM,2494906,566f0fd2940a01d9005d2d10ce30d09e,2023-08-16T12:00:00+0200,2023-08-16T12:00:00+0200,media,unclassified,,,,,
1269,PMR2-KB11PM,2494907,39cd2641349737d69e269527f3bbea16,2023-08-17T12:00:00+0200,2023-08-17T12:00:00+0200,media,unclassified,,,,,
1270,PMR2-KB11PM,2494908,5a27f5e3ccd9358d933272231be70eb1,2023-08-18T12:00:00+0200,2023-08-18T12:00:00+0200,media,unclassified,,,,,
1271,PMR2-KB11PM,2494909,08b57b246bdbd300e9be0b3e6622ec7d,2023-08-19T12:00:00+0200,2023-08-19T12:00:00+0200,media,unclassified,,,,,
1272,PMR2-KB11PM,2494910,7afeed9553d74a9b4f6ff7f421042215,2023-08-20T12:00:00+0200,2023-08-20T12:00:00+0200,media,unclassified,,,,,
1273,PMR2-KB11PM,2494911,2131c470df1fc416165e6d1c232d39d6,2023-08-21T12:00:00+0200,2023-08-21T12:00:00+0200,media,unclassified,,,,,
1274,PMR2-KB11PM,2494912,7764bda1c6dd68d53bc4ed118aeb0cb2,2023-08-22T12:00:00+0200,2023-08-22T12:00:00+0200,media,unclassified,,,,,
1275,PMR2-KB11PM,2494913,b076223784663b8b4083d93cf7a87871,2023-08-23T12:00:00+0200,2023-08-23T12:00:00+0200,media,unclassified,,,,,
1276,PMR2-KB11PM,2494914,785d4b97b2168015274d5fb01c52a731,2023-08-24T11:59:50+0200,2023-08-24T11:59:50+0200,media,animal,,Turdus merula,1,human,2023-09-21T21:45:54+0000
1277,PMR2-KB11PM,2494915,785d4b97b2168015274d5fb01c52a731,2023-08-24T12:00:00+0200,2023-08-24T12:00:00+0200,media,unclassified,,,,,
1278,PMR2-KB11PM,2494916,6a739f3f90e0218b2dda24f7354511f7,2023-08-25T12:00:00+0200,2023-08-25T12:00:00+0200,media,unclassified,,,,,
1279,PMR2-KB11PM,2494917,2f611d116133af3f6a4c4af90a5fddbc,2023-08-26T12:00:00+0200,2023-08-26T12:00:00+0200,media,unclassified,,,,,
1280,PMR2-KB11PM,2494918,e1d03793a1cff135e70cc2b824f2c402,2023-08-27T12:00:00+0200,2023-08-27T12:00:00+0200,media,unclassified,,,,,
1281,PMR2-KB11PM,2494919,137e3b7dd7e5de6b4919575f53ad438b,2023-08-28T12:00:00+0200,2023-08-28T12:00:00+0200,media,unclassified,,,,,
1282,PMR2-KB11PM,2494920,9c34da476e9e320540c37dbefe1984b4,2023-08-29T12:00:00+0200,2023-08-29T12:00:00+0200,media,unclassified,,,,,
1283,PMR2-KB11PM,2494921,911710b61bd214c28038237b0fe1b411,2023-08-30T12:00:00+0200,2023-08-30T12:00:00+0200,media,unclassified,,,,,
1284,PMR2-KB11PM,2494922,50700af56ccfc7a2cb35657a20941b09,2023-08-31T12:00:00+0200,2023-08-31T12:00:00+0200,media,unclassified,,,,,
1285,PMR2-KB11PM,2494923,3a01b85b9bb25272f882708b6771b153,2023-09-01T12:00:00+0200,2023-09-01T12:00:00+0200,media,unclassified,,,,,
1286,PMR2-KB11PM,2494924,04112517badb694811914868ac1da935,2023-09-02T12:00:00+0200,2023-09-02T12:00:00+0200,media,unclassified,,,,,
1287,PMR2-KB11PM,2494925,fd643244fc1f1d155bee4a739e2fd30f,2023-09-03T12:00:00+0200,2023-09-03T12:00:00+0200,media,unclassified,,,,,
1288,PMR2-KB11PM,2494926,4a8427d3e35f1081d9e34871ee7e36c5,2023-09-04T12:00:00+0200,2023-09-04T12:00:00+0200,media,unclassified,,,,,
1289,PMR2-KB11PM,2494927,c648f764fde1d05b767848e5904d3094,2023-09-04T16:16:44+0200,2023-09-04T16:16:44+0200,media,human,setup,Homo sapiens,1,human,2023-09-21T23:10:53+0000
1290,PMR2-KB11PM,2494928,c648f764fde1d05b767848e5904d3094,2023-09-04T16:17:06+0200,2023-09-04T16:17:06+0200,media,human,setup,Homo sapiens,1,human,2023-09-21T23:10:53+0000
1291,PMR2-KB12PM,2494929,6c5cdec2088eaec0da3e8ec8e46aaa07,2023-08-07T15:51:40+0200,2023-08-07T15:51:40+0200,media,blank,setup,,,human,2023-09-21T12:29:58+0000
1292,PMR2-KB12PM,2494930,6c5cdec2088eaec0da3e8ec8e46aaa07,2023-08-07T15:54:12+0200,2023-08-07T15:54:12+0200,media,human,setup,Homo sapiens,1,human,2023-09-21T12:29:41+0000
1293,PMR2-KB12PM,2494931,b56f7b902c025a33fa16cc0daeea45b3,2023-08-07T23:36:38+0200,2023-08-07T23:36:38+0200,media,animal,,Martes martes,1,human,2023-09-21T12:31:47+0000
1294,PMR2-KB12PM,2494932,b56f7b902c025a33fa16cc0daeea45b3,2023-08-07T23:36:52+0200,2023-08-07T23:36:52+0200,media,animal,,Martes martes,1,human,2023-09-21T12:31:47+0000
1295,PMR2-KB12PM,2494933,b56f7b902c025a33fa16cc0daeea45b3,2023-08-07T23:36:58+0200,2023-08-07T23:36:58+0200,media,animal,,Martes martes,1,human,2023-09-21T12:31:47+0000
1296,PMR2-KB12PM,2494934,b56f7b902c025a33fa16cc0daeea45b3,2023-08-07T23:37:04+0200,2023-08-07T23:37:04+0200,media,animal,,Martes martes,1,human,2023-09-21T12:31:47+0000
1297,PMR2-KB12PM,2494935,b56f7b902c025a33fa16cc0daeea45b3,2023-08-07T23:37:20+0200,2023-08-07T23:37:20+0200,media,animal,,Martes martes,1,human,2023-09-21T12:31:47+0000
1298,PMR2-KB12PM,2494936,ecaa6bea4804ac1ee1593c647fc614ce,2023-08-08T12:00:00+0200,2023-08-08T12:00:00+0200,media,unclassified,,,,,
1299,PMR2-KB12PM,2494937,60396040cb8927af830e1d9e78f2a296,2023-08-09T12:00:00+0200,2023-08-09T12:00:00+0200,media,unclassified,,,,,
1300,PMR2-KB12PM,2494938,b376016cad103e71af0c9f6bdf15ead3,2023-08-10T12:00:00+0200,2023-08-10T12:00:00+0200,media,unclassified,,,,,
1301,PMR2-KB12PM,2494939,769d96b123bd050fc9af1afa236274f0,2023-08-11T12:00:00+0200,2023-08-11T12:00:00+0200,media,unclassified,,,,,
1302,PMR2-KB12PM,2494940,32530425205ee5b653f8bcffc1a0576a,2023-08-12T12:00:00+0200,2023-08-12T12:00:00+0200,media,unclassified,,,,,
1303,PMR2-KB12PM,2494941,cf13b88543f31f3d60ea3608407a0c2d,2023-08-13T12:00:00+0200,2023-08-13T12:00:00+0200,media,unclassified,,,,,
1304,PMR2-KB12PM,2494942,d1482f5de29c74f3bf51e47cad7b414d,2023-08-14T12:00:00+0200,2023-08-14T12:00:00+0200,media,unclassified,,,,,
1305,PMR2-KB12PM,2494943,bf2bf4e728bb3862726d55e8dbc0fa36,2023-08-15T12:00:00+0200,2023-08-15T12:00:00+0200,media,unclassified,,,,,
1306,PMR2-KB12PM,2494944,3749723efc4af5a76e17aafa5e8f8566,2023-08-16T12:00:00+0200,2023-08-16T12:00:00+0200,media,unclassified,,,,,
1307,PMR2-KB12PM,2494945,b997db85fdd9ebb30eb5a75639084fb2,2023-08-16T21:36:04+0200,2023-08-16T21:36:04+0200,media,animal,,Martes martes,1,human,2023-09-21T17:16:20+0000
1308,PMR2-KB12PM,2494946,b997db85fdd9ebb30eb5a75639084fb2,2023-08-16T21:36:12+0200,2023-08-16T21:36:12+0200,media,animal,,Martes martes,1,human,2023-09-21T17:16:20+0000
1309,PMR2-KB12PM,2494947,b997db85fdd9ebb30eb5a75639084fb2,2023-08-16T21:36:20+0200,2023-08-16T21:36:20+0200,media,animal,,Martes martes,1,human,2023-09-21T17:16:20+0000
1310,PMR2-KB12PM,2494948,50619cfefbaade433f6c74abc5b598f8,2023-08-17T12:00:00+0200,2023-08-17T12:00:00+0200,media,unclassified,,,,,
1311,PMR2-KB12PM,2494949,f4aa9d20ad43ee67e1bdae1f096cb8a6,2023-08-18T12:00:00+0200,2023-08-18T12:00:00+0200,media,unclassified,,,,,
1312,PMR2-KB12PM,2494950,ddd9fc467daef2548dc0bc6957d602b1,2023-08-19T12:00:00+0200,2023-08-19T12:00:00+0200,media,unclassified,,,,,
1313,PMR2-KB12PM,2494951,4927518240c4c992b9c53476c0d00072,2023-08-20T12:00:00+0200,2023-08-20T12:00:00+0200,media,unclassified,,,,,
1314,PMR2-KB12PM,2494952,f6684c41e84e698577725435f2f4e65d,2023-08-20T23:41:20+0200,2023-08-20T23:41:20+0200,media,animal,,Martes martes,1,human,2023-09-21T20:55:42+0000
1315,PMR2-KB12PM,2494953,f6684c41e84e698577725435f2f4e65d,2023-08-20T23:41:30+0200,2023-08-20T23:41:30+0200,media,animal,,Martes martes,1,human,2023-09-21T20:55:42+0000
1316,PMR2-KB12PM,2494954,2784e8262c98376652dcd63b55e9fdcc,2023-08-21T12:00:00+0200,2023-08-21T12:00:00+0200,media,unclassified,,,,,
1317,PMR2-KB12PM,2494955,6122b97828451c70a8f2019f6e077ce2,2023-08-21T20:02:04+0200,2023-08-21T20:02:04+0200,media,animal,,Turdus philomelos,1,human,2023-09-21T21:06:26+0000
1318,PMR2-KB12PM,2494956,6122b97828451c70a8f2019f6e077ce2,2023-08-21T20:02:36+0200,2023-08-21T20:02:36+0200,media,animal,,Turdus philomelos,1,human,2023-09-21T21:06:26+0000
1319,PMR2-KB12PM,2494957,76da433799d5a7b751f098566784d7a3,2023-08-22T12:00:00+0200,2023-08-22T12:00:00+0200,media,unclassified,,,,,
1320,PMR2-KB12PM,2494958,2df679783edbbe229887cce294184ac2,2023-08-23T12:00:00+0200,2023-08-23T12:00:00+0200,media,unclassified,,,,,
1321,PMR2-KB12PM,2494959,28799802256b3792326d410852f57b75,2023-08-23T21:35:22+0200,2023-08-23T21:35:22+0200,media,animal,,Martes martes,1,human,2023-09-21T21:42:23+0000
1322,PMR2-KB12PM,2494960,3cb564eae36983690f220472b70c7278,2023-08-24T12:00:00+0200,2023-08-24T12:00:00+0200,media,unclassified,,,,,
1323,PMR2-KB12PM,2494961,1ba71a0bd535d8f35cca2dbd866883ab,2023-08-25T12:00:00+0200,2023-08-25T12:00:00+0200,media,unclassified,,,,,
1324,PMR2-KB12PM,2494962,b16e8e21918e1a5df7bda60bacc05927,2023-08-26T04:33:40+0200,2023-08-26T04:33:40+0200,media,animal,,Martes martes,1,human,2023-09-21T22:14:03+0000
1325,PMR2-KB12PM,2494963,4950ea3ce06c717d20d67b04b6689a28,2023-08-26T12:00:00+0200,2023-08-26T12:00:00+0200,media,unclassified,,,,,
1326,PMR2-KB12PM,2494964,8678d15f0651f331ddb3a90815220cf4,2023-08-27T12:00:00+0200,2023-08-27T12:00:00+0200,media,unclassified,,,,,
1327,PMR2-KB12PM,2494965,1c99e35560738a9b24d9c7c326d16067,2023-08-28T12:00:00+0200,2023-08-28T12:00:00+0200,media,unclassified,,,,,
1328,PMR2-KB12PM,2494966,56d4e934034e51b8efa62aa2acf95a44,2023-08-28T15:16:22+0200,2023-08-28T15:16:22+0200,media,animal,,Turdus pilaris,1,human,2023-09-21T22:25:43+0000
1329,PMR2-KB12PM,2494967,d15abb4836646dc4e0dd7bce219699b0,2023-08-29T12:00:00+0200,2023-08-29T12:00:00+0200,media,unclassified,,,,,
1330,PMR2-KB12PM,2494968,f7341c2bd9cc3480831d5b2b07c4f253,2023-08-30T12:00:00+0200,2023-08-30T12:00:00+0200,media,unclassified,,,,,
1331,PMR2-KB12PM,2494969,e61c3dfd0a5d492ceca526843c911707,2023-08-31T12:00:00+0200,2023-08-31T12:00:00+0200,media,unclassified,,,,,
1332,PMR2-KB12PM,2494970,50d82dce73f0642d4eda4a6328fef329,2023-09-01T12:00:00+0200,2023-09-01T12:00:00+0200,media,unclassified,,,,,
1333,PMR2-KB12PM,2494971,eba32af498fe8cc0f0be942bea1c6893,2023-09-02T12:00:00+0200,2023-09-02T12:00:00+0200,media,unclassified,,,,,
1334,PMR2-KB12PM,2494972,d6c1b2bac39ea366b61be0b1f2ed0468,2023-09-03T12:00:00+0200,2023-09-03T12:00:00+0200,media,unclassified,,,,,
1335,PMR2-KB12PM,2494973,4e661228308f8eb7b241ef7de06788d9,2023-09-04T12:00:00+0200,2023-09-04T12:00:00+0200,media,unclassified,,,,,
1336,PMR2-KB12PM,2494974,c894bbd0751093f175108a67002f1294,2023-09-05T12:00:00+0200,2023-09-05T12:00:00+0200,media,unclassified,,,,,
1337,PMR2-KB12PM,2494975,1334dfbd429aa5fe3df33fc254115851,2023-09-05T16:51:32+0200,2023-09-05T16:51:32+0200,media,human,setup,Homo sapiens,1,human,2023-09-21T23:18:54+0000
1338,PMR2-KB12PM,2494976,1334dfbd429aa5fe3df33fc254115851,2023-09-05T16:51:48+0200,2023-09-05T16:51:48+0200,media,human,setup,Homo sapiens,1,human,2023-09-21T23:18:54+0000
1339,PMR2-KB13PM,2494977,70f9170db28c475bbb7cbcb72a510cb6,2023-08-11T12:40:10+0200,2023-08-11T12:40:10+0200,media,human,setup,Homo sapiens,1,human,2023-09-21T13:39:44+0000
1340,PMR2-KB13PM,2494978,70f9170db28c475bbb7cbcb72a510cb6,2023-08-11T12:40:20+0200,2023-08-11T12:40:20+0200,media,blank,setup,,,human,2023-09-21T13:39:56+0000
1341,PMR2-KB13PM,2494979,7901b018172bed018b05ff16be1467a7,2023-08-12T12:00:00+0200,2023-08-12T12:00:00+0200,media,unclassified,,,,,
1342,PMR2-KB13PM,2494980,6466d512fe8694e59d6951421a91f479,2023-08-13T12:00:00+0200,2023-08-13T12:00:00+0200,media,unclassified,,,,,
1343,PMR2-KB13PM,2494981,c3bf75e57ccab3d5277e5375e64f9af0,2023-08-14T12:00:00+0200,2023-08-14T12:00:00+0200,media,unclassified,,,,,
1344,PMR2-KB13PM,2494982,dd97da77070c1ac3a1dd16991e03dc2d,2023-08-15T12:00:00+0200,2023-08-15T12:00:00+0200,media,unclassified,,,,,
1345,PMR2-KB13PM,2494983,2443d03605f53b5708c64678a59f5d2a,2023-08-16T12:00:00+0200,2023-08-16T12:00:00+0200,media,unclassified,,,,,
1346,PMR2-KB13PM,2494984,589d33ad35e75f3997ade8ff9692e92e,2023-08-17T12:00:00+0200,2023-08-17T12:00:00+0200,media,unclassified,,,,,
1347,PMR2-KB13PM,2494985,2ea92cc45dfe5d744cbe7e46e3c61cad,2023-08-18T12:00:00+0200,2023-08-18T12:00:00+0200,media,unclassified,,,,,
1348,PMR2-KB13PM,2494986,c2a83593a3bd405ae2a951a9001cdc24,2023-08-19T12:00:00+0200,2023-08-19T12:00:00+0200,media,unclassified,,,,,
1349,PMR2-KB13PM,2494987,dc1c470ce50ea3ec3b6e163934ef6157,2023-08-20T12:00:00+0200,2023-08-20T12:00:00+0200,media,unclassified,,,,,
1350,PMR2-KB13PM,2494988,50ab88ae2761433d037dc4cb035a9a76,2023-08-21T12:00:00+0200,2023-08-21T12:00:00+0200,media,unclassified,,,,,
1351,PMR2-KB13PM,2494989,23cfebd6067395dc9da025e7df249d03,2023-08-22T12:00:00+0200,2023-08-22T12:00:00+0200,media,unclassified,,,,,
1352,PMR2-KB13PM,2494990,dd89a8bfa908fc649ab8a1162d3bc1a7,2023-08-23T12:00:00+0200,2023-08-23T12:00:00+0200,media,unclassified,,,,,
1353,PMR2-KB13PM,2494991,575c54f6325464c174a9e74e97b765c9,2023-08-24T12:00:00+0200,2023-08-24T12:00:00+0200,media,unclassified,,,,,
1354,PMR2-KB13PM,2494992,da91ec3d0e94b2fce2046fbe0aedf753,2023-08-25T12:00:00+0200,2023-08-25T12:00:00+0200,media,unclassified,,,,,
1355,PMR2-KB13PM,2494993,faa6b838550ea33a9a1c20c4cb932b29,2023-08-26T12:00:00+0200,2023-08-26T12:00:00+0200,media,unclassified,,,,,
1356,PMR2-KB13PM,2494994,fc3a529a24684f562432a49153d2de6f,2023-08-27T12:00:00+0200,2023-08-27T12:00:00+0200,media,unclassified,,,,,
1357,PMR2-KB13PM,2494995,0e9905cee81eb9f15b82db8f3f79be5f,2023-08-28T12:00:00+0200,2023-08-28T12:00:00+0200,media,unclassified,,,,,
1358,PMR2-KB13PM,2494996,573decba434f418ce68dab3a2c36755a,2023-08-28T19:00:48+0200,2023-08-28T19:00:48+0200,media,animal,,Perisoreus infaustus,1,human,2023-09-21T22:26:04+0000
1359,PMR2-KB13PM,2494997,5562abea9fd679ae1c01b48fbee51217,2023-08-29T11:10:16+0200,2023-08-29T11:10:16+0200,media,animal,,Capreolus capreolus,1,human,2023-09-21T22:32:32+0000
1360,PMR2-KB13PM,2494998,4af4bfd711a32d06e4f4e2590e1d688e,2023-08-29T12:00:00+0200,2023-08-29T12:00:00+0200,media,unclassified,,,,,
1361,PMR2-KB13PM,2494999,3af070945ba8f05ea9b537b048e32c27,2023-08-30T12:00:00+0200,2023-08-30T12:00:00+0200,media,unclassified,,,,,
1362,PMR2-KB13PM,2495000,8399d1dd30126f9a033c154cd8f3ba80,2023-08-31T12:00:00+0200,2023-08-31T12:00:00+0200,media,unclassified,,,,,
1363,PMR2-KB13PM,2495001,36db0ba6f009c4fa238480a23478e05a,2023-09-01T12:00:00+0200,2023-09-01T12:00:00+0200,media,unclassified,,,,,
1364,PMR2-KB13PM,2495002,80ef91bfc5d847efef63d9bccc470793,2023-09-02T12:00:00+0200,2023-09-02T12:00:00+0200,media,unclassified,,,,,
1365,PMR2-KB13PM,2495003,ccf8c7f005ed5c951fbccd4b670b33de,2023-09-03T12:00:00+0200,2023-09-03T12:00:00+0200,media,unclassified,,,,,
1366,PMR2-KB13PM,2495004,0a95adbd2e438d9c134911bd48e2f6e0,2023-09-04T12:00:00+0200,2023-09-04T12:00:00+0200,media,unclassified,,,,,
1367,PMR2-KB13PM,2495005,b11db48f9709409de2bded0e1766129c,2023-09-04T13:16:16+0200,2023-09-04T13:16:16+0200,media,human,setup,Homo sapiens,1,human,2023-09-21T23:05:13+0000
1368,PMR2-KB13PM,2495006,b11db48f9709409de2bded0e1766129c,2023-09-04T13:16:30+0200,2023-09-04T13:16:30+0200,media,human,setup,Homo sapiens,1,human,2023-09-21T23:05:13+0000
1369,PMR2-KB13PM,2495007,b11db48f9709409de2bded0e1766129c,2023-09-04T13:16:48+0200,2023-09-04T13:16:48+0200,media,human,setup,Homo sapiens,1,human,2023-09-21T23:05:13+0000
1370,PMR2-KB14PM,2495008,bb85c4d166fa5b24d79156b624d867fa,2023-08-11T15:35:42+0200,2023-08-11T15:35:42+0200,media,human,setup,Homo sapiens,1,human,2023-09-21T13:40:53+0000
1371,PMR2-KB14PM,2495009,bb85c4d166fa5b24d79156b624d867fa,2023-08-11T15:35:52+0200,2023-08-11T15:35:52+0200,media,human,setup,Homo sapiens,1,human,2023-09-21T13:40:53+0000
1372,PMR2-KB14PM,2495010,b25d87201683ce3424c1ea6988b5b562,2023-08-12T12:00:00+0200,2023-08-12T12:00:00+0200,media,unclassified,,,,,
1373,PMR2-KB14PM,2495011,22b5271ce1908910151dcd710bf4acbf,2023-08-13T12:00:00+0200,2023-08-13T12:00:00+0200,media,unclassified,,,,,
1374,PMR2-KB14PM,2495012,ef79cf67e2e10dc4891c9f5bce70014a,2023-08-14T12:00:00+0200,2023-08-14T12:00:00+0200,media,unclassified,,,,,
1375,PMR2-KB14PM,2495013,49ae46ae435848b3fdc3877696f6bce2,2023-08-15T12:00:00+0200,2023-08-15T12:00:00+0200,media,unclassified,,,,,
1376,PMR2-KB14PM,2495014,33a5a02d5fbbda227d66b9c239a5752d,2023-08-16T12:00:00+0200,2023-08-16T12:00:00+0200,media,unclassified,,,,,
1377,PMR2-KB14PM,2495015,86c093d2cc483649b158f256fd50f2c5,2023-08-17T12:00:00+0200,2023-08-17T12:00:00+0200,media,unclassified,,,,,
1378,PMR2-KB14PM,2495016,5eb421e558023c79c7c944df05690230,2023-08-18T12:00:00+0200,2023-08-18T12:00:00+0200,media,unclassified,,,,,
1379,PMR2-KB14PM,2495017,56b64096cde52305d6e7d482f74f1afa,2023-08-19T12:00:00+0200,2023-08-19T12:00:00+0200,media,unclassified,,,,,
1380,PMR2-KB14PM,2495018,0cd889dca7271a9b8c84cfcaab7d2d6e,2023-08-20T12:00:00+0200,2023-08-20T12:00:00+0200,media,unclassified,,,,,
1381,PMR2-KB14PM,2495019,199ae96357352a218260e02259fd4e27,2023-08-21T12:00:00+0200,2023-08-21T12:00:00+0200,media,unclassified,,,,,
1382,PMR2-KB14PM,2495020,6b1035c5f8be0bf8e695195732212f34,2023-08-22T12:00:00+0200,2023-08-22T12:00:00+0200,media,unclassified,,,,,
1383,PMR2-KB14PM,2495021,479257bcc4759d22b7c8745298cf2cbf,2023-08-23T12:00:00+0200,2023-08-23T12:00:00+0200,media,unclassified,,,,,
1384,PMR2-KB14PM,2495022,9c6a85d1de9342daac3ef95c512f8430,2023-08-24T12:00:00+0200,2023-08-24T12:00:00+0200,media,unclassified,,,,,
1385,PMR2-KB14PM,2495023,53d3be7734a11340f76d42d7180d4098,2023-08-25T12:00:00+0200,2023-08-25T12:00:00+0200,media,unclassified,,,,,
1386,PMR2-KB14PM,2495024,fde9a9689bfabb0501528ee54091843d,2023-08-26T12:00:00+0200,2023-08-26T12:00:00+0200,media,unclassified,,,,,
1387,PMR2-KB14PM,2495025,e44a1ce43fa0b3ef83a3ce020db152aa,2023-08-27T12:00:00+0200,2023-08-27T12:00:00+0200,media,unclassified,,,,,
1388,PMR2-KB14PM,2495026,735807b36bde58b560805596f64aa112,2023-08-28T12:00:00+0200,2023-08-28T12:00:00+0200,media,unclassified,,,,,
1389,PMR2-KB14PM,2495027,e8ed6a9ad1d48302a23ef4c02a5962ed,2023-08-29T12:00:00+0200,2023-08-29T12:00:00+0200,media,unclassified,,,,,
1390,PMR2-KB14PM,2495028,3cdac899792cef354355717cb3069a08,2023-08-30T12:00:00+0200,2023-08-30T12:00:00+0200,media,unclassified,,,,,
1391,PMR2-KB14PM,2495029,b02bf0f964f16ea0717235497b7f5576,2023-08-31T06:58:12+0200,2023-08-31T06:58:12+0200,media,animal,,Garrulus glandarius,1,human,2023-09-21T22:38:58+0000
1392,PMR2-KB14PM,2495030,6f84aa7d0eb2f017564d54180c24d335,2023-08-31T12:00:00+0200,2023-08-31T12:00:00+0200,media,unclassified,,,,,
1393,PMR2-KB14PM,2495031,1c0c165fcdcc6d39cac1732bfee7519a,2023-09-01T12:00:00+0200,2023-09-01T12:00:00+0200,media,unclassified,,,,,
1394,PMR2-KB14PM,2495032,f3b2c5d05fab03e0c00dbe7409b02c9b,2023-09-02T12:00:00+0200,2023-09-02T12:00:00+0200,media,unclassified,,,,,
1395,PMR2-KB14PM,2495033,49d27b7c0bac968934b0fea38f915efa,2023-09-03T12:00:00+0200,2023-09-03T12:00:00+0200,media,unclassified,,,,,
1396,PMR2-KB14PM,2495034,08dcdabbd1f0d0e1100557085a93a418,2023-09-04T12:00:00+0200,2023-09-04T12:00:00+0200,media,unclassified,,,,,
1397,PMR2-KB14PM,2495035,029bdfb2422e877d27750e0d67ad09d9,2023-09-04T13:48:16+0200,2023-09-04T13:48:16+0200,media,human,setup,Homo sapiens,1,human,2023-09-21T23:06:02+0000
1398,PMR2-KB14PM,2495036,029bdfb2422e877d27750e0d67ad09d9,2023-09-04T13:48:50+0200,2023-09-04T13:48:50+0200,media,human,setup,Homo sapiens,1,human,2023-09-21T23:06:02+0000
1399,PMR2-KB14PM,2495037,029bdfb2422e877d27750e0d67ad09d9,2023-09-04T13:49:04+0200,2023-09-04T13:49:04+0200,media,human,setup,Homo sapiens,1,human,2023-09-21T23:06:02+0000
1400,PMR2-KB14PM,2495038,029bdfb2422e877d27750e0d67ad09d9,2023-09-04T13:49:24+0200,2023-09-04T13:49:24+0200,media,human,setup,Homo sapiens,1,human,2023-09-21T23:06:02+0000
1401,PMR2-KB15PM,2495039,0d589af8fab648c12b936ee86eb5dec1,2023-08-09T12:55:48+0200,2023-08-09T12:55:48+0200,media,human,setup,Homo sapiens,1,human,2023-09-21T13:21:13+0000
1402,PMR2-KB15PM,2495040,0d589af8fab648c12b936ee86eb5dec1,2023-08-09T12:56:02+0200,2023-08-09T12:56:02+0200,media,human,setup,Homo sapiens,1,human,2023-09-21T13:21:13+0000
1403,PMR2-KB15PM,2495041,413c4ef323285295e009261f5945a2b8,2023-08-10T12:00:00+0200,2023-08-10T12:00:00+0200,media,unclassified,,,,,
1404,PMR2-KB15PM,2495042,3080f99ca1abc38788513a8969aad07c,2023-08-11T12:00:00+0200,2023-08-11T12:00:00+0200,media,unclassified,,,,,
1405,PMR2-KB15PM,2495043,8bfbbc11506d59b20364756a2f391695,2023-08-12T12:00:00+0200,2023-08-12T12:00:00+0200,media,unclassified,,,,,
1406,PMR2-KB15PM,2495044,1b6066c02940fab782d05fb53771b29e,2023-08-13T12:00:00+0200,2023-08-13T12:00:00+0200,media,unclassified,,,,,
1407,PMR2-KB15PM,2495045,53b3f628ff7882f7bc7ed05f41634408,2023-08-14T12:00:00+0200,2023-08-14T12:00:00+0200,media,unclassified,,,,,
1408,PMR2-KB15PM,2495046,d34d8e71700cec2d1f04e30a81d04eec,2023-08-15T12:00:00+0200,2023-08-15T12:00:00+0200,media,unclassified,,,,,
1409,PMR2-KB15PM,2495047,e6193197938b61638bacb418892e0263,2023-08-16T12:00:00+0200,2023-08-16T12:00:00+0200,media,unclassified,,,,,
1410,PMR2-KB15PM,2495048,f624d1d24df513f2b16f2e9ad60441c5,2023-08-17T12:00:00+0200,2023-08-17T12:00:00+0200,media,unclassified,,,,,
1411,PMR2-KB15PM,2495049,b3b1f4e7a960dc3ffd6988e08cbb056a,2023-08-18T12:00:00+0200,2023-08-18T12:00:00+0200,media,unclassified,,,,,
1412,PMR2-KB15PM,2495050,7a6c7235fe8a727aeb58244738783920,2023-08-19T12:00:00+0200,2023-08-19T12:00:00+0200,media,unclassified,,,,,
1413,PMR2-KB15PM,2495051,fbc7acf7c102ca273dccb277f5160590,2023-08-20T12:00:00+0200,2023-08-20T12:00:00+0200,media,unclassified,,,,,
1414,PMR2-KB15PM,2495052,c74da154c48cde83f9bcd1378e380949,2023-08-21T12:00:00+0200,2023-08-21T12:00:00+0200,media,unclassified,,,,,
1415,PMR2-KB15PM,2495053,c4328e286dba62f0625b75d49975b176,2023-08-22T12:00:00+0200,2023-08-22T12:00:00+0200,media,unclassified,,,,,
1416,PMR2-KB15PM,2495054,81020d078d9a720ccabc2a27fb8007bc,2023-08-23T00:55:52+0200,2023-08-23T00:55:52+0200,media,animal,,Meles meles,1,human,2023-09-21T21:10:40+0000
1417,PMR2-KB15PM,2495055,a21e0cc1d4c2fbaae530404fc77e4d4f,2023-08-23T12:00:00+0200,2023-08-23T12:00:00+0200,media,unclassified,,,,,
1418,PMR2-KB15PM,2495056,f3f1e69f76552e9dfc221d9447996e62,2023-08-23T21:58:10+0200,2023-08-23T21:58:10+0200,media,animal,,Martes martes,1,human,2023-09-21T21:43:53+0000
1419,PMR2-KB15PM,2495057,f3f1e69f76552e9dfc221d9447996e62,2023-08-23T21:58:18+0200,2023-08-23T21:58:18+0200,media,animal,,Martes martes,1,human,2023-09-21T21:44:15+0000
1420,PMR2-KB15PM,2495058,51da09cd074bd086f5b803db1d52f8cb,2023-08-24T12:00:00+0200,2023-08-24T12:00:00+0200,media,unclassified,,,,,
1421,PMR2-KB15PM,2495059,d76f79ca7eb146f93ba3d646da3c1ad4,2023-08-25T12:00:00+0200,2023-08-25T12:00:00+0200,media,unclassified,,,,,
1422,PMR2-KB15PM,2495060,5bd2b0e387946c92ac20eabda6eb7b8b,2023-08-26T12:00:00+0200,2023-08-26T12:00:00+0200,media,unclassified,,,,,
1423,PMR2-KB15PM,2495061,6842a99bdaa51e38b5add17342cdc1ee,2023-08-27T12:00:00+0200,2023-08-27T12:00:00+0200,media,unclassified,,,,,
1424,PMR2-KB15PM,2495062,5c70ff05b7e2e77c10dcf4c1a46642bc,2023-08-28T12:00:00+0200,2023-08-28T12:00:00+0200,media,unclassified,,,,,
1425,PMR2-KB15PM,2495063,2d6ae392bfdf2b1668087f5fc7069173,2023-08-29T12:00:00+0200,2023-08-29T12:00:00+0200,media,unclassified,,,,,
1426,PMR2-KB15PM,2495064,629b0c01001e50f5d1baf24e3dc8b612,2023-08-29T15:43:52+0200,2023-08-29T15:43:52+0200,media,blank,,,,human,2023-09-21T22:33:20+0000
1427,PMR2-KB15PM,2495065,7f7192a4ecfb03634b23899b6c118823,2023-08-30T12:00:00+0200,2023-08-30T12:00:00+0200,media,unclassified,,,,,
1428,PMR2-KB15PM,2495066,73dab202536e13cd21a252701ae73488,2023-08-31T12:00:00+0200,2023-08-31T12:00:00+0200,media,unclassified,,,,,
1429,PMR2-KB15PM,2495067,fbd980b83f7ac3e8b7560d35c06ed7ce,2023-09-01T12:00:00+0200,2023-09-01T12:00:00+0200,media,unclassified,,,,,
1430,PMR2-KB15PM,2495068,ba761b236cde1ae8274b02fdc9adddcc,2023-09-02T12:00:00+0200,2023-09-02T12:00:00+0200,media,unclassified,,,,,
1431,PMR2-KB15PM,2495069,99c8b79ed8a8b6419be914496af20a94,2023-09-03T12:00:00+0200,2023-09-03T12:00:00+0200,media,unclassified,,,,,
1432,PMR2-KB15PM,2495070,188ef5fecb27211b2babbb49e925da70,2023-09-04T12:00:00+0200,2023-09-04T12:00:00+0200,media,unclassified,,,,,
1433,PMR2-KB15PM,2495071,5f209b6cc62701306b896039cbb344ef,2023-09-04T17:38:48+0200,2023-09-04T17:38:48+0200,media,human,setup,Homo sapiens,1,human,2023-09-21T23:11:54+0000
1434,PMR2-KB15PM,2495072,5f209b6cc62701306b896039cbb344ef,2023-09-04T17:39:04+0200,2023-09-04T17:39:04+0200,media,human,setup,Homo sapiens,1,human,2023-09-21T23:11:54+0000
1435,PMR2-KB16PM,2495073,59fbf7faa3c93f1d17cad56cbced25d2,2023-08-09T14:41:10+0200,2023-08-09T14:41:10+0200,media,human,setup,Homo sapiens,1,human,2023-09-21T13:21:36+0000
1436,PMR2-KB16PM,2495074,59fbf7faa3c93f1d17cad56cbced25d2,2023-08-09T14:41:18+0200,2023-08-09T14:41:18+0200,media,human,setup,Homo sapiens,1,human,2023-09-21T13:21:36+0000
1437,PMR2-KB16PM,2495075,7e5b1fd8a49786797bcbd9c8a35f7424,2023-08-10T12:00:00+0200,2023-08-10T12:00:00+0200,media,unclassified,,,,,
1438,PMR2-KB16PM,2495076,1a56403c9381401c2a764b3e01a6ee65,2023-08-11T12:00:00+0200,2023-08-11T12:00:00+0200,media,unclassified,,,,,
1439,PMR2-KB16PM,2495077,11ae63c01831fd90b0c165be4d7c07f7,2023-08-12T12:00:00+0200,2023-08-12T12:00:00+0200,media,unclassified,,,,,
1440,PMR2-KB16PM,2495078,e97ec3be9c3cc9e0d346fc619c1cf271,2023-08-13T12:00:00+0200,2023-08-13T12:00:00+0200,media,unclassified,,,,,
1441,PMR2-KB16PM,2495079,81ddd57d5a62d02184e5d9944821c3eb,2023-08-14T12:00:00+0200,2023-08-14T12:00:00+0200,media,unclassified,,,,,
1442,PMR2-KB16PM,2495080,1f1db18c7ad444e2f9f1442ca3934c07,2023-08-15T12:00:00+0200,2023-08-15T12:00:00+0200,media,unclassified,,,,,
1443,PMR2-KB16PM,2495081,76bbdad2f6b3831974bb6ee71ee6bba3,2023-08-16T12:00:00+0200,2023-08-16T12:00:00+0200,media,unclassified,,,,,
1444,PMR2-KB16PM,2495082,981eb30a72de8cf3604187a78d6f2353,2023-08-16T21:35:00+0200,2023-08-16T21:35:00+0200,media,animal,,Alces alces,1,human,2023-09-21T17:15:54+0000
1445,PMR2-KB16PM,2495083,981eb30a72de8cf3604187a78d6f2353,2023-08-16T21:35:16+0200,2023-08-16T21:35:16+0200,media,animal,,Alces alces,1,human,2023-09-21T17:15:54+0000
1446,PMR2-KB16PM,2495084,981eb30a72de8cf3604187a78d6f2353,2023-08-16T21:35:22+0200,2023-08-16T21:35:22+0200,media,animal,,Alces alces,1,human,2023-09-21T17:15:54+0000
1447,PMR2-KB16PM,2495085,981eb30a72de8cf3604187a78d6f2353,2023-08-16T21:35:36+0200,2023-08-16T21:35:36+0200,media,animal,,Alces alces,1,human,2023-09-21T17:15:54+0000
1448,PMR2-KB16PM,2495086,981eb30a72de8cf3604187a78d6f2353,2023-08-16T21:35:50+0200,2023-08-16T21:35:50+0200,media,animal,,Alces alces,1,human,2023-09-21T17:15:54+0000
1449,PMR2-KB16PM,2495087,981eb30a72de8cf3604187a78d6f2353,2023-08-16T21:35:56+0200,2023-08-16T21:35:56+0200,media,animal,,Alces alces,1,human,2023-09-21T17:15:54+0000
1450,PMR2-KB16PM,2495088,981eb30a72de8cf3604187a78d6f2353,2023-08-16T21:36:24+0200,2023-08-16T21:36:24+0200,media,animal,,Alces alces,1,human,2023-09-21T17:15:54+0000
1451,PMR2-KB16PM,2495089,981eb30a72de8cf3604187a78d6f2353,2023-08-16T21:36:42+0200,2023-08-16T21:36:42+0200,media,animal,,Alces alces,1,human,2023-09-21T17:15:54+0000
1452,PMR2-KB16PM,2495090,981eb30a72de8cf3604187a78d6f2353,2023-08-16T21:36:52+0200,2023-08-16T21:36:52+0200,media,animal,,Alces alces,1,human,2023-09-21T17:15:54+0000
1453,PMR2-KB16PM,2495091,981eb30a72de8cf3604187a78d6f2353,2023-08-16T21:37:12+0200,2023-08-16T21:37:12+0200,media,animal,,Alces alces,1,human,2023-09-21T17:15:54+0000
1454,PMR2-KB16PM,2495092,34c0f8c63cd57bf1551968882390be22,2023-08-17T12:00:00+0200,2023-08-17T12:00:00+0200,media,unclassified,,,,,
1455,PMR2-KB16PM,2495093,01218fcfbebce546204dd1bd2d7f8134,2023-08-18T12:00:00+0200,2023-08-18T12:00:00+0200,media,unclassified,,,,,
1456,PMR2-KB16PM,2495094,c2bafceaabf5b1a6aca2a14a2c831c3f,2023-08-19T12:00:00+0200,2023-08-19T12:00:00+0200,media,unclassified,,,,,
1457,PMR2-KB16PM,2495095,4f93553c9e1001a6e104911e5690d2a1,2023-08-19T16:13:24+0200,2023-08-19T16:13:24+0200,media,animal,,Sciurus vulgaris,1,human,2023-09-21T20:40:26+0000
1458,PMR2-KB16PM,2495096,1f08a819069f4ee6cf087d50e282f37d,2023-08-20T12:00:00+0200,2023-08-20T12:00:00+0200,media,unclassified,,,,,
1459,PMR2-KB16PM,2495097,3bb90d974e44625f3f766cd5fd4bd6a4,2023-08-21T12:00:00+0200,2023-08-21T12:00:00+0200,media,unclassified,,,,,
1460,PMR2-KB16PM,2495098,f2885103a83c15cbf32e277c5fb56643,2023-08-22T12:00:00+0200,2023-08-22T12:00:00+0200,media,unclassified,,,,,
1461,PMR2-KB16PM,2495099,ab76b0fe943c832cca1297426bd8e02c,2023-08-23T08:42:42+0200,2023-08-23T08:42:42+0200,media,animal,,Sciurus vulgaris,1,human,2023-09-21T21:11:28+0000
1462,PMR2-KB16PM,2495100,0a1d89f17efd77665e2be42113d886e7,2023-08-23T12:00:00+0200,2023-08-23T12:00:00+0200,media,unclassified,,,,,
1463,PMR2-KB16PM,2495101,4317aa45c24f7b88bfc42f7a08b1101e,2023-08-24T12:00:00+0200,2023-08-24T12:00:00+0200,media,unclassified,,,,,
1464,PMR2-KB16PM,2495102,886bd976cab1980caf112736f68d956f,2023-08-25T12:00:00+0200,2023-08-25T12:00:00+0200,media,unclassified,,,,,
1465,PMR2-KB16PM,2495103,1af398b406fffe5260e640bd9620d1f0,2023-08-26T12:00:00+0200,2023-08-26T12:00:00+0200,media,unclassified,,,,,
1466,PMR2-KB16PM,2495104,0ce0378efcb98d2bb5e81371838527c0,2023-08-27T12:00:00+0200,2023-08-27T12:00:00+0200,media,unclassified,,,,,
1467,PMR2-KB16PM,2495105,65694852359832b3a3ad61f0ddd7c121,2023-08-28T12:00:00+0200,2023-08-28T12:00:00+0200,media,unclassified,,,,,
1468,PMR2-KB16PM,2495106,2c752fbb96c7c00d14cb8e151a2539fe,2023-08-29T12:00:00+0200,2023-08-29T12:00:00+0200,media,unclassified,,,,,
1469,PMR2-KB16PM,2495107,e1f9aded427f67150b0edb0810e4705a,2023-08-30T12:00:00+0200,2023-08-30T12:00:00+0200,media,unclassified,,,,,
1470,PMR2-KB16PM,2495108,3d2e58ee24d3159a5f1e677a285d7173,2023-08-31T12:00:00+0200,2023-08-31T12:00:00+0200,media,unclassified,,,,,
1471,PMR2-KB16PM,2495109,2a4a912ff8f01a4246fb6d94549969ec,2023-09-01T12:00:00+0200,2023-09-01T12:00:00+0200,media,unclassified,,,,,
1472,PMR2-KB16PM,2495110,9ff2d2f1f0fb7bbced555ec37da292f9,2023-09-02T12:00:00+0200,2023-09-02T12:00:00+0200,media,unclassified,,,,,
1473,PMR2-KB16PM,2495111,1466156f74c57d80f1cd1395a32bd0bd,2023-09-03T12:00:00+0200,2023-09-03T12:00:00+0200,media,unclassified,,,,,
1474,PMR2-KB16PM,2495112,7c2f1f189f085f34543361e476789d03,2023-09-04T12:00:00+0200,2023-09-04T12:00:00+0200,media,unclassified,,,,,
1475,PMR2-KB16PM,2495113,561b7aae30359da9a2b2d1030728fa57,2023-09-05T10:30:50+0200,2023-09-05T10:30:50+0200,media,human,setup,Homo sapiens,1,human,2023-09-21T23:13:34+0000
1476,PMR2-KB16PM,2495114,561b7aae30359da9a2b2d1030728fa57,2023-09-05T10:32:20+0200,2023-09-05T10:32:20+0200,media,human,setup,Homo sapiens,1,human,2023-09-21T23:13:34+0000
1477,PMR2-KB16PM,2495115,561b7aae30359da9a2b2d1030728fa57,2023-09-05T10:32:30+0200,2023-09-05T10:32:30+0200,media,blank,setup,,,human,2023-09-21T23:13:42+0000
1478,PMR2-KB17PM,2495116,aa82a0c957c8da390ff514bf88bc9006,2023-08-07T18:17:50+0200,2023-08-07T18:17:50+0200,media,human,setup,Homo sapiens,1,human,2023-09-21T12:30:25+0000
1479,PMR2-KB17PM,2495117,aa82a0c957c8da390ff514bf88bc9006,2023-08-07T18:20:30+0200,2023-08-07T18:20:30+0200,media,human,setup,Homo sapiens,1,human,2023-09-21T12:30:38+0000
1480,PMR2-KB17PM,2495118,aa82a0c957c8da390ff514bf88bc9006,2023-08-07T18:20:38+0200,2023-08-07T18:20:38+0200,media,human,setup,Homo sapiens,1,human,2023-09-21T12:30:48+0000
1481,PMR2-KB17PM,2495119,1dd5ab577c36b0fdd2c622a095cbb185,2023-08-08T12:00:00+0200,2023-08-08T12:00:00+0200,media,unclassified,,,,,
1482,PMR2-KB17PM,2495120,4459915d346008c5cef104edb0552d9c,2023-08-09T12:00:00+0200,2023-08-09T12:00:00+0200,media,unclassified,,,,,
1483,PMR2-KB17PM,2495121,63250132343ca3484b71a1ba59cec441,2023-08-10T12:00:00+0200,2023-08-10T12:00:00+0200,media,unclassified,,,,,
1484,PMR2-KB17PM,2495122,553d9a911950264b9d0bcae8c2a6ea7e,2023-08-11T12:00:00+0200,2023-08-11T12:00:00+0200,media,unclassified,,,,,
1485,PMR2-KB17PM,2495123,8511c8e8ee6b36b71daf1339f040e53a,2023-08-12T12:00:00+0200,2023-08-12T12:00:00+0200,media,unclassified,,,,,
1486,PMR2-KB17PM,2495124,8511c8e8ee6b36b71daf1339f040e53a,2023-08-12T12:02:14+0200,2023-08-12T12:02:14+0200,media,animal,,Turdus pilaris,1,human,2023-09-21T13:48:22+0000
1487,PMR2-KB17PM,2495125,77ad2b8d70b8ce886a11d64882f2e718,2023-08-13T12:00:00+0200,2023-08-13T12:00:00+0200,media,unclassified,,,,,
1488,PMR2-KB17PM,2495126,d6a710020b25a5901898391aa31c49cc,2023-08-14T01:42:22+0200,2023-08-14T01:42:22+0200,media,animal,,Alces alces,1,human,2023-09-21T13:52:50+0000
1489,PMR2-KB17PM,2495127,3d995d61d675335ea57d1d25f71a7123,2023-08-14T12:00:00+0200,2023-08-14T12:00:00+0200,media,unclassified,,,,,
1490,PMR2-KB17PM,2495128,20dd990479183631b86aaae148362f4e,2023-08-15T12:00:00+0200,2023-08-15T12:00:00+0200,media,unclassified,,,,,
1491,PMR2-KB17PM,2495129,6807572bac1764f26f78e6bff43dd501,2023-08-16T12:00:00+0200,2023-08-16T12:00:00+0200,media,unclassified,,,,,
1492,PMR2-KB17PM,2495130,c904c6952260d573171e3a3025587616,2023-08-17T12:00:00+0200,2023-08-17T12:00:00+0200,media,unclassified,,,,,
1493,PMR2-KB17PM,2495131,4c59bcb9c310555bba2f9ef7077f1038,2023-08-18T12:00:00+0200,2023-08-18T12:00:00+0200,media,unclassified,,,,,
1494,PMR2-KB17PM,2495132,cc41de498d041ddb964dd837ccf37d43,2023-08-19T12:00:00+0200,2023-08-19T12:00:00+0200,media,unclassified,,,,,
1495,PMR2-KB17PM,2495133,3812049d4a221354e6f28edff3ea6260,2023-08-20T00:02:40+0200,2023-08-20T00:02:40+0200,media,animal,,Martes martes,1,human,2023-09-21T20:43:23+0000
1496,PMR2-KB17PM,2495134,32e5806a973b47d581bc7918a3fad974,2023-08-20T12:00:00+0200,2023-08-20T12:00:00+0200,media,unclassified,,,,,
1497,PMR2-KB17PM,2495135,42e459092863d868efab9c12b08c2803,2023-08-21T12:00:00+0200,2023-08-21T12:00:00+0200,media,unclassified,,,,,
1498,PMR2-KB17PM,2495136,cbffb584cae078013e19f3cbf2c72649,2023-08-22T12:00:00+0200,2023-08-22T12:00:00+0200,media,unclassified,,,,,
1499,PMR2-KB17PM,2495137,efb9421e4d42af0dff6dbbe0d426ac30,2023-08-23T12:00:00+0200,2023-08-23T12:00:00+0200,media,unclassified,,,,,
1500,PMR2-KB17PM,2495138,518e69b057ebccfc76e8dada43b77ac3,2023-08-24T12:00:00+0200,2023-08-24T12:00:00+0200,media,unclassified,,,,,
1501,PMR2-KB17PM,2495139,69d90335871ff9ae43b675c5d0153a77,2023-08-25T12:00:00+0200,2023-08-25T12:00:00+0200,media,unclassified,,,,,
1502,PMR2-KB17PM,2495140,343e99c823244ea9e5711d62fab5f073,2023-08-26T12:00:00+0200,2023-08-26T12:00:00+0200,media,unclassified,,,,,
1503,PMR2-KB17PM,2495141,aaae3bef7607699428fc0eaeffc7d18c,2023-08-27T12:00:00+0200,2023-08-27T12:00:00+0200,media,unclassified,,,,,
1504,PMR2-KB17PM,2495142,d486ebbbf8a76bd6e69382f8aabc6533,2023-08-28T12:00:00+0200,2023-08-28T12:00:00+0200,media,unclassified,,,,,
1505,PMR2-KB17PM,2495143,72f7e37a0754448788cf31b306b02b47,2023-08-29T12:00:00+0200,2023-08-29T12:00:00+0200,media,unclassified,,,,,
1506,PMR2-KB17PM,2495144,ce0c93fac9551035b79853d225f64704,2023-08-30T12:00:00+0200,2023-08-30T12:00:00+0200,media,unclassified,,,,,
1507,PMR2-KB17PM,2495145,6e36337286654bee7c425f0de4a2d9fb,2023-08-31T12:00:00+0200,2023-08-31T12:00:00+0200,media,unclassified,,,,,
1508,PMR2-KB17PM,2495146,f972c5c57f3d141410d1f9a0db52d23d,2023-09-01T12:00:00+0200,2023-09-01T12:00:00+0200,media,unclassified,,,,,
1509,PMR2-KB17PM,2495147,8baafa189253c892f258d5dc23c694b5,2023-09-02T12:00:00+0200,2023-09-02T12:00:00+0200,media,unclassified,,,,,
1510,PMR2-KB17PM,2495148,8e7112d56f59ca4e3d769f01c7918845,2023-09-03T12:00:00+0200,2023-09-03T12:00:00+0200,media,unclassified,,,,,
1511,PMR2-KB17PM,2495149,11a1a2c9329b31e333767ed9274bbc85,2023-09-04T12:00:00+0200,2023-09-04T12:00:00+0200,media,unclassified,,,,,
1512,PMR2-KB17PM,2495150,77f15d63720417f1efa734d3de0bf090,2023-09-05T12:00:00+0200,2023-09-05T12:00:00+0200,media,unclassified,,,,,
1513,PMR2-KB17PM,2495151,1438629fbab8dcfcefeadcea402dafd1,2023-09-05T17:32:22+0200,2023-09-05T17:32:22+0200,media,human,setup,Homo sapiens,1,human,2023-09-21T23:19:12+0000
1514,PMR2-KB17PM,2495152,1438629fbab8dcfcefeadcea402dafd1,2023-09-05T17:32:38+0200,2023-09-05T17:32:38+0200,media,human,setup,Homo sapiens,1,human,2023-09-21T23:19:12+0000
1515,PMR2-KB18PM,2495153,84e2c35308b9ef2f83310780d5832eb6,2023-08-11T14:27:34+0200,2023-08-11T14:27:34+0200,media,blank,setup,,,human,2023-09-21T13:40:17+0000
1516,PMR2-KB18PM,2495154,84e2c35308b9ef2f83310780d5832eb6,2023-08-11T14:28:32+0200,2023-08-11T14:28:32+0200,media,human,setup,Homo sapiens,1,human,2023-09-21T13:40:28+0000
1517,PMR2-KB18PM,2495155,84e2c35308b9ef2f83310780d5832eb6,2023-08-11T14:28:42+0200,2023-08-11T14:28:42+0200,media,human,setup,Homo sapiens,1,human,2023-09-21T13:40:38+0000
1518,PMR2-KB18PM,2495156,6473a534f6b57831fafa710ffecb66ed,2023-08-12T12:00:00+0200,2023-08-12T12:00:00+0200,media,unclassified,,,,,
1519,PMR2-KB18PM,2495157,9beece685e81ae196c4ab7a8799e2326,2023-08-13T12:00:00+0200,2023-08-13T12:00:00+0200,media,unclassified,,,,,
1520,PMR2-KB18PM,2495158,0396193d234f995158d24edf21fe102d,2023-08-14T11:21:22+0200,2023-08-14T11:21:22+0200,media,animal,,Vulpes vulpes,1,human,2023-09-21T13:55:34+0000
1521,PMR2-KB18PM,2495159,429a6a26d74a4a4d6b0eebc641f7b319,2023-08-14T12:00:00+0200,2023-08-14T12:00:00+0200,media,unclassified,,,,,
1522,PMR2-KB18PM,2495160,8efa02eae17e87944243d827e3f35b40,2023-08-15T12:00:00+0200,2023-08-15T12:00:00+0200,media,unclassified,,,,,
1523,PMR2-KB18PM,2495161,7d0495f0187cf51ba70295eaa7602330,2023-08-16T12:00:00+0200,2023-08-16T12:00:00+0200,media,unclassified,,,,,
1524,PMR2-KB18PM,2495162,673c61283edc13ff1f23ac488aa870d9,2023-08-16T16:09:34+0200,2023-08-16T16:09:34+0200,media,animal,,Capreolus capreolus,1,human,2023-09-21T17:13:12+0000
1525,PMR2-KB18PM,2495163,673c61283edc13ff1f23ac488aa870d9,2023-08-16T16:09:52+0200,2023-08-16T16:09:52+0200,media,animal,,Capreolus capreolus,1,human,2023-09-21T17:13:12+0000
1526,PMR2-KB18PM,2495164,673c61283edc13ff1f23ac488aa870d9,2023-08-16T16:10:02+0200,2023-08-16T16:10:02+0200,media,animal,,Capreolus capreolus,1,human,2023-09-21T17:13:12+0000
1527,PMR2-KB18PM,2495165,673c61283edc13ff1f23ac488aa870d9,2023-08-16T16:10:10+0200,2023-08-16T16:10:10+0200,media,blank,,,,human,2023-09-21T17:13:31+0000
1528,PMR2-KB18PM,2495166,6d9412b790e30c91c449f9991c7cd549,2023-08-17T12:00:00+0200,2023-08-17T12:00:00+0200,media,unclassified,,,,,
1529,PMR2-KB18PM,2495167,1bba5a486fcc5bce0e4eca6d24f6c4ef,2023-08-17T19:04:06+0200,2023-08-17T19:04:06+0200,media,animal,,Capreolus capreolus,1,human,2023-09-21T20:28:46+0000
1530,PMR2-KB18PM,2495168,1bba5a486fcc5bce0e4eca6d24f6c4ef,2023-08-17T19:04:24+0200,2023-08-17T19:04:24+0200,media,animal,,Capreolus capreolus,1,human,2023-09-21T20:28:46+0000
1531,PMR2-KB18PM,2495169,1bba5a486fcc5bce0e4eca6d24f6c4ef,2023-08-17T19:04:30+0200,2023-08-17T19:04:30+0200,media,animal,,Capreolus capreolus,1,human,2023-09-21T20:28:46+0000
1532,PMR2-KB18PM,2495170,1bba5a486fcc5bce0e4eca6d24f6c4ef,2023-08-17T19:05:26+0200,2023-08-17T19:05:26+0200,media,blank,,,,human,2023-09-21T20:29:36+0000
1533,PMR2-KB18PM,2495171,9696ffd312ef07129ab28134a9c736e6,2023-08-17T20:31:40+0200,2023-08-17T20:31:40+0200,media,animal,,Capreolus capreolus,1,human,2023-09-21T20:29:06+0000
1534,PMR2-KB18PM,2495172,9696ffd312ef07129ab28134a9c736e6,2023-08-17T20:31:48+0200,2023-08-17T20:31:48+0200,media,animal,,Capreolus capreolus,1,human,2023-09-21T20:29:06+0000
1535,PMR2-KB18PM,2495173,9696ffd312ef07129ab28134a9c736e6,2023-08-17T20:31:56+0200,2023-08-17T20:31:56+0200,media,animal,,Capreolus capreolus,1,human,2023-09-21T20:29:06+0000
1536,PMR2-KB18PM,2495174,fec8c75352dbe1b36cd4826bb0473df6,2023-08-18T12:00:00+0200,2023-08-18T12:00:00+0200,media,unclassified,,,,,
1537,PMR2-KB18PM,2495175,00115c6d258b5606542623f03f8fcb86,2023-08-19T12:00:00+0200,2023-08-19T12:00:00+0200,media,unclassified,,,,,
1538,PMR2-KB18PM,2495176,6c2a225fc790516af700efe33e54a99c,2023-08-19T19:41:56+0200,2023-08-19T19:41:56+0200,media,animal,,Alces alces,1,human,2023-09-21T20:41:55+0000
1539,PMR2-KB18PM,2495177,b125589ad40577ac185cfe3cca699a97,2023-08-20T12:00:00+0200,2023-08-20T12:00:00+0200,media,unclassified,,,,,
1540,PMR2-KB18PM,2495178,fe415688df9809db2c4acdc366c2bd47,2023-08-20T12:31:10+0200,2023-08-20T12:31:10+0200,media,animal,,Perisoreus infaustus,1,human,2023-09-21T20:52:35+0000
1541,PMR2-KB18PM,2495179,fe415688df9809db2c4acdc366c2bd47,2023-08-20T12:32:12+0200,2023-08-20T12:32:12+0200,media,blank,,,,human,2023-09-21T20:52:41+0000
1542,PMR2-KB18PM,2495180,f975b174d4803fb932209293c17c5f0e,2023-08-21T12:00:00+0200,2023-08-21T12:00:00+0200,media,unclassified,,,,,
1543,PMR2-KB18PM,2495181,9515d24a6355228ea7d25ddedacd9acb,2023-08-22T06:06:50+0200,2023-08-22T06:06:50+0200,media,animal,,Tetrao urogallus,1,human,2023-09-21T21:07:42+0000
1544,PMR2-KB18PM,2495182,5c88fb846326d3f83d89a2d2581fae82,2023-08-22T12:00:00+0200,2023-08-22T12:00:00+0200,media,unclassified,,,,,
1545,PMR2-KB18PM,2495183,4dc960dc02eccc0e25ef20bfbcbb00df,2023-08-23T12:00:00+0200,2023-08-23T12:00:00+0200,media,unclassified,,,,,
1546,PMR2-KB18PM,2495184,4e902cf190ea42d8c794157723d1e644,2023-08-24T12:00:00+0200,2023-08-24T12:00:00+0200,media,unclassified,,,,,
1547,PMR2-KB18PM,2495185,afe8143eeb651bd6a30a206db669709f,2023-08-25T12:00:00+0200,2023-08-25T12:00:00+0200,media,unclassified,,,,,
1548,PMR2-KB18PM,2495186,1ec0f5cdd572a3e876635a8cf694dfab,2023-08-26T12:00:00+0200,2023-08-26T12:00:00+0200,media,unclassified,,,,,
1549,PMR2-KB18PM,2495187,9ff31f2bf1550047b9335384ff5fc406,2023-08-27T12:00:00+0200,2023-08-27T12:00:00+0200,media,unclassified,,,,,
1550,PMR2-KB18PM,2495188,59bbc1c039eea4e9b32b5aecdbc1d34f,2023-08-28T12:00:00+0200,2023-08-28T12:00:00+0200,media,unclassified,,,,,
1551,PMR2-KB18PM,2495189,646fa9f29430e9f3b7156884aff21ede,2023-08-28T19:43:42+0200,2023-08-28T19:43:42+0200,media,animal,,Alces alces,1,human,2023-09-21T22:27:05+0000
1552,PMR2-KB18PM,2495190,646fa9f29430e9f3b7156884aff21ede,2023-08-28T19:43:56+0200,2023-08-28T19:43:56+0200,media,animal,,Alces alces,1,human,2023-09-21T22:27:22+0000
1553,PMR2-KB18PM,2495191,646fa9f29430e9f3b7156884aff21ede,2023-08-28T19:44:12+0200,2023-08-28T19:44:12+0200,media,animal,,Alces alces,1,human,2023-09-21T22:28:29+0000
1554,PMR2-KB18PM,2495191,646fa9f29430e9f3b7156884aff21ede,2023-08-28T19:44:12+0200,2023-08-28T19:44:12+0200,media,animal,,Alces alces,1,human,2023-09-21T22:28:29+0000
1555,PMR2-KB18PM,2495192,6a9f9ef3c3c1d0f402294b94d83e3234,2023-08-29T12:00:00+0200,2023-08-29T12:00:00+0200,media,unclassified,,,,,
1556,PMR2-KB18PM,2495193,b146f01f45bd145fe1d8fc56f8ff59cd,2023-08-29T20:27:26+0200,2023-08-29T20:27:26+0200,media,blank,,,,human,2023-09-21T22:34:06+0000
1557,PMR2-KB18PM,2495194,5b24315b7336b77ff5a2009ff703bda3,2023-08-29T20:32:52+0200,2023-08-29T20:32:52+0200,media,animal,,Other,1,human,2023-09-21T22:37:00+0000
1558,PMR2-KB18PM,2495195,5b24315b7336b77ff5a2009ff703bda3,2023-08-29T20:37:10+0200,2023-08-29T20:37:10+0200,media,blank,,,,human,2023-09-21T22:36:31+0000
1559,PMR2-KB18PM,2495196,bf49373933341df55cfc4a4e62260950,2023-08-30T12:00:00+0200,2023-08-30T12:00:00+0200,media,unclassified,,,,,
1560,PMR2-KB18PM,2495197,0959e08b68340eae731951f07a2eb74f,2023-08-31T12:00:00+0200,2023-08-31T12:00:00+0200,media,unclassified,,,,,
1561,PMR2-KB18PM,2495198,ba4ab108ab38c754d996803d037dd360,2023-09-01T12:00:00+0200,2023-09-01T12:00:00+0200,media,unclassified,,,,,
1562,PMR2-KB18PM,2495199,e7c086c43bf1e4344b1439edf2a541ea,2023-09-02T12:00:00+0200,2023-09-02T12:00:00+0200,media,unclassified,,,,,
1563,PMR2-KB18PM,2495200,c7610ce6354cd9f88c7202fdcd8cbb8f,2023-09-03T12:00:00+0200,2023-09-03T12:00:00+0200,media,unclassified,,,,,
1564,PMR2-KB18PM,2495201,c43470fa4ef3459cf33e1ad491e0864f,2023-09-04T12:00:00+0200,2023-09-04T12:00:00+0200,media,unclassified,,,,,
1565,PMR2-KB18PM,2495202,b45f47a06da56533c32a1a20a032b83e,2023-09-04T14:36:48+0200,2023-09-04T14:36:48+0200,media,animal,,Alces alces,1,human,2023-09-21T23:07:48+0000
1566,PMR2-KB18PM,2495203,b45f47a06da56533c32a1a20a032b83e,2023-09-04T14:37:28+0200,2023-09-04T14:37:28+0200,media,animal,,Alces alces,1,human,2023-09-21T23:07:48+0000
1567,PMR2-KB18PM,2495204,60622cde83161af4c1470fbbd85c3ab5,2023-09-04T14:48:58+0200,2023-09-04T14:48:58+0200,media,human,setup,Homo sapiens,1,human,2023-09-21T23:08:16+0000
1568,PMR2-KB18PM,2495205,60622cde83161af4c1470fbbd85c3ab5,2023-09-04T14:49:16+0200,2023-09-04T14:49:16+0200,media,human,setup,Homo sapiens,1,human,2023-09-21T23:08:16+0000
1569,PMR2-KB18PM,2495206,60622cde83161af4c1470fbbd85c3ab5,2023-09-04T14:49:24+0200,2023-09-04T14:49:24+0200,media,human,setup,Homo sapiens,1,human,2023-09-21T23:08:16+0000
1570,PMR2-KB18PM,2495207,60622cde83161af4c1470fbbd85c3ab5,2023-09-04T14:49:32+0200,2023-09-04T14:49:32+0200,media,human,setup,Homo sapiens,1,human,2023-09-21T23:08:16+0000
1571,PMR2-KB19PM,2495208,b62a8ef941f2f1793168b5a5788215d2,2023-08-11T16:33:32+0200,2023-08-11T16:33:32+0200,media,human,setup,Homo sapiens,1,human,2023-09-21T13:41:11+0000
1572,PMR2-KB19PM,2495209,b62a8ef941f2f1793168b5a5788215d2,2023-08-11T16:33:46+0200,2023-08-11T16:33:46+0200,media,human,setup,Homo sapiens,1,human,2023-09-21T13:41:11+0000
1573,PMR2-KB19PM,2495210,1259dc7d71afce1f48d595dad3399b55,2023-08-12T12:00:00+0200,2023-08-12T12:00:00+0200,media,unclassified,,,,,
1574,PMR2-KB19PM,2495211,594749d7d3a704309870863068823820,2023-08-13T12:00:00+0200,2023-08-13T12:00:00+0200,media,unclassified,,,,,
1575,PMR2-KB19PM,2495212,d255673a86fdb5f836ddd401fb74d1f4,2023-08-14T12:00:00+0200,2023-08-14T12:00:00+0200,media,unclassified,,,,,
1576,PMR2-KB19PM,2495213,843f57b569b7b25f9ca4120055e0047a,2023-08-15T12:00:00+0200,2023-08-15T12:00:00+0200,media,unclassified,,,,,
1577,PMR2-KB19PM,2495214,25752db0563ed431b76178c58600d62e,2023-08-16T06:14:26+0200,2023-08-16T06:14:26+0200,media,animal,,Capreolus capreolus,1,human,2023-09-21T14:38:08+0000
1578,PMR2-KB19PM,2495215,25752db0563ed431b76178c58600d62e,2023-08-16T06:14:40+0200,2023-08-16T06:14:40+0200,media,animal,,Capreolus capreolus,1,human,2023-09-21T14:38:08+0000
1579,PMR2-KB19PM,2495216,25752db0563ed431b76178c58600d62e,2023-08-16T06:14:50+0200,2023-08-16T06:14:50+0200,media,animal,,Capreolus capreolus,1,human,2023-09-21T14:38:08+0000
1580,PMR2-KB19PM,2495217,d6ef8ed38c8069dc9f8f4b4f480baf7e,2023-08-16T12:00:00+0200,2023-08-16T12:00:00+0200,media,unclassified,,,,,
1581,PMR2-KB19PM,2495218,783c1b253b9fae32539c5706257870a6,2023-08-17T12:00:00+0200,2023-08-17T12:00:00+0200,media,unclassified,,,,,
1582,PMR2-KB19PM,2495219,b6c76a574b0b0f7e9c51a96cac90fa49,2023-08-18T12:00:00+0200,2023-08-18T12:00:00+0200,media,unclassified,,,,,
1583,PMR2-KB19PM,2495220,372a731b6c4505203a0ce242c8c2f209,2023-08-19T07:24:04+0200,2023-08-19T07:24:04+0200,media,animal,,Turdus pilaris,1,human,2023-09-21T20:38:49+0000
1584,PMR2-KB19PM,2495221,d63ae16853e62dac2743c9ac04f5a2b4,2023-08-19T12:00:00+0200,2023-08-19T12:00:00+0200,media,unclassified,,,,,
1585,PMR2-KB19PM,2495222,742a1625f8105ddb62629f624aea4211,2023-08-20T12:00:00+0200,2023-08-20T12:00:00+0200,media,unclassified,,,,,
1586,PMR2-KB19PM,2495223,c324fdad2394b8b770a3b83bc4cc241b,2023-08-21T12:00:00+0200,2023-08-21T12:00:00+0200,media,unclassified,,,,,
1587,PMR2-KB19PM,2495224,6ebae440032b38e9413184fab9ecccda,2023-08-22T12:00:00+0200,2023-08-22T12:00:00+0200,media,unclassified,,,,,
1588,PMR2-KB19PM,2495225,5ab3c76d897680220f2c914ec05ae1c0,2023-08-23T12:00:00+0200,2023-08-23T12:00:00+0200,media,unclassified,,,,,
1589,PMR2-KB19PM,2495226,7b4db36114b9d49c281367d39d02e689,2023-08-24T12:00:00+0200,2023-08-24T12:00:00+0200,media,unclassified,,,,,
1590,PMR2-KB19PM,2495227,31b1c132f9519db27431e12a4b6a8876,2023-08-25T12:00:00+0200,2023-08-25T12:00:00+0200,media,unclassified,,,,,
1591,PMR2-KB19PM,2495228,3a6f10636c3d75da57c165a79570e428,2023-08-26T12:00:00+0200,2023-08-26T12:00:00+0200,media,unclassified,,,,,
1592,PMR2-KB19PM,2495229,bc01e6f58b73e5995230cabc081d6ead,2023-08-27T12:00:00+0200,2023-08-27T12:00:00+0200,media,unclassified,,,,,
1593,PMR2-KB19PM,2495230,d7ecb2d30234a8c706c43be05fe1aaeb,2023-08-28T12:00:00+0200,2023-08-28T12:00:00+0200,media,unclassified,,,,,
1594,PMR2-KB19PM,2495231,ec09add31f839ead26d9c27fcf1956fa,2023-08-29T12:00:00+0200,2023-08-29T12:00:00+0200,media,unclassified,,,,,
1595,PMR2-KB19PM,2495232,b7d9b72831608c19da4491f7bfcdd8d4,2023-08-30T12:00:00+0200,2023-08-30T12:00:00+0200,media,unclassified,,,,,
1596,PMR2-KB19PM,2495233,762ab1c92dfc8112aa9a3fef4be65d09,2023-08-31T12:00:00+0200,2023-08-31T12:00:00+0200,media,unclassified,,,,,
1597,PMR2-KB19PM,2495234,48d97cee30dc6a319ae4b9ebc9cfd514,2023-09-01T07:54:30+0200,2023-09-01T07:54:30+0200,media,animal,,Turdus pilaris,1,human,2023-09-21T22:47:32+0000
1598,PMR2-KB19PM,2495235,48d97cee30dc6a319ae4b9ebc9cfd514,2023-09-01T07:54:52+0200,2023-09-01T07:54:52+0200,media,animal,,Turdus pilaris,1,human,2023-09-21T22:47:32+0000
1599,PMR2-KB19PM,2495236,48d97cee30dc6a319ae4b9ebc9cfd514,2023-09-01T07:55:02+0200,2023-09-01T07:55:02+0200,media,animal,,Turdus pilaris,1,human,2023-09-21T22:47:32+0000
1600,PMR2-KB19PM,2495237,48d97cee30dc6a319ae4b9ebc9cfd514,2023-09-01T07:56:28+0200,2023-09-01T07:56:28+0200,media,blank,,,,human,2023-09-21T22:47:49+0000
1601,PMR2-KB19PM,2495238,48d97cee30dc6a319ae4b9ebc9cfd514,2023-09-01T07:58:46+0200,2023-09-01T07:58:46+0200,media,animal,,Turdus pilaris,1,human,2023-09-21T22:47:32+0000
1602,PMR2-KB19PM,2495239,7d06a01c2f7a87f3c23a272842c36a1e,2023-09-01T12:00:00+0200,2023-09-01T12:00:00+0200,media,unclassified,,,,,
1603,PMR2-KB19PM,2495240,9d9bd9f18087bc3398906496795a7181,2023-09-02T12:00:00+0200,2023-09-02T12:00:00+0200,media,unclassified,,,,,
1604,PMR2-KB19PM,2495241,ef236eda555cde6f2da1cb950edd1e04,2023-09-03T12:00:00+0200,2023-09-03T12:00:00+0200,media,unclassified,,,,,
1605,PMR2-KB19PM,2495242,859763bf3d62fddc66b1c0905d7edf01,2023-09-04T12:00:00+0200,2023-09-04T12:00:00+0200,media,unclassified,,,,,
1606,PMR2-KB19PM,2495243,32d92fdc7f91af067c6b0b60fb9aa3dd,2023-09-04T15:37:16+0200,2023-09-04T15:37:16+0200,media,human,setup,Homo sapiens,1,human,2023-09-21T23:09:40+0000
1607,PMR2-KB19PM,2495244,32d92fdc7f91af067c6b0b60fb9aa3dd,2023-09-04T15:37:24+0200,2023-09-04T15:37:24+0200,media,human,setup,Homo sapiens,1,human,2023-09-21T23:09:40+0000
1608,PMR2-KB19PM,2495245,32d92fdc7f91af067c6b0b60fb9aa3dd,2023-09-04T15:37:46+0200,2023-09-04T15:37:46+0200,media,human,setup,Homo sapiens,1,human,2023-09-21T23:09:40+0000
1609,PMR2-KB20PM,2495246,b146fa0ac012d6f7ff4e8cad3dd6fa5c,2023-08-09T16:04:40+0200,2023-08-09T16:04:40+0200,media,human,setup,Homo sapiens,1,human,2023-09-21T13:21:54+0000
1610,PMR2-KB20PM,2495247,b4ec8b6e3c8111634cda882262affe44,2023-08-10T12:00:00+0200,2023-08-10T12:00:00+0200,media,unclassified,,,,,
1611,PMR2-KB20PM,2495248,86ef13c6043c9ac5f8d097f2bce1d0ca,2023-08-11T12:00:00+0200,2023-08-11T12:00:00+0200,media,unclassified,,,,,
1612,PMR2-KB20PM,2495249,7a8613a5c5bcb66026ebde8c2fcc6331,2023-08-12T06:08:56+0200,2023-08-12T06:08:56+0200,media,animal,,Martes martes,1,human,2023-09-21T13:42:55+0000
1613,PMR2-KB20PM,2495250,7a8613a5c5bcb66026ebde8c2fcc6331,2023-08-12T06:09:08+0200,2023-08-12T06:09:08+0200,media,animal,,Martes martes,1,human,2023-09-21T13:43:15+0000
1614,PMR2-KB20PM,2495251,6fdae386db205292938b7af4e88292c7,2023-08-12T12:00:00+0200,2023-08-12T12:00:00+0200,media,unclassified,,,,,
1615,PMR2-KB20PM,2495252,0ecc8fef54729288d0a34d5c9150c3e1,2023-08-13T12:00:00+0200,2023-08-13T12:00:00+0200,media,unclassified,,,,,
1616,PMR2-KB20PM,2495253,8de06a9a7f8b6af22ccc4015d5992611,2023-08-14T08:55:46+0200,2023-08-14T08:55:46+0200,media,animal,,Sciurus vulgaris,1,human,2023-09-21T13:55:12+0000
1617,PMR2-KB20PM,2495254,787efc7bc746bf6170c03d0c13eb0d7e,2023-08-14T12:00:00+0200,2023-08-14T12:00:00+0200,media,unclassified,,,,,
1618,PMR2-KB20PM,2495255,524e75a862e5708e25c5db16d876d02f,2023-08-15T12:00:00+0200,2023-08-15T12:00:00+0200,media,unclassified,,,,,
1619,PMR2-KB20PM,2495256,3092759447a15028ab2e4b238744177d,2023-08-16T12:00:00+0200,2023-08-16T12:00:00+0200,media,unclassified,,,,,
1620,PMR2-KB20PM,2495257,91bdb77cbe5b1b212bdaf43061f6489e,2023-08-17T12:00:00+0200,2023-08-17T12:00:00+0200,media,unclassified,,,,,
1621,PMR2-KB20PM,2495258,0aa08d1854d30864a376350b991d0350,2023-08-18T06:30:38+0200,2023-08-18T06:30:38+0200,media,animal,,Perisoreus infaustus,1,human,2023-09-21T20:32:08+0000
1622,PMR2-KB20PM,2495259,c207332154ccf2ac3056cb6713ad3d8a,2023-08-18T12:00:00+0200,2023-08-18T12:00:00+0200,media,unclassified,,,,,
1623,PMR2-KB20PM,2495260,14ed121085c9a084b074441ba274d209,2023-08-19T12:00:00+0200,2023-08-19T12:00:00+0200,media,unclassified,,,,,
1624,PMR2-KB20PM,2495261,202f15df64e989e0795e7b6c9f2e782e,2023-08-20T12:00:00+0200,2023-08-20T12:00:00+0200,media,unclassified,,,,,
1625,PMR2-KB20PM,2495262,250724c776e8902a5916fd091434d4dd,2023-08-21T12:00:00+0200,2023-08-21T12:00:00+0200,media,unclassified,,,,,
1626,PMR2-KB20PM,2495263,146aecc7643b73e035a278ab6e0a75ca,2023-08-22T12:00:00+0200,2023-08-22T12:00:00+0200,media,unclassified,,,,,
1627,PMR2-KB20PM,2495264,13183fb1a2404602e3faf2db7ad751ce,2023-08-23T12:00:00+0200,2023-08-23T12:00:00+0200,media,unclassified,,,,,
1628,PMR2-KB20PM,2495265,c050c4699d9a0b3eb7b7c4d5e514025e,2023-08-23T19:14:40+0200,2023-08-23T19:14:40+0200,media,animal,,Turdus philomelos,3,human,2023-09-21T21:39:36+0000
1629,PMR2-KB20PM,2495266,8d64ea63f22b36fcb233b9c9f1fcc52b,2023-08-24T12:00:00+0200,2023-08-24T12:00:00+0200,media,unclassified,,,,,
1630,PMR2-KB20PM,2495267,155aa067daab7ef8075139bb0bd87b57,2023-08-25T12:00:00+0200,2023-08-25T12:00:00+0200,media,unclassified,,,,,
1631,PMR2-KB20PM,2495268,579d75959165e99a860eff74b25e734a,2023-08-25T15:13:38+0200,2023-08-25T15:13:38+0200,media,animal,,Sciurus vulgaris,1,human,2023-09-21T22:11:07+0000
1632,PMR2-KB20PM,2495269,cf8c086a97548cd5acae64ffa464a0a4,2023-08-26T12:00:00+0200,2023-08-26T12:00:00+0200,media,unclassified,,,,,
1633,PMR2-KB20PM,2495270,c648b38c28234c1f83e1b905ced61fe1,2023-08-27T12:00:00+0200,2023-08-27T12:00:00+0200,media,unclassified,,,,,
1634,PMR2-KB20PM,2495271,625ed0475e5fdd0baedac80acb696af4,2023-08-27T12:23:14+0200,2023-08-27T12:23:14+0200,media,animal,,Tetrao urogallus,1,human,2023-09-21T22:19:06+0000
1635,PMR2-KB20PM,2495272,36683ee650fdb4e566646b5842dbf4e2,2023-08-28T12:00:00+0200,2023-08-28T12:00:00+0200,media,unclassified,,,,,
1636,PMR2-KB20PM,2495273,987d939e72ef745979664d12e6c073eb,2023-08-29T12:00:00+0200,2023-08-29T12:00:00+0200,media,unclassified,,,,,
1637,PMR2-KB20PM,2495274,b3d719bf299002447cc1776ed706388a,2023-08-30T12:00:00+0200,2023-08-30T12:00:00+0200,media,unclassified,,,,,
1638,PMR2-KB20PM,2495275,4985178bb7650b29315d167f2c5ec58f,2023-08-31T12:00:00+0200,2023-08-31T12:00:00+0200,media,unclassified,,,,,
1639,PMR2-KB20PM,2495276,19f87e736e1c329ff159992a19e2080d,2023-09-01T12:00:00+0200,2023-09-01T12:00:00+0200,media,unclassified,,,,,
1640,PMR2-KB20PM,2495277,6ae577a81de859462f8ec59ed3d2eda0,2023-09-02T12:00:00+0200,2023-09-02T12:00:00+0200,media,unclassified,,,,,
1641,PMR2-KB20PM,2495278,402d7fb1824f3051c3153831f0d60127,2023-09-03T12:00:00+0200,2023-09-03T12:00:00+0200,media,unclassified,,,,,
1642,PMR2-KB20PM,2495279,85c798a8d3324ef41e47f8faff2cbe9f,2023-09-04T12:00:00+0200,2023-09-04T12:00:00+0200,media,unclassified,,,,,
1643,PMR2-KB20PM,2495280,2b10ed2678b7d305380821c76f7ad38d,2023-09-04T16:08:46+0200,2023-09-04T16:08:46+0200,media,human,setup,Homo sapiens,1,human,2023-09-21T23:10:39+0000
1644,PMR2-KB21PM,2495281,a0a99484bbc4cd4b268ecd0a35712005,2023-08-10T10:28:02+0200,2023-08-10T10:28:02+0200,media,blank,setup,,,human,2023-09-21T13:24:05+0000
1645,PMR2-KB21PM,2495282,a0a99484bbc4cd4b268ecd0a35712005,2023-08-10T10:29:50+0200,2023-08-10T10:29:50+0200,media,human,setup,Homo sapiens,1,human,2023-09-21T13:24:13+0000
1646,PMR2-KB21PM,2495283,56866925706be380b2d12f2dc4f8b8a3,2023-08-10T12:00:00+0200,2023-08-10T12:00:00+0200,media,unclassified,,,,,
1647,PMR2-KB21PM,2495284,53f92406f4b2c9331f9ebede6a632b7c,2023-08-11T09:38:50+0200,2023-08-11T09:38:50+0200,media,animal,,Capreolus capreolus,1,human,2023-09-21T13:32:32+0000
1648,PMR2-KB21PM,2495285,b417a40081e73ace7c52adbb099f3d3d,2023-08-11T10:48:20+0200,2023-08-11T10:48:20+0200,media,animal,,Capreolus capreolus,1,human,2023-09-21T13:35:42+0000
1649,PMR2-KB21PM,2495286,b417a40081e73ace7c52adbb099f3d3d,2023-08-11T10:53:08+0200,2023-08-11T10:53:08+0200,media,animal,,Capreolus capreolus,1,human,2023-09-21T13:35:42+0000
1650,PMR2-KB21PM,2495287,65d7ca1b72edb829f849c0dc7d15ff47,2023-08-11T11:53:08+0200,2023-08-11T11:53:08+0200,media,animal,,Capreolus capreolus,1,human,2023-09-21T13:37:21+0000
1651,PMR2-KB21PM,2495288,76b172af2bc53d23c3158aac0510c70b,2023-08-11T12:00:00+0200,2023-08-11T12:00:00+0200,media,unclassified,,,,,
1652,PMR2-KB21PM,2495289,c806042b269896361fe5816125c108cf,2023-08-11T12:16:06+0200,2023-08-11T12:16:06+0200,media,animal,,Capreolus capreolus,1,human,2023-09-21T13:38:39+0000
1653,PMR2-KB21PM,2495290,22be030157c2304c1be17152aae91a20,2023-08-12T00:25:18+0200,2023-08-12T00:25:18+0200,media,animal,,Vulpes vulpes,1,human,2023-09-21T13:42:05+0000
1654,PMR2-KB21PM,2495291,da102a356ed09ee67486fa7e809c568f,2023-08-12T12:00:00+0200,2023-08-12T12:00:00+0200,media,unclassified,,,,,
1655,PMR2-KB21PM,2495292,f385885fb3d87f780a8ba9d3f3cff77c,2023-08-13T06:42:28+0200,2023-08-13T06:42:28+0200,media,animal,,Capreolus capreolus,1,human,2023-09-21T13:50:34+0000
1656,PMR2-KB21PM,2495293,f385885fb3d87f780a8ba9d3f3cff77c,2023-08-13T06:42:40+0200,2023-08-13T06:42:40+0200,media,animal,,Capreolus capreolus,1,human,2023-09-21T13:50:34+0000
1657,PMR2-KB21PM,2495294,c7ac57ef4e2b9203a329dce883a2570f,2023-08-13T12:00:00+0200,2023-08-13T12:00:00+0200,media,unclassified,,,,,
1658,PMR2-KB21PM,2495295,aa4d908640246e9af46d75ff1ed4a4da,2023-08-14T12:00:00+0200,2023-08-14T12:00:00+0200,media,unclassified,,,,,
1659,PMR2-KB21PM,2495296,68e2573c0c864181e5ba802e2751836c,2023-08-14T16:10:00+0200,2023-08-14T16:10:00+0200,media,animal,,Grus grus,2,human,2023-09-21T13:58:00+0000
1660,PMR2-KB21PM,2495297,68e2573c0c864181e5ba802e2751836c,2023-08-14T16:10:18+0200,2023-08-14T16:10:18+0200,media,animal,,Grus grus,2,human,2023-09-21T13:58:00+0000
1661,PMR2-KB21PM,2495298,68e2573c0c864181e5ba802e2751836c,2023-08-14T16:10:28+0200,2023-08-14T16:10:28+0200,media,animal,,Grus grus,2,human,2023-09-21T13:58:00+0000
1662,PMR2-KB21PM,2495299,124e3d5990e142fcf5f02a4550ca73eb,2023-08-15T05:37:28+0200,2023-08-15T05:37:28+0200,media,animal,,Capreolus capreolus,1,human,2023-09-21T13:58:33+0000
1663,PMR2-KB21PM,2495300,feeb9ec0cdb475196cd395d64ce43519,2023-08-15T12:00:00+0200,2023-08-15T12:00:00+0200,media,unclassified,,,,,
1664,PMR2-KB21PM,2495301,a2a4dae7209196a84dfca9652c644501,2023-08-16T12:00:00+0200,2023-08-16T12:00:00+0200,media,unclassified,,,,,
1665,PMR2-KB21PM,2495302,3d5284e0f4ddc9ac072845c85470b41d,2023-08-17T12:00:00+0200,2023-08-17T12:00:00+0200,media,unclassified,,,,,
1666,PMR2-KB21PM,2495303,746be02e9bb4bb5ec9181e98beccd00a,2023-08-18T12:00:00+0200,2023-08-18T12:00:00+0200,media,unclassified,,,,,
1667,PMR2-KB21PM,2495304,d84ae7e0413f23713f5b71304c0ec40f,2023-08-19T12:00:00+0200,2023-08-19T12:00:00+0200,media,unclassified,,,,,
1668,PMR2-KB21PM,2495305,b5cc5f0c545dddadaefcfada1399e4b8,2023-08-20T06:24:24+0200,2023-08-20T06:24:24+0200,media,animal,,Other,1,human,2023-09-21T20:47:20+0000
1669,PMR2-KB21PM,2495306,b5cc5f0c545dddadaefcfada1399e4b8,2023-08-20T06:24:34+0200,2023-08-20T06:24:34+0200,media,animal,,Other,1,human,2023-09-21T20:47:20+0000
1670,PMR2-KB21PM,2495307,b5cc5f0c545dddadaefcfada1399e4b8,2023-08-20T06:25:16+0200,2023-08-20T06:25:16+0200,media,animal,,Other,1,human,2023-09-21T20:47:20+0000
1671,PMR2-KB21PM,2495308,1ed746f63899577aa38fb450265b86ef,2023-08-20T12:00:00+0200,2023-08-20T12:00:00+0200,media,unclassified,,,,,
1672,PMR2-KB21PM,2495309,8e45226fb50b2cf5236a5f441701f0a8,2023-08-21T12:00:00+0200,2023-08-21T12:00:00+0200,media,unclassified,,,,,
1673,PMR2-KB21PM,2495310,3c28a69db363d9d195f7110645641d65,2023-08-21T13:17:28+0200,2023-08-21T13:17:28+0200,media,blank,,,,human,2023-09-21T20:59:50+0000
1674,PMR2-KB21PM,2495311,f4506e564b95de3776b03c7e757a538e,2023-08-21T17:17:38+0200,2023-08-21T17:17:38+0200,media,animal,,Capreolus capreolus,1,human,2023-09-21T21:02:24+0000
1675,PMR2-KB21PM,2495312,7605a89c6345f77d0f70d4e9c9c43f9e,2023-08-21T19:15:26+0200,2023-08-21T19:15:26+0200,media,animal,,Capreolus capreolus,1,human,2023-09-21T21:03:19+0000
1676,PMR2-KB21PM,2495313,a808320a5736f510def4a21a0244468a,2023-08-22T12:00:00+0200,2023-08-22T12:00:00+0200,media,unclassified,,,,,
1677,PMR2-KB21PM,2495314,c38b64c4e764089d51a09215b14ae74f,2023-08-23T12:00:00+0200,2023-08-23T12:00:00+0200,media,unclassified,,,,,
1678,PMR2-KB21PM,2495315,a23b3a3afc8381e2da3922328164ddcd,2023-08-24T12:00:00+0200,2023-08-24T12:00:00+0200,media,unclassified,,,,,
1679,PMR2-KB21PM,2495316,f0068707871d277e6b7cee72fbac9afb,2023-08-25T05:43:36+0200,2023-08-25T05:43:36+0200,media,animal,,Capreolus capreolus,1,human,2023-09-21T21:47:00+0000
1680,PMR2-KB21PM,2495317,b929541b531955d57d2a18e78384adc3,2023-08-25T12:00:00+0200,2023-08-25T12:00:00+0200,media,unclassified,,,,,
1681,PMR2-KB21PM,2495318,4b437156e4301f57fd176e4f2d1a8037,2023-08-26T12:00:00+0200,2023-08-26T12:00:00+0200,media,unclassified,,,,,
1682,PMR2-KB21PM,2495319,8f5df2d2cd42d16726508844e11974c8,2023-08-27T12:00:00+0200,2023-08-27T12:00:00+0200,media,unclassified,,,,,
1683,PMR2-KB21PM,2495320,8c9476264f145d1f9d75e70b07a8862b,2023-08-28T12:00:00+0200,2023-08-28T12:00:00+0200,media,unclassified,,,,,
1684,PMR2-KB21PM,2495321,1ae614154dbf4eb897555ac3c12a3362,2023-08-29T12:00:00+0200,2023-08-29T12:00:00+0200,media,unclassified,,,,,
1685,PMR2-KB21PM,2495322,57219d07dea980b4a4f1dc52a8859f83,2023-08-30T12:00:00+0200,2023-08-30T12:00:00+0200,media,unclassified,,,,,
1686,PMR2-KB21PM,2495323,4276a44661fbb79c0f54dbd2f30dfcb5,2023-08-31T12:00:00+0200,2023-08-31T12:00:00+0200,media,unclassified,,,,,
1687,PMR2-KB21PM,2495324,56c6aac4cd99615e0498da48979b01d5,2023-09-01T12:00:00+0200,2023-09-01T12:00:00+0200,media,unclassified,,,,,
1688,PMR2-KB21PM,2495325,31d4d46472252f8c38a201b4d045808a,2023-09-02T12:00:00+0200,2023-09-02T12:00:00+0200,media,unclassified,,,,,
1689,PMR2-KB21PM,2495326,b0d7f1c7551670aa4af59b2da1b142f0,2023-09-03T12:00:00+0200,2023-09-03T12:00:00+0200,media,unclassified,,,,,
1690,PMR2-KB21PM,2495327,305b69616bfeb2cb57345c5a902d714e,2023-09-04T12:00:00+0200,2023-09-04T12:00:00+0200,media,unclassified,,,,,
1691,PMR2-KB21PM,2495328,e491e5e0a997cf73be0b2154f53cf402,2023-09-05T10:23:12+0200,2023-09-05T10:23:12+0200,media,human,setup,Homo sapiens,1,human,2023-09-21T23:12:50+0000
1692,PMR2-KB21PM,2495329,e491e5e0a997cf73be0b2154f53cf402,2023-09-05T10:23:44+0200,2023-09-05T10:23:44+0200,media,human,setup,Homo sapiens,1,human,2023-09-21T23:12:50+0000
1693,PMR2-KB21PM,2495330,e491e5e0a997cf73be0b2154f53cf402,2023-09-05T10:23:52+0200,2023-09-05T10:23:52+0200,media,human,setup,Homo sapiens,1,human,2023-09-21T23:12:50+0000
1694,PMR2-KB21PM,2495331,e491e5e0a997cf73be0b2154f53cf402,2023-09-05T10:24:08+0200,2023-09-05T10:24:08+0200,media,human,setup,Homo sapiens,1,human,2023-09-21T23:12:50+0000
1695,PMR2-KB22PM,2495332,e5bbd5ef31bd820a0d613a5d74788f82,2023-08-10T14:30:04+0200,2023-08-10T14:30:04+0200,media,blank,setup,,,human,2023-09-21T13:25:17+0000
1696,PMR2-KB22PM,2495333,e5bbd5ef31bd820a0d613a5d74788f82,2023-08-10T14:32:52+0200,2023-08-10T14:32:52+0200,media,human,setup,Homo sapiens,1,human,2023-09-21T13:25:28+0000
1697,PMR2-KB22PM,2495334,0b7af74a063778b577bfe775ef3c3728,2023-08-11T12:00:00+0200,2023-08-11T12:00:00+0200,media,unclassified,,,,,
1698,PMR2-KB22PM,2495335,ac5710559f1f063fc7a3cd5d833c0e9e,2023-08-12T12:00:00+0200,2023-08-12T12:00:00+0200,media,unclassified,,,,,
1699,PMR2-KB22PM,2495336,26dba4282e08e22d26fce054de053550,2023-08-13T12:00:00+0200,2023-08-13T12:00:00+0200,media,unclassified,,,,,
1700,PMR2-KB22PM,2495337,8b95ef84c29430f01c361ddbcea30a7e,2023-08-14T12:00:00+0200,2023-08-14T12:00:00+0200,media,unclassified,,,,,
1701,PMR2-KB22PM,2495338,a6f33e5abd948c502f2fddc785ab9197,2023-08-15T12:00:00+0200,2023-08-15T12:00:00+0200,media,unclassified,,,,,
1702,PMR2-KB22PM,2495339,49af757b30aa83ef51ac79058826b1b8,2023-08-15T16:19:52+0200,2023-08-15T16:19:52+0200,media,blank,,,,human,2023-09-21T14:37:16+0000
1703,PMR2-KB22PM,2495340,e8ff5e5da09b10f5ea6978f49862d468,2023-08-16T12:00:00+0200,2023-08-16T12:00:00+0200,media,unclassified,,,,,
1704,PMR2-KB22PM,2495341,88438055294924ee27e28da72832371e,2023-08-17T12:00:00+0200,2023-08-17T12:00:00+0200,media,unclassified,,,,,
1705,PMR2-KB22PM,2495342,6dab3951b02c80b6dab7b1a6619eb62a,2023-08-18T12:00:00+0200,2023-08-18T12:00:00+0200,media,unclassified,,,,,
1706,PMR2-KB22PM,2495343,886f41dd8cd3739298803d1f6e305cdf,2023-08-19T12:00:00+0200,2023-08-19T12:00:00+0200,media,unclassified,,,,,
1707,PMR2-KB22PM,2495344,9a87bd6c9f93028f4e134a22a6d9c4ee,2023-08-20T12:00:00+0200,2023-08-20T12:00:00+0200,media,unclassified,,,,,
1708,PMR2-KB22PM,2495345,b21c119240601e1d296a0407d75ac185,2023-08-21T12:00:00+0200,2023-08-21T12:00:00+0200,media,unclassified,,,,,
1709,PMR2-KB22PM,2495346,c362bdf2135a17d6e3dc48257538483e,2023-08-22T12:00:00+0200,2023-08-22T12:00:00+0200,media,unclassified,,,,,
1710,PMR2-KB22PM,2495347,9979efff8f854740b82a6190f436725e,2023-08-23T12:00:00+0200,2023-08-23T12:00:00+0200,media,unclassified,,,,,
1711,PMR2-KB22PM,2495348,60a18534225eacb215e58796bcc83921,2023-08-24T12:00:00+0200,2023-08-24T12:00:00+0200,media,unclassified,,,,,
1712,PMR2-KB22PM,2495349,e4194a8fccc5faf8a5b71d517aad413a,2023-08-25T12:00:00+0200,2023-08-25T12:00:00+0200,media,unclassified,,,,,
1713,PMR2-KB22PM,2495350,4097af9a96ebf72d1bbfffb4e1a98d8e,2023-08-26T12:00:00+0200,2023-08-26T12:00:00+0200,media,unclassified,,,,,
1714,PMR2-KB22PM,2495351,d22d92b8cb28f3e4fcc153dd21ce7291,2023-08-27T12:00:00+0200,2023-08-27T12:00:00+0200,media,unclassified,,,,,
1715,PMR2-KB22PM,2495352,639709185619e3a4360a436c9f83cd35,2023-08-28T12:00:00+0200,2023-08-28T12:00:00+0200,media,unclassified,,,,,
1716,PMR2-KB22PM,2495353,6f3623be1c5cf11f9b2a3e285d4fce9d,2023-08-29T12:00:00+0200,2023-08-29T12:00:00+0200,media,unclassified,,,,,
1717,PMR2-KB22PM,2495354,404c6cac9a3750ab03899265149ba110,2023-08-30T12:00:00+0200,2023-08-30T12:00:00+0200,media,unclassified,,,,,
1718,PMR2-KB22PM,2495355,b5e23839c426e094f86243eccb772614,2023-08-31T12:00:00+0200,2023-08-31T12:00:00+0200,media,unclassified,,,,,
1719,PMR2-KB22PM,2495356,ede95de6dd3b02928ec250f93685e18f,2023-09-01T12:00:00+0200,2023-09-01T12:00:00+0200,media,unclassified,,,,,
1720,PMR2-KB22PM,2495357,6905da0728304d05525da0a1575fb912,2023-09-02T12:00:00+0200,2023-09-02T12:00:00+0200,media,unclassified,,,,,
1721,PMR2-KB22PM,2495358,05af46cfbe46835cdbe7242c7d1e1f11,2023-09-03T12:00:00+0200,2023-09-03T12:00:00+0200,media,unclassified,,,,,
1722,PMR2-KB22PM,2495359,2c1e1927b6e7fa65488218125bb3ecdf,2023-09-04T12:00:00+0200,2023-09-04T12:00:00+0200,media,unclassified,,,,,
1723,PMR2-KB22PM,2495360,47c683c57296e79970d518ac8de628fb,2023-09-05T12:00:00+0200,2023-09-05T12:00:00+0200,media,unclassified,,,,,
1724,PMR2-KB22PM,2495361,c9b9f80e253febf77ad20bd158e7316a,2023-09-05T12:53:28+0200,2023-09-05T12:53:28+0200,media,human,setup,Homo sapiens,1,human,2023-09-21T23:15:30+0000
1725,PMR2-KB22PM,2495362,c9b9f80e253febf77ad20bd158e7316a,2023-09-05T12:53:46+0200,2023-09-05T12:53:46+0200,media,human,setup,Homo sapiens,1,human,2023-09-21T23:15:30+0000
1726,PMR2-KB23PM,2495363,e9a9db0f1c19e7c3c5032d4420077a20,2023-08-10T15:39:20+0200,2023-08-10T15:39:20+0200,media,blank,setup,,,human,2023-09-21T13:26:12+0000
1727,PMR2-KB23PM,2495364,e9a9db0f1c19e7c3c5032d4420077a20,2023-08-10T15:40:42+0200,2023-08-10T15:40:42+0200,media,human,setup,Homo sapiens,1,human,2023-09-21T13:26:28+0000
1728,PMR2-KB23PM,2495365,e9a9db0f1c19e7c3c5032d4420077a20,2023-08-10T15:40:54+0200,2023-08-10T15:40:54+0200,media,blank,setup,,,human,2023-09-21T13:26:39+0000
1729,PMR2-KB23PM,2495366,03c5b026d8e6a9b6f4e01dd9f2be578b,2023-08-11T12:00:00+0200,2023-08-11T12:00:00+0200,media,unclassified,,,,,
1730,PMR2-KB23PM,2495367,7bc117f795247624c219bc63dbc714d4,2023-08-12T12:00:00+0200,2023-08-12T12:00:00+0200,media,unclassified,,,,,
1731,PMR2-KB23PM,2495368,dba822c163d2cf8c3d371a24f1cb4c93,2023-08-13T12:00:00+0200,2023-08-13T12:00:00+0200,media,unclassified,,,,,
1732,PMR2-KB23PM,2495369,2089346e452e2f7ecb2918da51a6b56a,2023-08-14T12:00:00+0200,2023-08-14T12:00:00+0200,media,unclassified,,,,,
1733,PMR2-KB23PM,2495370,bdfe94337983567d5debe03392f00149,2023-08-15T12:00:00+0200,2023-08-15T12:00:00+0200,media,unclassified,,,,,
1734,PMR2-KB23PM,2495371,7aaa4417afd70904deb55daa2b3e59b9,2023-08-16T12:00:00+0200,2023-08-16T12:00:00+0200,media,unclassified,,,,,
1735,PMR2-KB23PM,2495372,836b934379eedc6796d796abe9ebd090,2023-08-17T12:00:00+0200,2023-08-17T12:00:00+0200,media,unclassified,,,,,
1736,PMR2-KB23PM,2495373,b6065496e9f84358d4da7587f4b0acd2,2023-08-18T12:00:00+0200,2023-08-18T12:00:00+0200,media,unclassified,,,,,
1737,PMR2-KB23PM,2495374,6fe7847670c9d8fcc78fe60180513ca7,2023-08-19T12:00:00+0200,2023-08-19T12:00:00+0200,media,unclassified,,,,,
1738,PMR2-KB23PM,2495375,d878de5af3d5805d406036e5002eea5b,2023-08-20T12:00:00+0200,2023-08-20T12:00:00+0200,media,unclassified,,,,,
1739,PMR2-KB23PM,2495376,1f9f00f91822857f95ab47e8b6f8259d,2023-08-21T12:00:00+0200,2023-08-21T12:00:00+0200,media,unclassified,,,,,
1740,PMR2-KB23PM,2495377,caf766634b65fe2dc595acdeda3007af,2023-08-22T12:00:00+0200,2023-08-22T12:00:00+0200,media,unclassified,,,,,
1741,PMR2-KB23PM,2495378,03837947065ba2b5d594495a5a0a6fdb,2023-08-23T12:00:00+0200,2023-08-23T12:00:00+0200,media,unclassified,,,,,
1742,PMR2-KB23PM,2495379,2fb121935b9b12b5e2877452c6463583,2023-08-24T12:00:00+0200,2023-08-24T12:00:00+0200,media,unclassified,,,,,
1743,PMR2-KB23PM,2495380,3b3dc1681f596713c93f7b1a69593071,2023-08-25T12:00:00+0200,2023-08-25T12:00:00+0200,media,unclassified,,,,,
1744,PMR2-KB23PM,2495381,88abac146f2806b43d847bbfbf39fed8,2023-08-26T12:00:00+0200,2023-08-26T12:00:00+0200,media,unclassified,,,,,
1745,PMR2-KB23PM,2495382,d865ce602fd60638325e801dfd1b1962,2023-08-27T03:54:46+0200,2023-08-27T03:54:46+0200,media,blank,,,,human,2023-09-21T22:16:06+0000
1746,PMR2-KB23PM,2495383,3269d9e6d7beadcded1db89f4fd828f7,2023-08-27T12:00:00+0200,2023-08-27T12:00:00+0200,media,unclassified,,,,,
1747,PMR2-KB23PM,2495384,ceedf2cb4276d9c8f0e5497af13a0d3e,2023-08-27T19:01:08+0200,2023-08-27T19:01:08+0200,media,animal,,Capreolus capreolus,1,human,2023-09-21T22:19:43+0000
1748,PMR2-KB23PM,2495384,ceedf2cb4276d9c8f0e5497af13a0d3e,2023-08-27T19:01:08+0200,2023-08-27T19:01:08+0200,media,animal,,Capreolus capreolus,1,human,2023-09-21T22:19:43+0000
1749,PMR2-KB23PM,2495385,26e4b893c021d6f4724338346a7433e2,2023-08-27T19:10:18+0200,2023-08-27T19:10:18+0200,media,animal,,Capreolus capreolus,1,human,2023-09-21T22:22:20+0000
1750,PMR2-KB23PM,2495386,26e4b893c021d6f4724338346a7433e2,2023-08-27T19:10:26+0200,2023-08-27T19:10:26+0200,media,blank,,,,human,2023-09-21T22:22:00+0000
1751,PMR2-KB23PM,2495387,26e4b893c021d6f4724338346a7433e2,2023-08-27T19:10:34+0200,2023-08-27T19:10:34+0200,media,animal,,Capreolus capreolus,1,human,2023-09-21T22:21:20+0000
1752,PMR2-KB23PM,2495387,26e4b893c021d6f4724338346a7433e2,2023-08-27T19:10:34+0200,2023-08-27T19:10:34+0200,media,animal,,Capreolus capreolus,1,human,2023-09-21T22:21:20+0000
1753,PMR2-KB23PM,2495388,26e4b893c021d6f4724338346a7433e2,2023-08-27T19:10:52+0200,2023-08-27T19:10:52+0200,media,animal,,Capreolus capreolus,1,human,2023-09-21T22:23:20+0000
1754,PMR2-KB23PM,2495389,08d25dd3d8bc71b6707911799fe61c60,2023-08-27T19:29:36+0200,2023-08-27T19:29:36+0200,media,animal,,Capreolus capreolus,1,human,2023-09-21T22:24:27+0000
1755,PMR2-KB23PM,2495390,64347689afaf9e7b5e7cbcf12f20a768,2023-08-28T12:00:00+0200,2023-08-28T12:00:00+0200,media,unclassified,,,,,
1756,PMR2-KB23PM,2495391,9b02c607fd0c49b28f5d3780a253d97f,2023-08-29T12:00:00+0200,2023-08-29T12:00:00+0200,media,unclassified,,,,,
1757,PMR2-KB23PM,2495392,98c3b9fff46621443379a48aea90eeda,2023-08-30T03:50:08+0200,2023-08-30T03:50:08+0200,media,blank,,,,human,2023-09-21T22:35:45+0000
1758,PMR2-KB23PM,2495393,3bbb814255ba1ffd8a4dc2b5217866a2,2023-08-30T12:00:00+0200,2023-08-30T12:00:00+0200,media,unclassified,,,,,
1759,PMR2-KB23PM,2495394,0654f567c0e735c4386e6c763b286123,2023-08-31T12:00:00+0200,2023-08-31T12:00:00+0200,media,unclassified,,,,,
1760,PMR2-KB23PM,2495395,59e190239c4a2bc17f0ddc1cfcb93d70,2023-09-01T12:00:00+0200,2023-09-01T12:00:00+0200,media,unclassified,,,,,
1761,PMR2-KB23PM,2495396,c14ddb711e6e4d3d5dba84166b2ef86d,2023-09-01T20:11:32+0200,2023-09-01T20:11:32+0200,media,animal,,Capreolus capreolus,1,human,2023-09-21T22:51:29+0000
1762,PMR2-KB23PM,2495397,c14ddb711e6e4d3d5dba84166b2ef86d,2023-09-01T20:11:44+0200,2023-09-01T20:11:44+0200,media,animal,,Capreolus capreolus,1,human,2023-09-21T22:51:29+0000
1763,PMR2-KB23PM,2495398,c14ddb711e6e4d3d5dba84166b2ef86d,2023-09-01T20:11:50+0200,2023-09-01T20:11:50+0200,media,animal,,Capreolus capreolus,1,human,2023-09-21T22:51:29+0000
1764,PMR2-KB23PM,2495399,c14ddb711e6e4d3d5dba84166b2ef86d,2023-09-01T20:12:04+0200,2023-09-01T20:12:04+0200,media,animal,,Capreolus capreolus,1,human,2023-09-21T22:51:29+0000
1765,PMR2-KB23PM,2495400,c14ddb711e6e4d3d5dba84166b2ef86d,2023-09-01T20:12:12+0200,2023-09-01T20:12:12+0200,media,animal,,Capreolus capreolus,1,human,2023-09-21T22:51:29+0000
1766,PMR2-KB23PM,2495401,c14ddb711e6e4d3d5dba84166b2ef86d,2023-09-01T20:12:18+0200,2023-09-01T20:12:18+0200,media,animal,,Capreolus capreolus,1,human,2023-09-21T22:51:29+0000
1767,PMR2-KB23PM,2495402,c14ddb711e6e4d3d5dba84166b2ef86d,2023-09-01T20:17:18+0200,2023-09-01T20:17:18+0200,media,animal,,Capreolus capreolus,1,human,2023-09-21T22:51:29+0000
1768,PMR2-KB23PM,2495403,c14ddb711e6e4d3d5dba84166b2ef86d,2023-09-01T20:17:24+0200,2023-09-01T20:17:24+0200,media,animal,,Capreolus capreolus,1,human,2023-09-21T22:51:29+0000
1769,PMR2-KB23PM,2495404,7275d1a10ed1d4e397eb624960b45b5e,2023-09-02T05:51:44+0200,2023-09-02T05:51:44+0200,media,animal,,Capreolus capreolus,1,human,2023-09-21T22:57:05+0000
1770,PMR2-KB23PM,2495405,a2cb071d4d556a85bc1dda4d475747be,2023-09-02T12:00:00+0200,2023-09-02T12:00:00+0200,media,unclassified,,,,,
1771,PMR2-KB23PM,2495406,1e536bf0094aed586b86c9653f16e258,2023-09-03T05:38:18+0200,2023-09-03T05:38:18+0200,media,animal,,Capreolus capreolus,1,human,2023-09-21T22:58:51+0000
1772,PMR2-KB23PM,2495407,4780e6b2f09dd9226a2f1fa3078050bf,2023-09-03T12:00:00+0200,2023-09-03T12:00:00+0200,media,unclassified,,,,,
1773,PMR2-KB23PM,2495408,015e4655689bf2dd29d4ce074d6c9c4e,2023-09-03T17:44:52+0200,2023-09-03T17:44:52+0200,media,animal,,Capreolus capreolus,1,human,2023-09-21T22:59:54+0000
1774,PMR2-KB23PM,2495409,c94eef46bf5561f90c717f78b57f49bf,2023-09-04T12:00:00+0200,2023-09-04T12:00:00+0200,media,unclassified,,,,,
1775,PMR2-KB23PM,2495410,40b5b52adbfb94457c67f27a846cfd4a,2023-09-05T12:00:00+0200,2023-09-05T12:00:00+0200,media,unclassified,,,,,
1776,PMR2-KB23PM,2495411,20a65ad0439c63783d4b69ecd5e9d429,2023-09-05T13:21:04+0200,2023-09-05T13:21:04+0200,media,human,setup,Homo sapiens,1,human,2023-09-21T23:16:53+0000
1777,PMR2-KB23PM,2495412,5cc17af39b65fb150b4d7a992d5f89e5,2023-09-05T13:28:28+0200,2023-09-05T13:28:28+0200,media,human,setup,Homo sapiens,1,human,2023-09-21T23:17:13+0000
1778,PMR2-KB23PM,2495413,5cc17af39b65fb150b4d7a992d5f89e5,2023-09-05T13:28:36+0200,2023-09-05T13:28:36+0200,media,human,setup,Homo sapiens,1,human,2023-09-21T23:17:13+0000
1779,PMR2-KB23PM,2495414,5cc17af39b65fb150b4d7a992d5f89e5,2023-09-05T13:28:58+0200,2023-09-05T13:28:58+0200,media,human,setup,Homo sapiens,1,human,2023-09-21T23:17:13+0000
1780,PMR2-KB23PM,2495415,5cc17af39b65fb150b4d7a992d5f89e5,2023-09-05T13:29:06+0200,2023-09-05T13:29:06+0200,media,blank,setup,,,human,2023-09-21T23:17:23+0000
1781,PMR2-KB24PM,2495416,0eaa353238c97470564793c6a16b6ec4,2023-08-10T11:34:10+0200,2023-08-10T11:34:10+0200,media,human,setup,Homo sapiens,1,human,2023-09-21T13:24:37+0000
1782,PMR2-KB24PM,2495417,0eaa353238c97470564793c6a16b6ec4,2023-08-10T11:34:20+0200,2023-08-10T11:34:20+0200,media,human,setup,Homo sapiens,1,human,2023-09-21T13:24:37+0000
1783,PMR2-KB24PM,2495418,0eaa353238c97470564793c6a16b6ec4,2023-08-10T11:35:04+0200,2023-08-10T11:35:04+0200,media,human,setup,Homo sapiens,1,human,2023-09-21T13:24:37+0000
1784,PMR2-KB24PM,2495419,051ff849c5dee1cd16b5f0cf6b315d2e,2023-08-10T12:00:00+0200,2023-08-10T12:00:00+0200,media,unclassified,,,,,
1785,PMR2-KB24PM,2495420,084b859262e2e318a36ded743b786758,2023-08-11T12:00:00+0200,2023-08-11T12:00:00+0200,media,unclassified,,,,,
1786,PMR2-KB24PM,2495421,f8061ccb8b521a6d5ec2e817bc8b1ca1,2023-08-12T12:00:00+0200,2023-08-12T12:00:00+0200,media,unclassified,,,,,
1787,PMR2-KB24PM,2495422,980c37f2b4353aa4bf72461514f435a4,2023-08-12T14:24:06+0200,2023-08-12T14:24:06+0200,media,animal,,Alces alces,1,human,2023-09-21T13:49:44+0000
1788,PMR2-KB24PM,2495423,5398827390de7221288adfb21f114281,2023-08-13T12:00:00+0200,2023-08-13T12:00:00+0200,media,unclassified,,,,,
1789,PMR2-KB24PM,2495424,a19fc0bee3b8028cb11d0036e9ea4344,2023-08-14T12:00:00+0200,2023-08-14T12:00:00+0200,media,unclassified,,,,,
1790,PMR2-KB24PM,2495425,01982841784d8e5927d7a0b9b029c5aa,2023-08-14T12:44:34+0200,2023-08-14T12:44:34+0200,media,animal,,Vulpes vulpes,1,human,2023-09-21T13:56:14+0000
1791,PMR2-KB24PM,2495426,18ef55848f9d72e74c47af4d7e0e27f4,2023-08-15T11:02:46+0200,2023-08-15T11:02:46+0200,media,unknown,,,1,human,2023-09-21T13:59:23+0000
1792,PMR2-KB24PM,2495427,39250879b5fc0a27495a8df63dceb0d6,2023-08-15T12:00:00+0200,2023-08-15T12:00:00+0200,media,unclassified,,,,,
1793,PMR2-KB24PM,2495428,0e5e2151065f939387a021bc994a051f,2023-08-16T12:00:00+0200,2023-08-16T12:00:00+0200,media,unclassified,,,,,
1794,PMR2-KB24PM,2495429,75fb7a1452103cd1b95606907d78265f,2023-08-17T12:00:00+0200,2023-08-17T12:00:00+0200,media,unclassified,,,,,
1795,PMR2-KB24PM,2495430,8ed13ea1cf88726d49c4ca4ea2e6e096,2023-08-18T06:51:40+0200,2023-08-18T06:51:40+0200,media,blank,,,,human,2023-09-21T20:32:48+0000
1796,PMR2-KB24PM,2495431,322b29e2b53bece68f5a17b6e86be7d5,2023-08-18T12:00:00+0200,2023-08-18T12:00:00+0200,media,unclassified,,,,,
1797,PMR2-KB24PM,2495432,9298d64b1adb98d4954d871ef4d20e23,2023-08-19T06:33:12+0200,2023-08-19T06:33:12+0200,media,animal,,Sciurus vulgaris,1,human,2023-09-21T20:36:56+0000
1798,PMR2-KB24PM,2495433,fb0d91a455e69c1f7de41ca7373b1db4,2023-08-19T12:00:00+0200,2023-08-19T12:00:00+0200,media,unclassified,,,,,
1799,PMR2-KB24PM,2495434,8fdde3d7411aec13f360c3614fcdde2f,2023-08-19T17:44:02+0200,2023-08-19T17:44:02+0200,media,animal,,Capreolus capreolus,1,human,2023-09-21T20:41:30+0000
1800,PMR2-KB24PM,2495435,8fdde3d7411aec13f360c3614fcdde2f,2023-08-19T17:44:24+0200,2023-08-19T17:44:24+0200,media,animal,,Capreolus capreolus,1,human,2023-09-21T20:41:30+0000
1801,PMR2-KB24PM,2495436,7f5d31c56a0061304bfff6d95ef623da,2023-08-20T12:00:00+0200,2023-08-20T12:00:00+0200,media,unclassified,,,,,
1802,PMR2-KB24PM,2495437,617e29dbb26c9e6228b07a4ff21752c0,2023-08-21T12:00:00+0200,2023-08-21T12:00:00+0200,media,unclassified,,,,,
1803,PMR2-KB24PM,2495438,3bbc947377a2538f282d15ae3836835a,2023-08-22T12:00:00+0200,2023-08-22T12:00:00+0200,media,unclassified,,,,,
1804,PMR2-KB24PM,2495439,d6e74f054ae1303031dc0b9e0afb09ad,2023-08-23T12:00:00+0200,2023-08-23T12:00:00+0200,media,unclassified,,,,,
1805,PMR2-KB24PM,2495440,56bfa8cfd00373fd834078bc52066e62,2023-08-24T12:00:00+0200,2023-08-24T12:00:00+0200,media,unclassified,,,,,
1806,PMR2-KB24PM,2495441,5f1c3099b7a8f0dad276c65734ffc174,2023-08-25T12:00:00+0200,2023-08-25T12:00:00+0200,media,unclassified,,,,,
1807,PMR2-KB24PM,2495442,51ca22b045550e13b524ac80e16c8ab8,2023-08-25T20:04:32+0200,2023-08-25T20:04:32+0200,media,animal,,Martes martes,1,human,2023-09-21T22:12:58+0000
1808,PMR2-KB24PM,2495443,51ca22b045550e13b524ac80e16c8ab8,2023-08-25T20:04:52+0200,2023-08-25T20:04:52+0200,media,animal,,Martes martes,1,human,2023-09-21T22:12:58+0000
1809,PMR2-KB24PM,2495444,d860454b801c24cdd702ad5d9c2699da,2023-08-26T12:00:00+0200,2023-08-26T12:00:00+0200,media,unclassified,,,,,
1810,PMR2-KB24PM,2495445,73595f4d8f2399b4302bb8b2a9f233d2,2023-08-27T03:14:16+0200,2023-08-27T03:14:16+0200,media,animal,,Martes martes,1,human,2023-09-21T22:15:57+0000
1811,PMR2-KB24PM,2495446,302d561ccac0d48ad5f2e375601fd4ab,2023-08-27T12:00:00+0200,2023-08-27T12:00:00+0200,media,unclassified,,,,,
1812,PMR2-KB24PM,2495447,19733ef0bde3df8a21607d4f2e064f72,2023-08-28T09:44:22+0200,2023-08-28T09:44:22+0200,media,animal,,Vulpes vulpes,1,human,2023-09-21T22:24:53+0000
1813,PMR2-KB24PM,2495448,57db3b7fdaa81269aa4da3038d29ef30,2023-08-28T12:00:00+0200,2023-08-28T12:00:00+0200,media,unclassified,,,,,
1814,PMR2-KB24PM,2495449,ab0d2c9d6c5965499d04f49fbc05e1d2,2023-08-29T12:00:00+0200,2023-08-29T12:00:00+0200,media,unclassified,,,,,
1815,PMR2-KB24PM,2495450,7adf34369faa2e4ff14fd6aa1908c389,2023-08-30T12:00:00+0200,2023-08-30T12:00:00+0200,media,unclassified,,,,,
1816,PMR2-KB24PM,2495451,ce0bf068feb10b99b865ecfa1736b9aa,2023-08-31T12:00:00+0200,2023-08-31T12:00:00+0200,media,unclassified,,,,,
1817,PMR2-KB24PM,2495452,9763f81b9a91261f725f5d2b2c3d4cee,2023-09-01T12:00:00+0200,2023-09-01T12:00:00+0200,media,unclassified,,,,,
1818,PMR2-KB24PM,2495453,64e6b9e077898b3d4ff8d7713e3b480c,2023-09-01T15:24:00+0200,2023-09-01T15:24:00+0200,media,animal,,Sciurus vulgaris,1,human,2023-09-21T22:49:47+0000
1819,PMR2-KB24PM,2495454,093fb94028f861c826a88259cf4d7822,2023-09-02T12:00:00+0200,2023-09-02T12:00:00+0200,media,unclassified,,,,,
1820,PMR2-KB24PM,2495455,7b3c5df8120eacb9d49a2ed0b300d978,2023-09-03T12:00:00+0200,2023-09-03T12:00:00+0200,media,unclassified,,,,,
1821,PMR2-KB24PM,2495456,025f4b56b2a081d0c7488391ccf997da,2023-09-04T12:00:00+0200,2023-09-04T12:00:00+0200,media,unclassified,,,,,
1822,PMR2-KB24PM,2495457,a0d313f917217e28f49d911dffa90617,2023-09-05T10:51:20+0200,2023-09-05T10:51:20+0200,media,human,setup,Homo sapiens,1,human,2023-09-21T23:13:52+0000
1823,PMR2-KB24PM,2495458,ac8fddb14b582ce70eb75d5c4f65392c,2023-09-05T11:00:10+0200,2023-09-05T11:00:10+0200,media,human,setup,Homo sapiens,1,human,2023-09-21T23:14:15+0000
1824,PMR2-KB24PM,2495459,ac8fddb14b582ce70eb75d5c4f65392c,2023-09-05T11:00:42+0200,2023-09-05T11:00:42+0200,media,human,setup,Homo sapiens,1,human,2023-09-21T23:14:15+0000
1825,PMR2-KB24PM,2495460,ac8fddb14b582ce70eb75d5c4f65392c,2023-09-05T11:00:50+0200,2023-09-05T11:00:50+0200,media,blank,setup,,,human,2023-09-21T23:14:22+0000
1826,PMR2-KB25PM,2495461,d9f20234e930920e5369abf9457c895d,2023-08-10T13:00:00+0200,2023-08-10T13:00:00+0200,media,human,setup,Homo sapiens,1,human,2023-09-21T13:24:59+0000
1827,PMR2-KB25PM,2495462,5d4d6963cd848f5ab0872958e009dfd9,2023-08-11T12:00:00+0200,2023-08-11T12:00:00+0200,media,unclassified,,,,,
1828,PMR2-KB25PM,2495463,4bc40833b42561e9ca1f838ea3dbe926,2023-08-12T12:00:00+0200,2023-08-12T12:00:00+0200,media,unclassified,,,,,
1829,PMR2-KB25PM,2495464,704b9a9d76fbf87d6dda562a90518a66,2023-08-13T12:00:00+0200,2023-08-13T12:00:00+0200,media,unclassified,,,,,
1830,PMR2-KB25PM,2495465,d7241d256ead20a8da5543ccfc00802d,2023-08-14T12:00:00+0200,2023-08-14T12:00:00+0200,media,unclassified,,,,,
1831,PMR2-KB25PM,2495466,6d5b14b25b02cd020c0d04f627b26ad4,2023-08-15T12:00:00+0200,2023-08-15T12:00:00+0200,media,unclassified,,,,,
1832,PMR2-KB25PM,2495467,ef6d14feca9c788b1832decfb700f0cb,2023-08-16T12:00:00+0200,2023-08-16T12:00:00+0200,media,unclassified,,,,,
1833,PMR2-KB25PM,2495468,33cffcc631c1b2e85369fe41f4c2f2b5,2023-08-17T12:00:00+0200,2023-08-17T12:00:00+0200,media,unclassified,,,,,
1834,PMR2-KB25PM,2495469,4ce7c00f96ea04e46abe1e7f8e665723,2023-08-18T08:14:56+0200,2023-08-18T08:14:56+0200,media,animal,,Martes martes,1,human,2023-09-21T20:33:12+0000
1835,PMR2-KB25PM,2495470,3cbaa47c8c14cbb92a9d7131aefcc5c4,2023-08-18T12:00:00+0200,2023-08-18T12:00:00+0200,media,unclassified,,,,,
1836,PMR2-KB25PM,2495471,ecb5c70327740366e5a3cf90860ed543,2023-08-19T12:00:00+0200,2023-08-19T12:00:00+0200,media,unclassified,,,,,
1837,PMR2-KB25PM,2495472,e7523d17b645186078324e2a3d73297d,2023-08-20T12:00:00+0200,2023-08-20T12:00:00+0200,media,unclassified,,,,,
1838,PMR2-KB25PM,2495473,196afe6d3cdcf655fa748098b32d7245,2023-08-21T12:00:00+0200,2023-08-21T12:00:00+0200,media,unclassified,,,,,
1839,PMR2-KB25PM,2495474,6c05ca2b0ab1a8bdb327edb50f7d122d,2023-08-22T12:00:00+0200,2023-08-22T12:00:00+0200,media,unclassified,,,,,
1840,PMR2-KB25PM,2495475,2ed375817af1c2bbabc9b1678c20cf3f,2023-08-23T12:00:00+0200,2023-08-23T12:00:00+0200,media,unclassified,,,,,
1841,PMR2-KB25PM,2495476,21517f0fb2d2bc6c3343ab73aad5357f,2023-08-24T12:00:00+0200,2023-08-24T12:00:00+0200,media,unclassified,,,,,
1842,PMR2-KB25PM,2495477,b8b0c7cab85c7bc76d4d87e6be3e63b7,2023-08-25T12:00:00+0200,2023-08-25T12:00:00+0200,media,unclassified,,,,,
1843,PMR2-KB25PM,2495478,95cbfb474ff6f7a09969ff2ae7cff4ec,2023-08-26T12:00:00+0200,2023-08-26T12:00:00+0200,media,unclassified,,,,,
1844,PMR2-KB25PM,2495479,e33c5e275fbadc2a9c01fd19a0a3b34f,2023-08-27T01:04:40+0200,2023-08-27T01:04:40+0200,media,animal,,Capreolus capreolus,1,human,2023-09-21T22:15:12+0000
1845,PMR2-KB25PM,2495480,913aca9461573259de233d65712dfb71,2023-08-27T12:00:00+0200,2023-08-27T12:00:00+0200,media,unclassified,,,,,
1846,PMR2-KB25PM,2495481,f2d1a5447d88e8b27843e2b2f3f4a384,2023-08-28T12:00:00+0200,2023-08-28T12:00:00+0200,media,unclassified,,,,,
1847,PMR2-KB25PM,2495482,df6b241532f9e5e92e1d605ef069f1df,2023-08-29T12:00:00+0200,2023-08-29T12:00:00+0200,media,unclassified,,,,,
1848,PMR2-KB25PM,2495483,9c249ac12c750e568559334285fae718,2023-08-30T12:00:00+0200,2023-08-30T12:00:00+0200,media,unclassified,,,,,
1849,PMR2-KB25PM,2495484,d2f26a14f2873876f807b5b3c59834fc,2023-08-31T12:00:00+0200,2023-08-31T12:00:00+0200,media,unclassified,,,,,
1850,PMR2-KB25PM,2495485,94a779cc0089f70d3ffd4ac95c120327,2023-09-01T06:10:42+0200,2023-09-01T06:10:42+0200,media,animal,,Tetrao urogallus,1,human,2023-09-21T22:40:33+0000
1851,PMR2-KB25PM,2495486,94a779cc0089f70d3ffd4ac95c120327,2023-09-01T06:10:54+0200,2023-09-01T06:10:54+0200,media,animal,,Tetrao urogallus,1,human,2023-09-21T22:40:33+0000
1852,PMR2-KB25PM,2495487,94a779cc0089f70d3ffd4ac95c120327,2023-09-01T06:11:08+0200,2023-09-01T06:11:08+0200,media,animal,,Tetrao urogallus,1,human,2023-09-21T22:40:33+0000
1853,PMR2-KB25PM,2495488,94a779cc0089f70d3ffd4ac95c120327,2023-09-01T06:11:18+0200,2023-09-01T06:11:18+0200,media,animal,,Tetrao urogallus,1,human,2023-09-21T22:40:33+0000
1854,PMR2-KB25PM,2495489,1324f09ab0cccd466cee2f99bee938a8,2023-09-01T12:00:00+0200,2023-09-01T12:00:00+0200,media,unclassified,,,,,
1855,PMR2-KB25PM,2495490,1b2607429abdcf0b832af3b8f4980b83,2023-09-02T12:00:00+0200,2023-09-02T12:00:00+0200,media,unclassified,,,,,
1856,PMR2-KB25PM,2495491,f0ebe172aab2fcb77815b2bc7510a505,2023-09-03T12:00:00+0200,2023-09-03T12:00:00+0200,media,unclassified,,,,,
1857,PMR2-KB25PM,2495492,51c1d78a09df29872730c3ae0e03f227,2023-09-04T06:08:50+0200,2023-09-04T06:08:50+0200,media,animal,,Alces alces,1,human,2023-09-21T23:01:26+0000
1858,PMR2-KB25PM,2495493,e4f5c06f5693612b60f08b020d573aba,2023-09-04T12:00:00+0200,2023-09-04T12:00:00+0200,media,unclassified,,,,,
1859,PMR2-KB25PM,2495494,808b24adbdcdaab28d133ba91eb091e0,2023-09-05T11:54:54+0200,2023-09-05T11:54:54+0200,media,human,setup,Homo sapiens,1,human,2023-09-21T23:14:35+0000
1860,PMR2-KB25PM,2495495,808b24adbdcdaab28d133ba91eb091e0,2023-09-05T11:55:10+0200,2023-09-05T11:55:10+0200,media,human,setup,Homo sapiens,1,human,2023-09-21T23:14:35+0000
1861,PMR2-KB25PM,2495496,808b24adbdcdaab28d133ba91eb091e0,2023-09-05T11:55:28+0200,2023-09-05T11:55:28+0200,media,human,setup,Homo sapiens,1,human,2023-09-21T23:14:35+0000
1862,PMR2-KB26PM,2495497,bd8baaf7f76d1f96e511e5ed585de2a1,2023-08-10T16:58:34+0200,2023-08-10T16:58:34+0200,media,human,setup,Homo sapiens,1,human,2023-09-21T13:27:30+0000
1863,PMR2-KB26PM,2495498,2f928c0dd92e3afaf264c3bce4e089b9,2023-08-11T12:00:00+0200,2023-08-11T12:00:00+0200,media,unclassified,,,,,
1864,PMR2-KB26PM,2495499,0eecf2e3d6369fb9a22988b53c1c6742,2023-08-12T12:00:00+0200,2023-08-12T12:00:00+0200,media,unclassified,,,,,
1865,PMR2-KB26PM,2495500,c8d3adea94d5ec612a5190077e54e7f0,2023-08-13T12:00:00+0200,2023-08-13T12:00:00+0200,media,unclassified,,,,,
1866,PMR2-KB26PM,2495501,978505c0623409c46b81c485b5782a48,2023-08-14T12:00:00+0200,2023-08-14T12:00:00+0200,media,unclassified,,,,,
1867,PMR2-KB26PM,2495502,2a1e5a4d08a2cbddae789254cf310741,2023-08-15T12:00:00+0200,2023-08-15T12:00:00+0200,media,unclassified,,,,,
1868,PMR2-KB26PM,2495503,1d50de8f17824f5ea71a95602d24d89b,2023-08-16T12:00:00+0200,2023-08-16T12:00:00+0200,media,unclassified,,,,,
1869,PMR2-KB26PM,2495504,87984edfb06b26f04cd245f03d6565f5,2023-08-17T12:00:00+0200,2023-08-17T12:00:00+0200,media,unclassified,,,,,
1870,PMR2-KB26PM,2495505,7f253f9d49e1d40475a4bd26095bde37,2023-08-18T12:00:00+0200,2023-08-18T12:00:00+0200,media,unclassified,,,,,
1871,PMR2-KB26PM,2495506,ad68dfa3d827ba38a92ea19473d8fde6,2023-08-19T12:00:00+0200,2023-08-19T12:00:00+0200,media,unclassified,,,,,
1872,PMR2-KB26PM,2495507,2da4828895c51d876b4cd74186a6240f,2023-08-20T12:00:00+0200,2023-08-20T12:00:00+0200,media,unclassified,,,,,
1873,PMR2-KB26PM,2495508,4a236e1af4a14b170411c1cb6939fa7b,2023-08-21T12:00:00+0200,2023-08-21T12:00:00+0200,media,unclassified,,,,,
1874,PMR2-KB26PM,2495509,7914793b4ea78bea9727a98121e75f08,2023-08-22T12:00:00+0200,2023-08-22T12:00:00+0200,media,unclassified,,,,,
1875,PMR2-KB26PM,2495510,9f5e1e565526bccf30beefd8960ea6dd,2023-08-23T12:00:00+0200,2023-08-23T12:00:00+0200,media,unclassified,,,,,
1876,PMR2-KB26PM,2495511,ef74e227d4e97dcb736c6f932a4210be,2023-08-24T12:00:00+0200,2023-08-24T12:00:00+0200,media,unclassified,,,,,
1877,PMR2-KB26PM,2495512,53bbdac49d404f7a484f41bcafbf9a20,2023-08-25T12:00:00+0200,2023-08-25T12:00:00+0200,media,unclassified,,,,,
1878,PMR2-KB26PM,2495513,99d530729c0c6e588f776ecc93e3cfee,2023-08-26T12:00:00+0200,2023-08-26T12:00:00+0200,media,unclassified,,,,,
1879,PMR2-KB26PM,2495514,05d82cb16e588f443fae2b87db750a18,2023-08-27T12:00:00+0200,2023-08-27T12:00:00+0200,media,unclassified,,,,,
1880,PMR2-KB26PM,2495515,9655b7f5ce2c1001bd515c4561abe609,2023-08-28T12:00:00+0200,2023-08-28T12:00:00+0200,media,unclassified,,,,,
1881,PMR2-KB26PM,2495516,530419e37ab3efb70defe3123609194f,2023-08-28T20:57:26+0200,2023-08-28T20:57:26+0200,media,animal,,Alces alces,1,human,2023-09-21T22:30:55+0000
1882,PMR2-KB26PM,2495517,530419e37ab3efb70defe3123609194f,2023-08-28T20:57:32+0200,2023-08-28T20:57:32+0200,media,animal,,Alces alces,1,human,2023-09-21T22:31:21+0000
1883,PMR2-KB26PM,2495518,530419e37ab3efb70defe3123609194f,2023-08-28T20:57:42+0200,2023-08-28T20:57:42+0200,media,animal,,Alces alces,1,human,2023-09-21T22:32:00+0000
1884,PMR2-KB26PM,2495518,530419e37ab3efb70defe3123609194f,2023-08-28T20:57:42+0200,2023-08-28T20:57:42+0200,media,animal,,Alces alces,1,human,2023-09-21T22:32:00+0000
1885,PMR2-KB26PM,2495519,530419e37ab3efb70defe3123609194f,2023-08-28T20:57:56+0200,2023-08-28T20:57:56+0200,media,animal,,Alces alces,1,human,2023-09-21T22:32:16+0000
1886,PMR2-KB26PM,2495520,1008f9ea8fe1d78178da4f62de1bef64,2023-08-29T12:00:00+0200,2023-08-29T12:00:00+0200,media,unclassified,,,,,
1887,PMR2-KB26PM,2495521,49c4b6940557c3a5b05b0239752c28ec,2023-08-30T12:00:00+0200,2023-08-30T12:00:00+0200,media,unclassified,,,,,
1888,PMR2-KB26PM,2495522,6a34e6bd6305ae14d2f03a2db3a94be9,2023-08-31T12:00:00+0200,2023-08-31T12:00:00+0200,media,unclassified,,,,,
1889,PMR2-KB26PM,2495523,94141037acf9fffd743db23285c3b932,2023-09-01T12:00:00+0200,2023-09-01T12:00:00+0200,media,unclassified,,,,,
1890,PMR2-KB26PM,2495524,1c628c9b9b8c3e100fab2d5c9020a8fe,2023-09-02T12:00:00+0200,2023-09-02T12:00:00+0200,media,unclassified,,,,,
1891,PMR2-KB26PM,2495525,ffc6d76acc2ea832dadee80a57b24b1e,2023-09-03T12:00:00+0200,2023-09-03T12:00:00+0200,media,unclassified,,,,,
1892,PMR2-KB26PM,2495526,fcafcd8175be402fdde771775352b573,2023-09-04T10:49:30+0200,2023-09-04T10:49:30+0200,media,blank,,,,human,2023-09-21T23:02:08+0000
1893,PMR2-KB26PM,2495527,8bbca125ef0ab0c719637dd276bd8de4,2023-09-04T10:58:28+0200,2023-09-04T10:58:28+0200,media,blank,,,,human,2023-09-21T23:02:29+0000
1894,PMR2-KB26PM,2495528,8bbca125ef0ab0c719637dd276bd8de4,2023-09-04T11:01:48+0200,2023-09-04T11:01:48+0200,media,blank,,,,human,2023-09-21T23:02:29+0000
1895,PMR2-KB26PM,2495529,e5be2621964e8ca1522edd6759c936dc,2023-09-04T12:00:00+0200,2023-09-04T12:00:00+0200,media,unclassified,,,,,
1896,PMR2-KB26PM,2495530,0801751eb9a674a1500f61e3ae151a14,2023-09-05T12:00:00+0200,2023-09-05T12:00:00+0200,media,unclassified,,,,,
1897,PMR2-KB26PM,2495531,e5787bb482faa621af5b73471c055ddf,2023-09-05T13:18:46+0200,2023-09-05T13:18:46+0200,media,animal,,Capreolus capreolus,1,human,2023-09-21T23:16:35+0000
1898,PMR2-KB26PM,2495532,e5787bb482faa621af5b73471c055ddf,2023-09-05T13:19:04+0200,2023-09-05T13:19:04+0200,media,animal,,Capreolus capreolus,1,human,2023-09-21T23:16:35+0000
1899,PMR2-KB26PM,2495533,32a4a47c9a8a48d615495fcd85792e63,2023-09-05T14:11:28+0200,2023-09-05T14:11:28+0200,media,human,setup,Homo sapiens,1,human,2023-09-21T23:17:34+0000
1900,PMR2-KB26PM,2495534,32a4a47c9a8a48d615495fcd85792e63,2023-09-05T14:11:46+0200,2023-09-05T14:11:46+0200,media,human,setup,Homo sapiens,1,human,2023-09-21T23:17:34+0000
1901,PMR2-KB27PM,2495535,2f8a32cf61c6edc608f97a4aeb067723,2023-08-09T17:20:12+0200,2023-08-09T17:20:12+0200,media,human,setup,Homo sapiens,1,human,2023-09-21T13:22:24+0000
1902,PMR2-KB27PM,2495536,2f8a32cf61c6edc608f97a4aeb067723,2023-08-09T17:22:12+0200,2023-08-09T17:22:12+0200,media,human,setup,Homo sapiens,1,human,2023-09-21T13:22:33+0000
1903,PMR2-KB27PM,2495537,2f8a32cf61c6edc608f97a4aeb067723,2023-08-09T17:22:26+0200,2023-08-09T17:22:26+0200,media,blank,setup,,,human,2023-09-21T13:22:41+0000
1904,PMR2-KB27PM,2495538,9c6af43fe9aa3f1b126f0b710315713b,2023-08-10T12:00:00+0200,2023-08-10T12:00:00+0200,media,unclassified,,,,,
1905,PMR2-KB27PM,2495539,df79f37a356438ec52a99c8d79c5a24e,2023-08-11T12:00:00+0200,2023-08-11T12:00:00+0200,media,unclassified,,,,,
1906,PMR2-KB27PM,2495540,2a1fdf101faf9f2fc8fb523c0f0bd214,2023-08-12T12:00:00+0200,2023-08-12T12:00:00+0200,media,unclassified,,,,,
1907,PMR2-KB27PM,2495541,bc1ec6ca305d561dec8e853aecaef048,2023-08-13T12:00:00+0200,2023-08-13T12:00:00+0200,media,unclassified,,,,,
1908,PMR2-KB27PM,2495542,adffb452810b82e532e59492dd4a18b6,2023-08-14T12:00:00+0200,2023-08-14T12:00:00+0200,media,unclassified,,,,,
1909,PMR2-KB27PM,2495543,276f56b0ae4dc7f0578de3827e4a5c48,2023-08-15T12:00:00+0200,2023-08-15T12:00:00+0200,media,unclassified,,,,,
1910,PMR2-KB27PM,2495544,dafbba0a00e8cc70988f7155a1f9f8e8,2023-08-16T12:00:00+0200,2023-08-16T12:00:00+0200,media,unclassified,,,,,
1911,PMR2-KB27PM,2495545,b66cfcd6952d49d295a71c9101686dd4,2023-08-17T12:00:00+0200,2023-08-17T12:00:00+0200,media,unclassified,,,,,
1912,PMR2-KB27PM,2495546,840dd031432d2e4be7653421454b57ee,2023-08-17T23:13:34+0200,2023-08-17T23:13:34+0200,media,animal,,Meles meles,1,human,2023-09-21T20:31:31+0000
1913,PMR2-KB27PM,2495547,840dd031432d2e4be7653421454b57ee,2023-08-17T23:13:48+0200,2023-08-17T23:13:48+0200,media,animal,,Meles meles,1,human,2023-09-21T20:31:31+0000
1914,PMR2-KB27PM,2495548,840dd031432d2e4be7653421454b57ee,2023-08-17T23:13:58+0200,2023-08-17T23:13:58+0200,media,animal,,Meles meles,1,human,2023-09-21T20:31:31+0000
1915,PMR2-KB27PM,2495549,840dd031432d2e4be7653421454b57ee,2023-08-17T23:14:04+0200,2023-08-17T23:14:04+0200,media,animal,,Meles meles,1,human,2023-09-21T20:31:31+0000
1916,PMR2-KB27PM,2495550,840dd031432d2e4be7653421454b57ee,2023-08-17T23:14:10+0200,2023-08-17T23:14:10+0200,media,animal,,Meles meles,1,human,2023-09-21T20:31:31+0000
1917,PMR2-KB27PM,2495551,840dd031432d2e4be7653421454b57ee,2023-08-17T23:14:20+0200,2023-08-17T23:14:20+0200,media,animal,,Meles meles,1,human,2023-09-21T20:31:31+0000
1918,PMR2-KB27PM,2495552,840dd031432d2e4be7653421454b57ee,2023-08-17T23:14:26+0200,2023-08-17T23:14:26+0200,media,animal,,Meles meles,1,human,2023-09-21T20:31:31+0000
1919,PMR2-KB27PM,2495553,d37e7f3e72f89050bf8a1e90d2a57365,2023-08-18T12:00:00+0200,2023-08-18T12:00:00+0200,media,unclassified,,,,,
1920,PMR2-KB27PM,2495554,1ecfb47e105f56184eae6e9e067a448c,2023-08-19T12:00:00+0200,2023-08-19T12:00:00+0200,media,unclassified,,,,,
1921,PMR2-KB27PM,2495555,8ebbc402aabfc37a259c1d9e19729e3a,2023-08-20T03:32:32+0200,2023-08-20T03:32:32+0200,media,animal,,Martes martes,1,human,2023-09-21T20:43:43+0000
1922,PMR2-KB27PM,2495556,77cdc719e6077686a2daa510d7da10cd,2023-08-20T12:00:00+0200,2023-08-20T12:00:00+0200,media,unclassified,,,,,
1923,PMR2-KB27PM,2495557,24fae5a4f8e9ebc9b31855705c29c4f5,2023-08-21T12:00:00+0200,2023-08-21T12:00:00+0200,media,unclassified,,,,,
1924,PMR2-KB27PM,2495558,2fa45fddfd3016d53a4e78d4f61bed91,2023-08-22T12:00:00+0200,2023-08-22T12:00:00+0200,media,unclassified,,,,,
1925,PMR2-KB27PM,2495559,c456e7bc1ee37acd0609315530a636b9,2023-08-23T12:00:00+0200,2023-08-23T12:00:00+0200,media,unclassified,,,,,
1926,PMR2-KB27PM,2495560,d3162f4b44249febb35398c07cdbc2d4,2023-08-24T12:00:00+0200,2023-08-24T12:00:00+0200,media,unclassified,,,,,
1927,PMR2-KB27PM,2495561,cc485dfefd02de673f7494ec5affd54f,2023-08-25T12:00:00+0200,2023-08-25T12:00:00+0200,media,unclassified,,,,,
1928,PMR2-KB27PM,2495562,604a460359b023335f9bb5346f1a925f,2023-08-26T12:00:00+0200,2023-08-26T12:00:00+0200,media,unclassified,,,,,
1929,PMR2-KB27PM,2495563,1a2fd459bafca53297098767c29a05ac,2023-08-27T12:00:00+0200,2023-08-27T12:00:00+0200,media,unclassified,,,,,
1930,PMR2-KB27PM,2495564,78d850af523d9213b35268149bc1c5bc,2023-08-28T12:00:00+0200,2023-08-28T12:00:00+0200,media,unclassified,,,,,
1931,PMR2-KB27PM,2495565,6f599baf25a65bbbc7a8178549308ad6,2023-08-29T12:00:00+0200,2023-08-29T12:00:00+0200,media,unclassified,,,,,
1932,PMR2-KB27PM,2495566,b1dce1ae3e7e05d60a4e81f9cf50ada1,2023-08-30T12:00:00+0200,2023-08-30T12:00:00+0200,media,unclassified,,,,,
1933,PMR2-KB27PM,2495567,7a9c9c63083a251dc22fcf03e7d69038,2023-08-31T12:00:00+0200,2023-08-31T12:00:00+0200,media,unclassified,,,,,
1934,PMR2-KB27PM,2495568,a72e78b3dbe1404eacdb6da6a6d75421,2023-09-01T12:00:00+0200,2023-09-01T12:00:00+0200,media,unclassified,,,,,
1935,PMR2-KB27PM,2495569,8e380dd670ae38e63414eaa6d3eb05e8,2023-09-02T12:00:00+0200,2023-09-02T12:00:00+0200,media,unclassified,,,,,
1936,PMR2-KB27PM,2495570,4e9a551a8ac330acc501b169f166311f,2023-09-03T12:00:00+0200,2023-09-03T12:00:00+0200,media,unclassified,,,,,
1937,PMR2-KB27PM,2495571,a4b5c28cecd012d434a61d5d7d7b3d5d,2023-09-04T12:00:00+0200,2023-09-04T12:00:00+0200,media,unclassified,,,,,
1938,PMR2-KB27PM,2495572,b7d499a23442ffe1b49d2229c70c30b1,2023-09-05T12:00:00+0200,2023-09-05T12:00:00+0200,media,unclassified,,,,,
1939,PMR2-KB27PM,2495573,1cd88e7707d7a2112f0aaef37339d234,2023-09-05T15:03:24+0200,2023-09-05T15:03:24+0200,media,human,setup,Homo sapiens,1,human,2023-09-21T23:18:21+0000
1940,PMR2-KB27PM,2495574,1cd88e7707d7a2112f0aaef37339d234,2023-09-05T15:03:56+0200,2023-09-05T15:03:56+0200,media,human,setup,Homo sapiens,1,human,2023-09-21T23:18:21+0000
1941,PMR3-KB01PM,2495575,70cf5d28db943fed7ba0f4101f5863a2,2023-09-05T12:27:16+0200,2023-09-05T12:27:16+0200,media,blank,setup,,,human,2023-10-30T09:44:16+0000
1942,PMR3-KB01PM,2495576,70cf5d28db943fed7ba0f4101f5863a2,2023-09-05T12:28:40+0200,2023-09-05T12:28:40+0200,media,human,setup,Homo sapiens,1,human,2023-10-30T09:44:24+0000
1943,PMR3-KB01PM,2495577,7ce320de5a2f35bb177f171d515aa4c4,2023-09-06T12:00:00+0200,2023-09-06T12:00:00+0200,media,unclassified,,,,,
1944,PMR3-KB01PM,2495578,01b6f4ce149d62f0b7af8cebacf94b93,2023-09-06T17:09:28+0200,2023-09-06T17:09:28+0200,media,blank,,,,human,2023-10-30T10:14:59+0000
1945,PMR3-KB01PM,2495579,2ce220c23d1f0a6f5f8f8b8b75134c37,2023-09-07T12:00:00+0200,2023-09-07T12:00:00+0200,media,unclassified,,,,,
1946,PMR3-KB01PM,2495580,859ac88c28bd5dc66b76b46b9ce81896,2023-09-08T05:17:08+0200,2023-09-08T05:17:08+0200,media,animal,,Turdus pilaris,1,human,2023-10-30T12:47:45+0000
1947,PMR3-KB01PM,2495581,bd3dc4e89f3239fc702751ed38821598,2023-09-08T12:00:00+0200,2023-09-08T12:00:00+0200,media,unclassified,,,,,
1948,PMR3-KB01PM,2495582,3b4837525d65ea28688605c7d5cd4b33,2023-09-09T12:00:00+0200,2023-09-09T12:00:00+0200,media,unclassified,,,,,
1949,PMR3-KB01PM,2495583,f1daa6d2b83f1403090319b5340f190c,2023-09-10T12:00:00+0200,2023-09-10T12:00:00+0200,media,unclassified,,,,,
1950,PMR3-KB01PM,2495584,0f0b3123e987e6264ebd4b30c2d7c5e0,2023-09-11T10:46:40+0200,2023-09-11T10:46:40+0200,media,blank,,,,human,2023-10-30T13:54:53+0000
1951,PMR3-KB01PM,2495585,a4e182b7ad9d15e9f006270210d32135,2023-09-11T12:00:00+0200,2023-09-11T12:00:00+0200,media,unclassified,,,,,
1952,PMR3-KB01PM,2495586,ac0b06ffb8289cf35e496d52850162a3,2023-09-12T12:00:00+0200,2023-09-12T12:00:00+0200,media,unclassified,,,,,
1953,PMR3-KB01PM,2495587,d8fe92d80e74e27a71b87419cf2aeca0,2023-09-13T12:00:00+0200,2023-09-13T12:00:00+0200,media,unclassified,,,,,
1954,PMR3-KB01PM,2495588,71d1991ae5523b437c74282b481ce78d,2023-09-14T12:00:00+0200,2023-09-14T12:00:00+0200,media,unclassified,,,,,
1955,PMR3-KB01PM,2495589,23435affc6bc5936165de02e4beb3aae,2023-09-15T10:46:34+0200,2023-09-15T10:46:34+0200,media,blank,,,,human,2023-10-30T14:19:40+0000
1956,PMR3-KB01PM,2495590,2fe2bbe3b7b6f345f11e169d9d4694f0,2023-09-15T12:00:00+0200,2023-09-15T12:00:00+0200,media,unclassified,,,,,
1957,PMR3-KB01PM,2495591,2394eedbdf72703f13e38aa8acc4b5aa,2023-09-16T12:00:00+0200,2023-09-16T12:00:00+0200,media,unclassified,,,,,
1958,PMR3-KB01PM,2495592,af326fae678ad0a41623c0f4413d4d12,2023-09-17T12:00:00+0200,2023-09-17T12:00:00+0200,media,unclassified,,,,,
1959,PMR3-KB01PM,2495593,39dcf9114420d2d27db213051504128f,2023-09-18T12:00:00+0200,2023-09-18T12:00:00+0200,media,unclassified,,,,,
1960,PMR3-KB01PM,2495594,92b2ec73a6724d8c424c5e70d823a611,2023-09-19T12:00:00+0200,2023-09-19T12:00:00+0200,media,unclassified,,,,,
1961,PMR3-KB01PM,2495595,ce11a21fbe71f14f726c1bf981364a4b,2023-09-20T12:00:00+0200,2023-09-20T12:00:00+0200,media,unclassified,,,,,
1962,PMR3-KB01PM,2495596,e0524e72c67a42e749df6636a1ef7ecc,2023-09-21T12:00:00+0200,2023-09-21T12:00:00+0200,media,unclassified,,,,,
1963,PMR3-KB01PM,2495597,b1f4eb06865b40ffaba47fcaaceb60e5,2023-09-22T12:00:00+0200,2023-09-22T12:00:00+0200,media,unclassified,,,,,
1964,PMR3-KB01PM,2495598,2b2aea70c00ca652a5c2afd7a347447d,2023-09-23T12:00:00+0200,2023-09-23T12:00:00+0200,media,unclassified,,,,,
1965,PMR3-KB01PM,2495599,de5c21f669b30afc650f8fd15bd01e4f,2023-09-24T12:00:00+0200,2023-09-24T12:00:00+0200,media,unclassified,,,,,
1966,PMR3-KB01PM,2495600,e3dbadb45944bd42165504aadc539ed8,2023-09-25T12:00:00+0200,2023-09-25T12:00:00+0200,media,unclassified,,,,,
1967,PMR3-KB01PM,2495601,94860d6558cf0441e2d13dcef196f541,2023-09-26T12:00:00+0200,2023-09-26T12:00:00+0200,media,unclassified,,,,,
1968,PMR3-KB01PM,2495602,c6db8dda4886029112cf4fc5b0e32abd,2023-09-27T12:00:00+0200,2023-09-27T12:00:00+0200,media,unclassified,,,,,
1969,PMR3-KB01PM,2495603,b61f35b27938294788811d5f4a641964,2023-09-28T12:00:00+0200,2023-09-28T12:00:00+0200,media,unclassified,,,,,
1970,PMR3-KB01PM,2495604,ac1dce730f269d82dda41ad2ed623d3b,2023-09-29T12:00:00+0200,2023-09-29T12:00:00+0200,media,unclassified,,,,,
1971,PMR3-KB01PM,2495605,6f8d7cc6a986de1765e4e0dabaa1882f,2023-09-30T11:18:56+0200,2023-09-30T11:18:56+0200,media,animal,,Dryocopus martius,1,human,2023-10-31T10:38:52+0000
1972,PMR3-KB01PM,2495606,6f8d7cc6a986de1765e4e0dabaa1882f,2023-09-30T11:19:12+0200,2023-09-30T11:19:12+0200,media,animal,,Dryocopus martius,1,human,2023-10-31T10:38:52+0000
1973,PMR3-KB01PM,2495607,84390b5c529c0d15af59b4ead6d7c7af,2023-09-30T12:00:00+0200,2023-09-30T12:00:00+0200,media,unclassified,,,,,
1974,PMR3-KB01PM,2495608,49c392b3c4e9333d79e25b05511950e5,2023-10-01T12:00:00+0200,2023-10-01T12:00:00+0200,media,unclassified,,,,,
1975,PMR3-KB01PM,2495609,852a20b7a1dd9d006f23e616010b2720,2023-10-02T12:00:00+0200,2023-10-02T12:00:00+0200,media,unclassified,,,,,
1976,PMR3-KB01PM,2495610,c355451908565cc59da62ab6bc9d4898,2023-10-03T08:47:50+0200,2023-10-03T08:47:50+0200,media,animal,,Sciurus vulgaris,1,human,2023-10-31T11:58:15+0000
1977,PMR3-KB01PM,2495611,f523a3376c91d7d8195c2a39b4e8767a,2023-10-03T10:47:24+0200,2023-10-03T10:47:24+0200,media,human,setup,Homo sapiens,1,human,2023-10-31T11:58:38+0000
1978,PMR3-KB01PM,2495612,f523a3376c91d7d8195c2a39b4e8767a,2023-10-03T10:48:20+0200,2023-10-03T10:48:20+0200,media,human,setup,Homo sapiens,1,human,2023-10-31T11:58:38+0000
1979,PMR3-KB02PM,2495613,1374828ecd010ce57d2b2fa9acd15388,2023-09-05T13:26:12+0200,2023-09-05T13:26:12+0200,media,human,setup,Homo sapiens,1,human,2023-10-30T09:45:53+0000
1980,PMR3-KB02PM,2495614,1374828ecd010ce57d2b2fa9acd15388,2023-09-05T13:26:26+0200,2023-09-05T13:26:26+0200,media,human,setup,Homo sapiens,1,human,2023-10-30T09:45:53+0000
1981,PMR3-KB02PM,2495615,1374828ecd010ce57d2b2fa9acd15388,2023-09-05T13:29:14+0200,2023-09-05T13:29:14+0200,media,human,setup,Homo sapiens,1,human,2023-10-30T09:45:53+0000
1982,PMR3-KB02PM,2495616,6607260ca66386375252c3dbcd45388b,2023-09-06T12:00:00+0200,2023-09-06T12:00:00+0200,media,unclassified,,,,,
1983,PMR3-KB02PM,2495617,029da2b2160480bb1bff2a3be8e295e7,2023-09-07T12:00:00+0200,2023-09-07T12:00:00+0200,media,unclassified,,,,,
1984,PMR3-KB02PM,2495618,e6d6f58795f73acaa2971018f6b99170,2023-09-08T05:41:12+0200,2023-09-08T05:41:12+0200,media,animal,,Alces alces,1,human,2023-10-30T12:48:06+0000
1985,PMR3-KB02PM,2495619,3f4042a8e3a7eed14dbd230d4e6ff9af,2023-09-08T12:00:00+0200,2023-09-08T12:00:00+0200,media,unclassified,,,,,
1986,PMR3-KB02PM,2495620,ce07cca388e18db4d3dddf89c2dc6939,2023-09-09T12:00:00+0200,2023-09-09T12:00:00+0200,media,unclassified,,,,,
1987,PMR3-KB02PM,2495621,9cf6e45c4c6d1548772e9f7ba702071a,2023-09-10T12:00:00+0200,2023-09-10T12:00:00+0200,media,unclassified,,,,,
1988,PMR3-KB02PM,2495622,07af070cdf9486d770903359b3a45bbe,2023-09-11T12:00:00+0200,2023-09-11T12:00:00+0200,media,unclassified,,,,,
1989,PMR3-KB02PM,2495623,31012f5ad3f9f4f6318b0418f1f45cc3,2023-09-11T18:52:14+0200,2023-09-11T18:52:14+0200,media,animal,,Alces alces,1,human,2023-10-30T13:57:40+0000
1990,PMR3-KB02PM,2495624,31012f5ad3f9f4f6318b0418f1f45cc3,2023-09-11T18:52:22+0200,2023-09-11T18:52:22+0200,media,animal,,Alces alces,1,human,2023-10-30T13:57:40+0000
1991,PMR3-KB02PM,2495625,32dfaf75afc307b0152ed060e2197bd5,2023-09-12T12:00:00+0200,2023-09-12T12:00:00+0200,media,unclassified,,,,,
1992,PMR3-KB02PM,2495626,de8bb4b0b4c1e015b66f75a6b06904a3,2023-09-13T12:00:00+0200,2023-09-13T12:00:00+0200,media,unclassified,,,,,
1993,PMR3-KB02PM,2495627,56a00e0c75d028bf80b729f4703edf6f,2023-09-14T12:00:00+0200,2023-09-14T12:00:00+0200,media,unclassified,,,,,
1994,PMR3-KB02PM,2495628,14aaf7501506778fb0a51c986083cfdc,2023-09-15T12:00:00+0200,2023-09-15T12:00:00+0200,media,unclassified,,,,,
1995,PMR3-KB02PM,2495629,a5bc5fb620216c034a5eeb119d5e89e0,2023-09-16T12:00:00+0200,2023-09-16T12:00:00+0200,media,unclassified,,,,,
1996,PMR3-KB02PM,2495630,eb4ec26745a1128e38133cfc824c7b08,2023-09-17T12:00:00+0200,2023-09-17T12:00:00+0200,media,unclassified,,,,,
1997,PMR3-KB02PM,2495631,3af30a93aba4f45cfdc94e9dc5120e18,2023-09-18T12:00:00+0200,2023-09-18T12:00:00+0200,media,unclassified,,,,,
1998,PMR3-KB02PM,2495632,21f20b099c0adaa9e9bd085a8409a7f1,2023-09-19T12:00:00+0200,2023-09-19T12:00:00+0200,media,unclassified,,,,,
1999,PMR3-KB02PM,2495633,f545992947c75435752db58c9299eb98,2023-09-20T12:00:00+0200,2023-09-20T12:00:00+0200,media,unclassified,,,,,
2000,PMR3-KB02PM,2495634,46f653e5fbe39bf17aca1ee21631ce5d,2023-09-21T12:00:00+0200,2023-09-21T12:00:00+0200,media,unclassified,,,,,
2001,PMR3-KB02PM,2495635,bcb0a0966dd3b3ce478ddc238e3bb77e,2023-09-22T12:00:00+0200,2023-09-22T12:00:00+0200,media,unclassified,,,,,
2002,PMR3-KB02PM,2495636,163639c2177bc49e3573714b14e69c45,2023-09-23T12:00:00+0200,2023-09-23T12:00:00+0200,media,unclassified,,,,,
2003,PMR3-KB02PM,2495637,e9341ed36b827b051f1e2498e71cf61b,2023-09-24T12:00:00+0200,2023-09-24T12:00:00+0200,media,unclassified,,,,,
2004,PMR3-KB02PM,2495638,2177e27b994c29534b335b27899453f0,2023-09-25T12:00:00+0200,2023-09-25T12:00:00+0200,media,unclassified,,,,,
2005,PMR3-KB02PM,2495639,3872aab976df037147965a25b526a557,2023-09-26T12:00:00+0200,2023-09-26T12:00:00+0200,media,unclassified,,,,,
2006,PMR3-KB02PM,2495640,06264d465b9c0ae995be2a0a744da263,2023-09-27T12:00:00+0200,2023-09-27T12:00:00+0200,media,unclassified,,,,,
2007,PMR3-KB02PM,2495641,e7e62ee8de13d31309c7686e17d7e957,2023-09-28T12:00:00+0200,2023-09-28T12:00:00+0200,media,unclassified,,,,,
2008,PMR3-KB02PM,2495642,1c8888f55338c61654756d67f6c786e3,2023-09-28T15:33:14+0200,2023-09-28T15:33:14+0200,media,human,,Homo sapiens,1,human,2023-10-31T10:37:43+0000
2009,PMR3-KB02PM,2495643,1c8888f55338c61654756d67f6c786e3,2023-09-28T15:33:22+0200,2023-09-28T15:33:22+0200,media,blank,,,,human,2023-10-31T10:37:52+0000
2010,PMR3-KB02PM,2495644,1e2f627d472a986c465ce81a748261c9,2023-09-29T12:00:00+0200,2023-09-29T12:00:00+0200,media,unclassified,,,,,
2011,PMR3-KB02PM,2495645,5b57d82ca28d82c79899b5aaa9ec9b6e,2023-09-30T12:00:00+0200,2023-09-30T12:00:00+0200,media,unclassified,,,,,
2012,PMR3-KB02PM,2495646,2bf110a0bc4a8993700dc96a1e5219e9,2023-10-01T12:00:00+0200,2023-10-01T12:00:00+0200,media,unclassified,,,,,
2013,PMR3-KB02PM,2495647,9f93db29b8474393d0c5f13d7c2987f1,2023-10-02T02:47:24+0200,2023-10-02T02:47:24+0200,media,animal,,Alces alces,1,human,2023-10-31T10:42:48+0000
2014,PMR3-KB02PM,2495648,6c95238b45ac3e3006754e24a277810d,2023-10-02T12:00:00+0200,2023-10-02T12:00:00+0200,media,unclassified,,,,,
2015,PMR3-KB02PM,2495649,272b420b3419720f86c4d8d0136fde02,2023-10-03T11:15:48+0200,2023-10-03T11:15:48+0200,media,animal,,Other,1,human,2023-10-31T12:00:02+0000
2016,PMR3-KB02PM,2495650,272b420b3419720f86c4d8d0136fde02,2023-10-03T11:15:56+0200,2023-10-03T11:15:56+0200,media,animal,,Other,1,human,2023-10-31T12:00:02+0000
2017,PMR3-KB02PM,2495651,42edf885e7dc37b7d97896f74c4ee50f,2023-10-03T11:36:34+0200,2023-10-03T11:36:34+0200,media,human,setup,Homo sapiens,1,human,2023-10-31T12:00:11+0000
2018,PMR3-KB03PM,2495652,a3802f7a99b2934f300e55fb20f1e109,2023-09-05T14:57:08+0200,2023-09-05T14:57:08+0200,media,human,setup,Homo sapiens,1,human,2023-10-30T09:48:13+0000
2019,PMR3-KB03PM,2495653,f6b7b7ed8cdbd07c3ce791ad9bd308e3,2023-09-06T12:00:00+0200,2023-09-06T12:00:00+0200,media,unclassified,,,,,
2020,PMR3-KB03PM,2495654,643555cb9f2003b69641198a804d2121,2023-09-07T12:00:00+0200,2023-09-07T12:00:00+0200,media,unclassified,,,,,
2021,PMR3-KB03PM,2495655,257d2a746b224b929094b54bbd4daac3,2023-09-08T12:00:00+0200,2023-09-08T12:00:00+0200,media,unclassified,,,,,
2022,PMR3-KB03PM,2495656,50e52291b6279d23e35db06e3ff0c27c,2023-09-09T12:00:00+0200,2023-09-09T12:00:00+0200,media,unclassified,,,,,
2023,PMR3-KB03PM,2495657,a9258b6601fbd2bd2b53091e5e7734d9,2023-09-10T12:00:00+0200,2023-09-10T12:00:00+0200,media,unclassified,,,,,
2024,PMR3-KB03PM,2495658,861a3e5694d0fa9f7a195fda050ed1b8,2023-09-11T12:00:00+0200,2023-09-11T12:00:00+0200,media,unclassified,,,,,
2025,PMR3-KB03PM,2495659,fa113970d16c31090738ad24dc5a6613,2023-09-12T12:00:00+0200,2023-09-12T12:00:00+0200,media,unclassified,,,,,
2026,PMR3-KB03PM,2495660,100a72e39e24ea3cd4b2a7ef20716bba,2023-09-13T12:00:00+0200,2023-09-13T12:00:00+0200,media,unclassified,,,,,
2027,PMR3-KB03PM,2495661,d6e486a7fc3fd3223eb48271ebeb7dde,2023-09-14T12:00:00+0200,2023-09-14T12:00:00+0200,media,unclassified,,,,,
2028,PMR3-KB03PM,2495662,9fb9b68dd5a7f47f10462d1cbd8866d4,2023-09-15T12:00:00+0200,2023-09-15T12:00:00+0200,media,unclassified,,,,,
2029,PMR3-KB03PM,2495663,7610b9d7b9e92b0ecdabac52c6e55bd8,2023-09-16T12:00:00+0200,2023-09-16T12:00:00+0200,media,unclassified,,,,,
2030,PMR3-KB03PM,2495664,80f1f57838b05f25edf6561c16412c36,2023-09-17T12:00:00+0200,2023-09-17T12:00:00+0200,media,unclassified,,,,,
2031,PMR3-KB03PM,2495665,c866c816d98a2c64d90ca11610716c9e,2023-09-18T12:00:00+0200,2023-09-18T12:00:00+0200,media,unclassified,,,,,
2032,PMR3-KB03PM,2495666,7725826073b9020fcdfadc2979fd13d2,2023-09-19T12:00:00+0200,2023-09-19T12:00:00+0200,media,unclassified,,,,,
2033,PMR3-KB03PM,2495667,5bddeb8c752df5eb481ffad169baef0a,2023-09-20T12:00:00+0200,2023-09-20T12:00:00+0200,media,unclassified,,,,,
2034,PMR3-KB03PM,2495668,5a147fd2e31f9d3691e7b49444b46c03,2023-09-21T12:00:00+0200,2023-09-21T12:00:00+0200,media,unclassified,,,,,
2035,PMR3-KB03PM,2495669,1b0f71601c3cc1f54b28b57df85573df,2023-09-22T12:00:00+0200,2023-09-22T12:00:00+0200,media,unclassified,,,,,
2036,PMR3-KB03PM,2495670,7ad3131b56d98f4935b48be61e3b9be1,2023-09-23T12:00:00+0200,2023-09-23T12:00:00+0200,media,unclassified,,,,,
2037,PMR3-KB03PM,2495671,03c627269d3fd60f06d34a5c804bbe6a,2023-09-24T12:00:00+0200,2023-09-24T12:00:00+0200,media,unclassified,,,,,
2038,PMR3-KB03PM,2495672,0b71e273238f2e87288b7753a140854d,2023-09-25T12:00:00+0200,2023-09-25T12:00:00+0200,media,unclassified,,,,,
2039,PMR3-KB03PM,2495673,9ce44eb411241cfda000f65cdb2c5aaf,2023-09-26T12:00:00+0200,2023-09-26T12:00:00+0200,media,unclassified,,,,,
2040,PMR3-KB03PM,2495674,98186b93890e59eb7a379f9869bbc027,2023-09-27T12:00:00+0200,2023-09-27T12:00:00+0200,media,unclassified,,,,,
2041,PMR3-KB03PM,2495675,e1876d577ab7ddb381605f5bbca5ccb5,2023-09-28T12:00:00+0200,2023-09-28T12:00:00+0200,media,unclassified,,,,,
2042,PMR3-KB03PM,2495676,bfca2dc234d14f67bdfae7ced9891b01,2023-09-29T12:00:00+0200,2023-09-29T12:00:00+0200,media,unclassified,,,,,
2043,PMR3-KB03PM,2495677,b5ecec9bb2d0ceef1e180d256b7155d8,2023-09-30T12:00:00+0200,2023-09-30T12:00:00+0200,media,unclassified,,,,,
2044,PMR3-KB03PM,2495678,a9241b9e1d05e639f5565f96e5987e25,2023-10-01T12:00:00+0200,2023-10-01T12:00:00+0200,media,unclassified,,,,,
2045,PMR3-KB03PM,2495679,6e7d6f54be136db3a44e3539715b5578,2023-10-02T00:21:24+0200,2023-10-02T00:21:24+0200,media,blank,,,,human,2023-10-31T10:42:29+0000
2046,PMR3-KB03PM,2495680,63ac8186184df68bf0132eea9c44d709,2023-10-02T08:03:30+0200,2023-10-02T08:03:30+0200,media,animal,,Tetrastes bonasia,1,human,2023-10-31T10:45:52+0000
2047,PMR3-KB03PM,2495681,63ac8186184df68bf0132eea9c44d709,2023-10-02T08:03:38+0200,2023-10-02T08:03:38+0200,media,blank,,,,human,2023-10-31T10:45:59+0000
2048,PMR3-KB03PM,2495682,63ac8186184df68bf0132eea9c44d709,2023-10-02T08:03:50+0200,2023-10-02T08:03:50+0200,media,blank,,,,human,2023-10-31T10:46:07+0000
2049,PMR3-KB03PM,2495683,7206de4bb76a7105a6242bb9ec544cc3,2023-10-02T11:29:30+0200,2023-10-02T11:29:30+0200,media,human,setup,Homo sapiens,1,human,2023-10-31T11:54:22+0000
2050,PMR3-KB03PM,2495684,7206de4bb76a7105a6242bb9ec544cc3,2023-10-02T11:29:46+0200,2023-10-02T11:29:46+0200,media,human,setup,Homo sapiens,1,human,2023-10-31T11:54:22+0000
2051,PMR3-KB03PM,2495685,7206de4bb76a7105a6242bb9ec544cc3,2023-10-02T11:30:00+0200,2023-10-02T11:30:00+0200,media,human,setup,Homo sapiens,1,human,2023-10-31T11:54:22+0000
2052,PMR3-KB03PM,2495686,7206de4bb76a7105a6242bb9ec544cc3,2023-10-02T11:30:26+0200,2023-10-02T11:30:26+0200,media,blank,setup,,,human,2023-10-31T11:54:31+0000
2053,PMR3-KB04PM,2495687,1620bcd4bdf8ff35b53c7441fbd347df,2023-09-04T11:21:52+0200,2023-09-04T11:21:52+0200,media,human,setup,Homo sapiens,1,human,2023-10-30T09:14:20+0000
2054,PMR3-KB04PM,2495688,1620bcd4bdf8ff35b53c7441fbd347df,2023-09-04T11:22:00+0200,2023-09-04T11:22:00+0200,media,human,setup,Homo sapiens,1,human,2023-10-30T09:14:20+0000
2055,PMR3-KB04PM,2495689,1620bcd4bdf8ff35b53c7441fbd347df,2023-09-04T11:22:44+0200,2023-09-04T11:22:44+0200,media,human,setup,Homo sapiens,1,human,2023-10-30T09:14:20+0000
2056,PMR3-KB04PM,2495690,37aa661d633e37a533616a152a7aea2e,2023-09-04T12:00:00+0200,2023-09-04T12:00:00+0200,media,unclassified,,,,,
2057,PMR3-KB04PM,2495691,cdcfad29120bb9e84c2b45683c2767ed,2023-09-05T01:00:58+0200,2023-09-05T01:00:58+0200,media,animal,,Martes martes,1,human,2023-10-30T09:29:21+0000
2058,PMR3-KB04PM,2495692,cdcfad29120bb9e84c2b45683c2767ed,2023-09-05T01:01:04+0200,2023-09-05T01:01:04+0200,media,animal,,Martes martes,1,human,2023-10-30T09:29:21+0000
2059,PMR3-KB04PM,2495693,68fe8e3910acbdd7609cfe4575045ca1,2023-09-05T12:00:00+0200,2023-09-05T12:00:00+0200,media,unclassified,,,,,
2060,PMR3-KB04PM,2495694,3a70a91fc26d2af442df715b37509902,2023-09-06T12:00:00+0200,2023-09-06T12:00:00+0200,media,unclassified,,,,,
2061,PMR3-KB04PM,2495695,91de086705398674c73addd0d8047561,2023-09-07T12:00:00+0200,2023-09-07T12:00:00+0200,media,unclassified,,,,,
2062,PMR3-KB04PM,2495696,6f1ea1105e577a1f86d84c1cbea9ebe2,2023-09-08T12:00:00+0200,2023-09-08T12:00:00+0200,media,unclassified,,,,,
2063,PMR3-KB04PM,2495697,c6696eb5e9b320546f57d31db4267d51,2023-09-09T12:00:00+0200,2023-09-09T12:00:00+0200,media,unclassified,,,,,
2064,PMR3-KB04PM,2495698,12d4dab4ee8c18d09dde1d4927861121,2023-09-10T12:00:00+0200,2023-09-10T12:00:00+0200,media,unclassified,,,,,
2065,PMR3-KB04PM,2495699,a1028f189df46eddc6594fee6dd3b11d,2023-09-11T12:00:00+0200,2023-09-11T12:00:00+0200,media,unclassified,,,,,
2066,PMR3-KB04PM,2495700,1609535d759c987786d60cd285679a45,2023-09-12T12:00:00+0200,2023-09-12T12:00:00+0200,media,unclassified,,,,,
2067,PMR3-KB04PM,2495701,b2eb7a50d36520561b755c25cba5e563,2023-09-13T12:00:00+0200,2023-09-13T12:00:00+0200,media,unclassified,,,,,
2068,PMR3-KB04PM,2495702,8bc57f9b3f0c88917d8b56c93e142f76,2023-09-14T12:00:00+0200,2023-09-14T12:00:00+0200,media,unclassified,,,,,
2069,PMR3-KB04PM,2495703,a3ac807ca9ea02c4c09dd8da967aaa2e,2023-09-15T12:00:00+0200,2023-09-15T12:00:00+0200,media,unclassified,,,,,
2070,PMR3-KB04PM,2495704,72fbab2555c519cce4806a2ce1bf7ce5,2023-09-16T12:00:00+0200,2023-09-16T12:00:00+0200,media,unclassified,,,,,
2071,PMR3-KB04PM,2495705,73c9c506ecdeae8c1d3b3cd8c9d7ab6d,2023-09-17T12:00:00+0200,2023-09-17T12:00:00+0200,media,unclassified,,,,,
2072,PMR3-KB04PM,2495706,275a156fa4d27d5b8bb9ea4050ececa7,2023-09-18T12:00:00+0200,2023-09-18T12:00:00+0200,media,unclassified,,,,,
2073,PMR3-KB04PM,2495707,2ce779065c24509b71f132e5a2cfa292,2023-09-19T12:00:00+0200,2023-09-19T12:00:00+0200,media,unclassified,,,,,
2074,PMR3-KB04PM,2495708,dcaa2d37abdfe0ad1a87b0c8d136d8fc,2023-09-20T12:00:00+0200,2023-09-20T12:00:00+0200,media,unclassified,,,,,
2075,PMR3-KB04PM,2495709,a04b4bde39bf7c3a15397a180dc564c7,2023-09-21T12:00:00+0200,2023-09-21T12:00:00+0200,media,unclassified,,,,,
2076,PMR3-KB04PM,2495710,8f1c10d428d7e1df11056e110c3a3d5a,2023-09-22T12:00:00+0200,2023-09-22T12:00:00+0200,media,unclassified,,,,,
2077,PMR3-KB04PM,2495711,ccdba2788811631911627ae1239b00e8,2023-09-23T12:00:00+0200,2023-09-23T12:00:00+0200,media,unclassified,,,,,
2078,PMR3-KB04PM,2495712,32e9dfcf2af8fc17d33879f2d16a6d13,2023-09-24T12:00:00+0200,2023-09-24T12:00:00+0200,media,unclassified,,,,,
2079,PMR3-KB04PM,2495713,7f268c36187cea6dd142474830cb3a72,2023-09-25T12:00:00+0200,2023-09-25T12:00:00+0200,media,unclassified,,,,,
2080,PMR3-KB04PM,2495714,af840daef7dccfa6ec89fdf2a99415a1,2023-09-26T12:00:00+0200,2023-09-26T12:00:00+0200,media,unclassified,,,,,
2081,PMR3-KB04PM,2495715,536bc9da373474806e770c48d4f5c2a8,2023-09-27T12:00:00+0200,2023-09-27T12:00:00+0200,media,unclassified,,,,,
2082,PMR3-KB04PM,2495716,21d72141df4d7367a31d77b9bde76c18,2023-09-28T12:00:00+0200,2023-09-28T12:00:00+0200,media,unclassified,,,,,
2083,PMR3-KB04PM,2495717,0526756e280e163ff480b6efdd06db62,2023-09-29T12:00:00+0200,2023-09-29T12:00:00+0200,media,unclassified,,,,,
2084,PMR3-KB04PM,2495718,9dcf908e2761e3a02b81a3b6e4a0222c,2023-09-30T12:00:00+0200,2023-09-30T12:00:00+0200,media,unclassified,,,,,
2085,PMR3-KB04PM,2495719,42d5cf59eaa2ea7a5be8afa6ec2d23ed,2023-10-01T12:00:00+0200,2023-10-01T12:00:00+0200,media,unclassified,,,,,
2086,PMR3-KB04PM,2495720,4185b07f65c1212e9ef0b3fed92b7c81,2023-10-02T12:00:00+0200,2023-10-02T12:00:00+0200,media,unclassified,,,,,
2087,PMR3-KB04PM,2495721,db5f0a4389dfc8e6ffb4dbb9fd86c0fe,2023-10-02T20:29:26+0200,2023-10-02T20:29:26+0200,media,animal,,Martes martes,1,human,2023-10-31T11:57:26+0000
2088,PMR3-KB04PM,2495722,db5f0a4389dfc8e6ffb4dbb9fd86c0fe,2023-10-02T20:29:34+0200,2023-10-02T20:29:34+0200,media,animal,,Martes martes,1,human,2023-10-31T11:57:26+0000
2089,PMR3-KB04PM,2495723,f82cff415aebd2c51f21f775ca703134,2023-10-03T12:00:00+0200,2023-10-03T12:00:00+0200,media,unclassified,,,,,
2090,PMR3-KB04PM,2495724,95bf9da7c6f932e7d39195b317ae882e,2023-10-03T12:40:32+0200,2023-10-03T12:40:32+0200,media,human,setup,Homo sapiens,1,human,2023-10-31T12:01:08+0000
2091,PMR3-KB04PM,2495725,95bf9da7c6f932e7d39195b317ae882e,2023-10-03T12:40:40+0200,2023-10-03T12:40:40+0200,media,human,setup,Homo sapiens,1,human,2023-10-31T12:01:08+0000
2092,PMR3-KB04PM,2495726,95bf9da7c6f932e7d39195b317ae882e,2023-10-03T12:40:54+0200,2023-10-03T12:40:54+0200,media,human,setup,Homo sapiens,1,human,2023-10-31T12:01:08+0000
2093,PMR3-KB05PM,2495727,2ab3cdaaf67fefe8475222f38176b481,2023-09-04T12:28:44+0200,2023-09-04T12:28:44+0200,media,human,setup,Homo sapiens,1,human,2023-10-30T09:15:57+0000
2094,PMR3-KB05PM,2495728,2ab3cdaaf67fefe8475222f38176b481,2023-09-04T12:30:20+0200,2023-09-04T12:30:20+0200,media,human,setup,Homo sapiens,1,human,2023-10-30T09:15:57+0000
2095,PMR3-KB05PM,2495729,2ab3cdaaf67fefe8475222f38176b481,2023-09-04T12:30:30+0200,2023-09-04T12:30:30+0200,media,human,setup,Homo sapiens,1,human,2023-10-30T09:15:57+0000
2096,PMR3-KB05PM,2495730,56fc966d1c3ca8caac91a54736f0cc4d,2023-09-05T10:07:54+0200,2023-09-05T10:07:54+0200,media,animal,,Garrulus glandarius,1,human,2023-10-30T09:29:47+0000
2097,PMR3-KB05PM,2495731,4a75114b000385e5d5f79348c41f1496,2023-09-05T12:00:00+0200,2023-09-05T12:00:00+0200,media,unclassified,,,,,
2098,PMR3-KB05PM,2495732,e9ae82e7e4d828c8feaed047d3f09f4d,2023-09-06T12:00:00+0200,2023-09-06T12:00:00+0200,media,unclassified,,,,,
2099,PMR3-KB05PM,2495733,aa2746a6e7ad004ea6941c6446a85e6b,2023-09-07T12:00:00+0200,2023-09-07T12:00:00+0200,media,unclassified,,,,,
2100,PMR3-KB05PM,2495734,583702be1cb0f08eda23c5aa07129372,2023-09-08T12:00:00+0200,2023-09-08T12:00:00+0200,media,unclassified,,,,,
2101,PMR3-KB05PM,2495735,14fb867caf25a0535e8100cad13c49b0,2023-09-09T12:00:00+0200,2023-09-09T12:00:00+0200,media,unclassified,,,,,
2102,PMR3-KB05PM,2495736,d8722f66070d54b7fd40f8cb401b275e,2023-09-10T12:00:00+0200,2023-09-10T12:00:00+0200,media,unclassified,,,,,
2103,PMR3-KB05PM,2495737,28baa8ad97a1466d47d8079eeee9d234,2023-09-11T12:00:00+0200,2023-09-11T12:00:00+0200,media,unclassified,,,,,
2104,PMR3-KB05PM,2495738,af24275b52bd53eb535918602f019793,2023-09-12T12:00:00+0200,2023-09-12T12:00:00+0200,media,unclassified,,,,,
2105,PMR3-KB05PM,2495739,33c1468d7359c60f5e3964be3b376cdb,2023-09-13T12:00:00+0200,2023-09-13T12:00:00+0200,media,unclassified,,,,,
2106,PMR3-KB05PM,2495740,84630fada6e976afb4f28d0e9dc3f941,2023-09-14T12:00:00+0200,2023-09-14T12:00:00+0200,media,unclassified,,,,,
2107,PMR3-KB05PM,2495741,052e5bef55b5b522ea5d68c63b4a9fdb,2023-09-15T12:00:00+0200,2023-09-15T12:00:00+0200,media,unclassified,,,,,
2108,PMR3-KB05PM,2495742,a0e458260c2d2942fcbe4b18d2168654,2023-09-16T12:00:00+0200,2023-09-16T12:00:00+0200,media,unclassified,,,,,
2109,PMR3-KB05PM,2495743,3c3ea1e55d95bc1cd304ec2bd113e26e,2023-09-17T12:00:00+0200,2023-09-17T12:00:00+0200,media,unclassified,,,,,
2110,PMR3-KB05PM,2495744,22245da63bbab070bea47109265876ee,2023-09-18T12:00:00+0200,2023-09-18T12:00:00+0200,media,unclassified,,,,,
2111,PMR3-KB05PM,2495745,9e0d38da13317bf859318d0a6345a7e3,2023-09-19T12:00:00+0200,2023-09-19T12:00:00+0200,media,unclassified,,,,,
2112,PMR3-KB05PM,2495746,041ee5339daf51f815c3fa3f71ed2296,2023-09-20T12:00:00+0200,2023-09-20T12:00:00+0200,media,unclassified,,,,,
2113,PMR3-KB05PM,2495747,46432c2d924e6387c28feb9bfcbb053b,2023-09-20T16:24:44+0200,2023-09-20T16:24:44+0200,media,animal,,Canis familiaris,1,human,2023-10-31T10:21:41+0000
2114,PMR3-KB05PM,2495747,46432c2d924e6387c28feb9bfcbb053b,2023-09-20T16:24:44+0200,2023-09-20T16:24:44+0200,media,human,,Homo sapiens,1,human,2023-10-31T10:21:41+0000
2115,PMR3-KB05PM,2495748,7fce941c17588a8875f9a1680bb7b441,2023-09-21T12:00:00+0200,2023-09-21T12:00:00+0200,media,unclassified,,,,,
2116,PMR3-KB05PM,2495749,c0c99d60a564bb54d9ce21376b7d710d,2023-09-22T12:00:00+0200,2023-09-22T12:00:00+0200,media,unclassified,,,,,
2117,PMR3-KB05PM,2495750,88c202464bc02b38ea77ac1bea7afb5a,2023-09-23T12:00:00+0200,2023-09-23T12:00:00+0200,media,unclassified,,,,,
2118,PMR3-KB05PM,2495751,5237c0a65f064f8437c9661d492b55ab,2023-09-24T12:00:00+0200,2023-09-24T12:00:00+0200,media,unclassified,,,,,
2119,PMR3-KB05PM,2495752,90b391e891c35fee45cb6b3c2b594a97,2023-09-25T12:00:00+0200,2023-09-25T12:00:00+0200,media,unclassified,,,,,
2120,PMR3-KB05PM,2495753,76ae510de489e604fe5c973f003e6e03,2023-09-26T12:00:00+0200,2023-09-26T12:00:00+0200,media,unclassified,,,,,
2121,PMR3-KB05PM,2495754,0db1bc3d43a14f24ea07f828fe6f7c1c,2023-09-27T12:00:00+0200,2023-09-27T12:00:00+0200,media,unclassified,,,,,
2122,PMR3-KB05PM,2495755,7f838196b8fe91ef4fbbfc89a240ab48,2023-09-28T12:00:00+0200,2023-09-28T12:00:00+0200,media,unclassified,,,,,
2123,PMR3-KB05PM,2495756,2814561817495e6aab8d49ed010bfa25,2023-09-29T12:00:00+0200,2023-09-29T12:00:00+0200,media,unclassified,,,,,
2124,PMR3-KB05PM,2495757,e32912a0fa145bd2cd0a0fcf0c2f47ff,2023-09-30T12:00:00+0200,2023-09-30T12:00:00+0200,media,unclassified,,,,,
2125,PMR3-KB05PM,2495758,c283e471f549c9501116904aa8c1030e,2023-10-01T12:00:00+0200,2023-10-01T12:00:00+0200,media,unclassified,,,,,
2126,PMR3-KB05PM,2495759,a959dc5bc7e2acf24a74019f757b1d1a,2023-10-02T12:00:00+0200,2023-10-02T12:00:00+0200,media,unclassified,,,,,
2127,PMR3-KB05PM,2495760,12fc476254a48b88ccf21b127435cb55,2023-10-03T12:00:00+0200,2023-10-03T12:00:00+0200,media,unclassified,,,,,
2128,PMR3-KB05PM,2495761,c22e7017679c839f333a5a38fa2f77ec,2023-10-03T13:23:24+0200,2023-10-03T13:23:24+0200,media,human,setup,Homo sapiens,2,human,2023-10-31T12:01:38+0000
2129,PMR3-KB05PM,2495762,c22e7017679c839f333a5a38fa2f77ec,2023-10-03T13:26:48+0200,2023-10-03T13:26:48+0200,media,human,setup,Homo sapiens,1,human,2023-10-31T12:01:47+0000
2130,PMR3-KB06PM,2495763,2c13038636918463e9f38914f8762fb7,2023-09-04T14:35:10+0200,2023-09-04T14:35:10+0200,media,human,setup,Homo sapiens,1,human,2023-10-30T09:19:00+0000
2131,PMR3-KB06PM,2495764,2c13038636918463e9f38914f8762fb7,2023-09-04T14:35:58+0200,2023-09-04T14:35:58+0200,media,human,setup,Homo sapiens,1,human,2023-10-30T09:19:00+0000
2132,PMR3-KB06PM,2495765,2c13038636918463e9f38914f8762fb7,2023-09-04T14:36:12+0200,2023-09-04T14:36:12+0200,media,human,setup,Homo sapiens,1,human,2023-10-30T09:19:00+0000
2133,PMR3-KB06PM,2495766,2c13038636918463e9f38914f8762fb7,2023-09-04T14:36:30+0200,2023-09-04T14:36:30+0200,media,human,setup,Homo sapiens,1,human,2023-10-30T09:19:00+0000
2134,PMR3-KB06PM,2495767,2c13038636918463e9f38914f8762fb7,2023-09-04T14:36:38+0200,2023-09-04T14:36:38+0200,media,human,setup,Homo sapiens,1,human,2023-10-30T09:19:00+0000
2135,PMR3-KB06PM,2495768,2c13038636918463e9f38914f8762fb7,2023-09-04T14:36:52+0200,2023-09-04T14:36:52+0200,media,human,setup,Homo sapiens,1,human,2023-10-30T09:19:00+0000
2136,PMR3-KB06PM,2495769,2c13038636918463e9f38914f8762fb7,2023-09-04T14:37:02+0200,2023-09-04T14:37:02+0200,media,blank,setup,,,human,2023-10-30T09:19:34+0000
2137,PMR3-KB06PM,2495770,2c13038636918463e9f38914f8762fb7,2023-09-04T14:37:12+0200,2023-09-04T14:37:12+0200,media,blank,setup,,,human,2023-10-30T09:19:34+0000
2138,PMR3-KB06PM,2495771,2c13038636918463e9f38914f8762fb7,2023-09-04T14:37:24+0200,2023-09-04T14:37:24+0200,media,blank,setup,,,human,2023-10-30T09:19:34+0000
2139,PMR3-KB06PM,2495772,2c13038636918463e9f38914f8762fb7,2023-09-04T14:37:44+0200,2023-09-04T14:37:44+0200,media,human,setup,Homo sapiens,1,human,2023-10-30T09:19:00+0000
2140,PMR3-KB06PM,2495773,c429d81c632b8d34086c4e508fd6e332,2023-09-05T12:00:00+0200,2023-09-05T12:00:00+0200,media,unclassified,,,,,
2141,PMR3-KB06PM,2495774,38a51f44bdd27d224b67201a2ee74a10,2023-09-06T12:00:00+0200,2023-09-06T12:00:00+0200,media,unclassified,,,,,
2142,PMR3-KB06PM,2495775,83b04fda07ed11b4cf0b1a1468fe8452,2023-09-07T12:00:00+0200,2023-09-07T12:00:00+0200,media,unclassified,,,,,
2143,PMR3-KB06PM,2495776,a8e751496437fc4862f2c05bbde0a1fa,2023-09-08T06:38:30+0200,2023-09-08T06:38:30+0200,media,animal,,Garrulus glandarius,1,human,2023-10-30T12:49:00+0000
2144,PMR3-KB06PM,2495777,cc4a5dcfba863e400e11e728a4a42d00,2023-09-08T12:00:00+0200,2023-09-08T12:00:00+0200,media,unclassified,,,,,
2145,PMR3-KB06PM,2495778,bdde881dc9b75a5c4407bc836e02a735,2023-09-09T12:00:00+0200,2023-09-09T12:00:00+0200,media,unclassified,,,,,
2146,PMR3-KB06PM,2495779,f390c0b4d274d574e44dc135e08258ed,2023-09-10T12:00:00+0200,2023-09-10T12:00:00+0200,media,unclassified,,,,,
2147,PMR3-KB06PM,2495780,5147102d1657c5c62434af66ea0a86bd,2023-09-11T12:00:00+0200,2023-09-11T12:00:00+0200,media,unclassified,,,,,
2148,PMR3-KB06PM,2495781,00bfce52e890134c6d81460027d95103,2023-09-12T12:00:00+0200,2023-09-12T12:00:00+0200,media,unclassified,,,,,
2149,PMR3-KB06PM,2495782,c692dde12ad7e49d5a0f86e662251525,2023-09-13T12:00:00+0200,2023-09-13T12:00:00+0200,media,unclassified,,,,,
2150,PMR3-KB06PM,2495783,89abbff6a72f660c93a9debf93fa27f8,2023-09-14T12:00:00+0200,2023-09-14T12:00:00+0200,media,unclassified,,,,,
2151,PMR3-KB06PM,2495784,818e5ce0bb4049a59fcdce27081deb48,2023-09-15T12:00:00+0200,2023-09-15T12:00:00+0200,media,unclassified,,,,,
2152,PMR3-KB06PM,2495785,68655c4a4db3dd35a4d70b347a5ae402,2023-09-16T12:00:00+0200,2023-09-16T12:00:00+0200,media,unclassified,,,,,
2153,PMR3-KB06PM,2495786,d7f8a880543719e976b2d477a365de51,2023-09-17T12:00:00+0200,2023-09-17T12:00:00+0200,media,unclassified,,,,,
2154,PMR3-KB06PM,2495787,d3d3c000236e10a02c576c7c3cb80d14,2023-09-18T12:00:00+0200,2023-09-18T12:00:00+0200,media,unclassified,,,,,
2155,PMR3-KB06PM,2495788,deaf56c62ced72a4be020627e0c5ab99,2023-09-19T12:00:00+0200,2023-09-19T12:00:00+0200,media,unclassified,,,,,
2156,PMR3-KB06PM,2495789,28463ed0d61609e4539545a9f17fda07,2023-09-20T12:00:00+0200,2023-09-20T12:00:00+0200,media,unclassified,,,,,
2157,PMR3-KB06PM,2495790,d159aaaa0c522533b6f8b446b0b22983,2023-09-21T12:00:00+0200,2023-09-21T12:00:00+0200,media,unclassified,,,,,
2158,PMR3-KB06PM,2495791,3bb33392d93769e7f5f8e3ab25a1c387,2023-09-22T12:00:00+0200,2023-09-22T12:00:00+0200,media,unclassified,,,,,
2159,PMR3-KB06PM,2495792,7e7de730fe242f20d7e71d3e6314d38d,2023-09-23T12:00:00+0200,2023-09-23T12:00:00+0200,media,unclassified,,,,,
2160,PMR3-KB06PM,2495793,1d155ed116d1b7eb7256a1b330a0b4d3,2023-09-24T12:00:00+0200,2023-09-24T12:00:00+0200,media,unclassified,,,,,
2161,PMR3-KB06PM,2495794,c8492a94fd7e0166e2cd598d0bd1b70b,2023-09-25T12:00:00+0200,2023-09-25T12:00:00+0200,media,unclassified,,,,,
2162,PMR3-KB06PM,2495795,59619721c4a7d2fa7e3123c2a4c194d4,2023-09-26T12:00:00+0200,2023-09-26T12:00:00+0200,media,unclassified,,,,,
2163,PMR3-KB06PM,2495796,2ac71bcfead694a4b3be76af20c3f7d7,2023-09-27T12:00:00+0200,2023-09-27T12:00:00+0200,media,unclassified,,,,,
2164,PMR3-KB06PM,2495797,10f863cc758cde37dfc579ab84ff2623,2023-09-28T12:00:00+0200,2023-09-28T12:00:00+0200,media,unclassified,,,,,
2165,PMR3-KB06PM,2495798,11ed86aa92db91ffeb653851b10b1177,2023-09-29T12:00:00+0200,2023-09-29T12:00:00+0200,media,unclassified,,,,,
2166,PMR3-KB06PM,2495799,c7500bfc7e3596fe3b027217041f6ff9,2023-09-30T12:00:00+0200,2023-09-30T12:00:00+0200,media,unclassified,,,,,
2167,PMR3-KB06PM,2495800,6f7ca36b06bc508f74a63b633675f5d8,2023-10-01T12:00:00+0200,2023-10-01T12:00:00+0200,media,unclassified,,,,,
2168,PMR3-KB06PM,2495801,a11e3e42f5c3d8872c884c6b6231cb3c,2023-10-02T12:00:00+0200,2023-10-02T12:00:00+0200,media,unclassified,,,,,
2169,PMR3-KB06PM,2495802,59b24c87fb8dc33271ea701bdbb63f39,2023-10-03T12:00:00+0200,2023-10-03T12:00:00+0200,media,unclassified,,,,,
2170,PMR3-KB06PM,2495803,a8c91279a763a6a4112a632b95640ba3,2023-10-03T15:06:16+0200,2023-10-03T15:06:16+0200,media,human,setup,Homo sapiens,1,human,2023-10-31T12:02:28+0000
2171,PMR3-KB07PM,2495804,31d12c5b3a5fe66cf6756ea554e1f98c,2023-09-05T16:12:48+0200,2023-09-05T16:12:48+0200,media,human,setup,Homo sapiens,1,human,2023-10-30T09:50:46+0000
2172,PMR3-KB07PM,2495805,31d12c5b3a5fe66cf6756ea554e1f98c,2023-09-05T16:14:08+0200,2023-09-05T16:14:08+0200,media,human,setup,Homo sapiens,1,human,2023-10-30T09:50:46+0000
2173,PMR3-KB07PM,2495806,31d12c5b3a5fe66cf6756ea554e1f98c,2023-09-05T16:14:16+0200,2023-09-05T16:14:16+0200,media,human,setup,Homo sapiens,1,human,2023-10-30T09:50:46+0000
2174,PMR3-KB07PM,2495807,f9690f4c311351c98893b5a004ebf6ca,2023-09-06T12:00:00+0200,2023-09-06T12:00:00+0200,media,unclassified,,,,,
2175,PMR3-KB07PM,2495808,8d6ee061f42297a41285935ee153361a,2023-09-07T12:00:00+0200,2023-09-07T12:00:00+0200,media,unclassified,,,,,
2176,PMR3-KB07PM,2495809,15d961418673209dc8d74c3b1c0d8d85,2023-09-08T12:00:00+0200,2023-09-08T12:00:00+0200,media,unclassified,,,,,
2177,PMR3-KB07PM,2495810,487f0977ab70126b2fa1b28b3dc097d7,2023-09-09T12:00:00+0200,2023-09-09T12:00:00+0200,media,unclassified,,,,,
2178,PMR3-KB07PM,2495811,0f1406eed869ebd26509a643e5d65258,2023-09-10T12:00:00+0200,2023-09-10T12:00:00+0200,media,unclassified,,,,,
2179,PMR3-KB07PM,2495812,d241129194ea33bd7ea993491a4cb966,2023-09-11T12:00:00+0200,2023-09-11T12:00:00+0200,media,unclassified,,,,,
2180,PMR3-KB07PM,2495813,84705084e8911cceded04ec37a34fdc6,2023-09-12T12:00:00+0200,2023-09-12T12:00:00+0200,media,unclassified,,,,,
2181,PMR3-KB07PM,2495814,e51bf6b799a2c036de2cdb8a04726aa9,2023-09-13T12:00:00+0200,2023-09-13T12:00:00+0200,media,unclassified,,,,,
2182,PMR3-KB07PM,2495815,11ab8feab249f80c050942d77c0fd4d1,2023-09-14T12:00:00+0200,2023-09-14T12:00:00+0200,media,unclassified,,,,,
2183,PMR3-KB07PM,2495816,36694efa65c864d9ec70af5f43ed79cb,2023-09-15T12:00:00+0200,2023-09-15T12:00:00+0200,media,unclassified,,,,,
2184,PMR3-KB07PM,2495817,0a8c59649918b1b68c7efdaa934a8378,2023-09-16T12:00:00+0200,2023-09-16T12:00:00+0200,media,unclassified,,,,,
2185,PMR3-KB07PM,2495818,d4070683aca8437cf4c2636fb1bc7a4f,2023-09-17T12:00:00+0200,2023-09-17T12:00:00+0200,media,unclassified,,,,,
2186,PMR3-KB07PM,2495819,0a46fb911203cf0e891b22b63a6e9ee9,2023-09-18T12:00:00+0200,2023-09-18T12:00:00+0200,media,unclassified,,,,,
2187,PMR3-KB07PM,2495820,f2d3caf56288c32a96a7e1b03bea177a,2023-09-19T12:00:00+0200,2023-09-19T12:00:00+0200,media,unclassified,,,,,
2188,PMR3-KB07PM,2495821,440716fe05695c4248bc991454536333,2023-09-20T12:00:00+0200,2023-09-20T12:00:00+0200,media,unclassified,,,,,
2189,PMR3-KB07PM,2495822,bfb76ed7799372b0787c51195efed606,2023-09-21T12:00:00+0200,2023-09-21T12:00:00+0200,media,unclassified,,,,,
2190,PMR3-KB07PM,2495823,0fcb581c369aed889791b9e04abe5027,2023-09-22T12:00:00+0200,2023-09-22T12:00:00+0200,media,unclassified,,,,,
2191,PMR3-KB07PM,2495824,879fac6ffa80401bd12ab73da6308fb9,2023-09-23T12:00:00+0200,2023-09-23T12:00:00+0200,media,unclassified,,,,,
2192,PMR3-KB07PM,2495825,317b1a6e6457a7a96ff08ddff6843887,2023-09-23T16:20:04+0200,2023-09-23T16:20:04+0200,media,animal,,Dryocopus martius,1,human,2023-10-31T10:26:06+0000
2193,PMR3-KB07PM,2495826,2e6327a36b14b1592884acc09489a215,2023-09-24T12:00:00+0200,2023-09-24T12:00:00+0200,media,unclassified,,,,,
2194,PMR3-KB07PM,2495827,43b12bc6d92f9508f626b23fac30393c,2023-09-25T12:00:00+0200,2023-09-25T12:00:00+0200,media,unclassified,,,,,
2195,PMR3-KB07PM,2495828,95de789c642d71691734fd0e2a041eb3,2023-09-26T12:00:00+0200,2023-09-26T12:00:00+0200,media,unclassified,,,,,
2196,PMR3-KB07PM,2495829,5a04483958a76d3134bfdd6282b119eb,2023-09-27T12:00:00+0200,2023-09-27T12:00:00+0200,media,unclassified,,,,,
2197,PMR3-KB07PM,2495830,d50178aa1bc08d67eb64ef148b54fac9,2023-09-28T08:13:54+0200,2023-09-28T08:13:54+0200,media,blank,,,,human,2023-10-31T10:36:14+0000
2198,PMR3-KB07PM,2495831,de66b7bde553e984eca2ac80a30bd7ef,2023-09-28T12:00:00+0200,2023-09-28T12:00:00+0200,media,unclassified,,,,,
2199,PMR3-KB07PM,2495832,0b24b09cb86724c8c5359ae3690ceeb1,2023-09-29T12:00:00+0200,2023-09-29T12:00:00+0200,media,unclassified,,,,,
2200,PMR3-KB07PM,2495833,08f400fc1765b813f5d693da7f748ba4,2023-09-30T12:00:00+0200,2023-09-30T12:00:00+0200,media,unclassified,,,,,
2201,PMR3-KB07PM,2495834,a83d3b1c86df8ebc75096dc8e76caa6b,2023-10-01T08:03:18+0200,2023-10-01T08:03:18+0200,media,animal,,Sciurus vulgaris,1,human,2023-10-31T10:41:23+0000
2202,PMR3-KB07PM,2495835,a0280475e11897eb8c548fc646cf3c7f,2023-10-01T12:00:00+0200,2023-10-01T12:00:00+0200,media,unclassified,,,,,
2203,PMR3-KB07PM,2495836,0ad653079b25c368c49fba4b33beb3fb,2023-10-02T12:00:00+0200,2023-10-02T12:00:00+0200,media,unclassified,,,,,
2204,PMR3-KB07PM,2495837,c141d498b905b145e9d042b9d9d73096,2023-10-02T12:48:26+0200,2023-10-02T12:48:26+0200,media,human,setup,Homo sapiens,1,human,2023-10-31T11:55:18+0000
2205,PMR3-KB07PM,2495838,c141d498b905b145e9d042b9d9d73096,2023-10-02T12:48:36+0200,2023-10-02T12:48:36+0200,media,human,setup,Homo sapiens,1,human,2023-10-31T11:55:18+0000
2206,PMR3-KB08PM,2495839,9e870722f7caa82ce7565aea00e6c9bf,2023-09-04T12:37:20+0200,2023-09-04T12:37:20+0200,media,human,setup,Homo sapiens,1,human,2023-10-30T09:16:14+0000
2207,PMR3-KB08PM,2495840,b263399a8e951f063210d36cd6c8eec3,2023-09-05T12:00:00+0200,2023-09-05T12:00:00+0200,media,unclassified,,,,,
2208,PMR3-KB08PM,2495841,7c4a6289447e1ba2530b1b46eb8b88ed,2023-09-06T12:00:00+0200,2023-09-06T12:00:00+0200,media,unclassified,,,,,
2209,PMR3-KB08PM,2495842,30431877511d19d3e501f93b0e23c26a,2023-09-07T12:00:00+0200,2023-09-07T12:00:00+0200,media,unclassified,,,,,
2210,PMR3-KB08PM,2495843,2b53181159bad4a2702d7566097e138b,2023-09-08T12:00:00+0200,2023-09-08T12:00:00+0200,media,unclassified,,,,,
2211,PMR3-KB08PM,2495844,fa189536d612603080f81529606daa83,2023-09-08T13:34:42+0200,2023-09-08T13:34:42+0200,media,animal,,Garrulus glandarius,1,human,2023-10-30T12:51:58+0000
2212,PMR3-KB08PM,2495845,3bdbd17de8dff5d6cca5c36d32ab31ad,2023-09-08T20:49:28+0200,2023-09-08T20:49:28+0200,media,unknown,,,1,human,2023-10-30T12:53:40+0000
2213,PMR3-KB08PM,2495846,3bdbd17de8dff5d6cca5c36d32ab31ad,2023-09-08T20:50:08+0200,2023-09-08T20:50:08+0200,media,blank,,,,human,2023-10-30T12:53:29+0000
2214,PMR3-KB08PM,2495847,eabcd9f39d67822733b0b749560e3db5,2023-09-09T00:11:34+0200,2023-09-09T00:11:34+0200,media,blank,,,,human,2023-10-30T12:56:01+0000
2215,PMR3-KB08PM,2495848,eabcd9f39d67822733b0b749560e3db5,2023-09-09T00:14:26+0200,2023-09-09T00:14:26+0200,media,blank,,,,human,2023-10-30T12:56:17+0000
2216,PMR3-KB08PM,2495849,eabcd9f39d67822733b0b749560e3db5,2023-09-09T00:18:06+0200,2023-09-09T00:18:06+0200,media,animal,,Alces alces,1,human,2023-10-30T12:55:44+0000
2217,PMR3-KB08PM,2495850,eabcd9f39d67822733b0b749560e3db5,2023-09-09T00:18:14+0200,2023-09-09T00:18:14+0200,media,animal,,Alces alces,1,human,2023-10-30T12:55:44+0000
2218,PMR3-KB08PM,2495851,eabcd9f39d67822733b0b749560e3db5,2023-09-09T00:18:24+0200,2023-09-09T00:18:24+0200,media,animal,,Alces alces,1,human,2023-10-30T12:55:44+0000
2219,PMR3-KB08PM,2495852,eabcd9f39d67822733b0b749560e3db5,2023-09-09T00:18:32+0200,2023-09-09T00:18:32+0200,media,animal,,Alces alces,1,human,2023-10-30T12:55:44+0000
2220,PMR3-KB08PM,2495853,eabcd9f39d67822733b0b749560e3db5,2023-09-09T00:18:38+0200,2023-09-09T00:18:38+0200,media,animal,,Alces alces,1,human,2023-10-30T12:55:44+0000
2221,PMR3-KB08PM,2495854,eabcd9f39d67822733b0b749560e3db5,2023-09-09T00:18:54+0200,2023-09-09T00:18:54+0200,media,animal,,Alces alces,1,human,2023-10-30T12:55:44+0000
2222,PMR3-KB08PM,2495855,eabcd9f39d67822733b0b749560e3db5,2023-09-09T00:19:02+0200,2023-09-09T00:19:02+0200,media,animal,,Alces alces,1,human,2023-10-30T12:55:44+0000
2223,PMR3-KB08PM,2495856,eabcd9f39d67822733b0b749560e3db5,2023-09-09T00:19:16+0200,2023-09-09T00:19:16+0200,media,animal,,Alces alces,1,human,2023-10-30T12:55:44+0000
2224,PMR3-KB08PM,2495857,eabcd9f39d67822733b0b749560e3db5,2023-09-09T00:19:26+0200,2023-09-09T00:19:26+0200,media,animal,,Alces alces,1,human,2023-10-30T12:55:44+0000
2225,PMR3-KB08PM,2495858,eabcd9f39d67822733b0b749560e3db5,2023-09-09T00:20:16+0200,2023-09-09T00:20:16+0200,media,animal,,Alces alces,1,human,2023-10-30T12:55:44+0000
2226,PMR3-KB08PM,2495859,eabcd9f39d67822733b0b749560e3db5,2023-09-09T00:20:28+0200,2023-09-09T00:20:28+0200,media,animal,,Alces alces,1,human,2023-10-30T12:55:44+0000
2227,PMR3-KB08PM,2495860,4d3467dc63468daac5939420354f27be,2023-09-09T12:00:00+0200,2023-09-09T12:00:00+0200,media,unclassified,,,,,
2228,PMR3-KB08PM,2495861,bf425062d9e465902dca300329afa22f,2023-09-09T12:06:54+0200,2023-09-09T12:06:54+0200,media,blank,,,,human,2023-10-30T13:12:13+0000
2229,PMR3-KB08PM,2495862,a989d7027e208a459df5c5c476d43fd2,2023-09-10T12:00:00+0200,2023-09-10T12:00:00+0200,media,unclassified,,,,,
2230,PMR3-KB08PM,2495863,826f1c93c6e90a1ae8f3d218fb511e45,2023-09-11T12:00:00+0200,2023-09-11T12:00:00+0200,media,unclassified,,,,,
2231,PMR3-KB08PM,2495864,76e17cc0f2d5f84ca777fc7d1c7a51a2,2023-09-12T12:00:00+0200,2023-09-12T12:00:00+0200,media,unclassified,,,,,
2232,PMR3-KB08PM,2495865,56beae5b6633264d097fdc937c878c80,2023-09-12T23:20:42+0200,2023-09-12T23:20:42+0200,media,animal,,Martes martes,1,human,2023-10-30T14:13:29+0000
2233,PMR3-KB08PM,2495866,dc5f6f1130d599163f7438aea35554bb,2023-09-13T12:00:00+0200,2023-09-13T12:00:00+0200,media,unclassified,,,,,
2234,PMR3-KB08PM,2495867,1ae5e8b73a1515661e831a74b6358c61,2023-09-14T12:00:00+0200,2023-09-14T12:00:00+0200,media,unclassified,,,,,
2235,PMR3-KB08PM,2495868,e8672eff8607c81765fe233e368b5744,2023-09-14T18:11:30+0200,2023-09-14T18:11:30+0200,media,animal,,Tetrao urogallus,1,human,2023-10-30T14:19:24+0000
2236,PMR3-KB08PM,2495869,8a7dbb1ea962c26c6160f67ede1fea32,2023-09-15T12:00:00+0200,2023-09-15T12:00:00+0200,media,unclassified,,,,,
2237,PMR3-KB08PM,2495870,1ac1fde6fb809ecc6204f87e5e1a3d04,2023-09-16T12:00:00+0200,2023-09-16T12:00:00+0200,media,unclassified,,,,,
2238,PMR3-KB08PM,2495871,9971973c583f3e90f55ec5263f21ea51,2023-09-17T12:00:00+0200,2023-09-17T12:00:00+0200,media,unclassified,,,,,
2239,PMR3-KB08PM,2495872,0e159efbd048e7cdaa8326c49e35797d,2023-09-18T12:00:00+0200,2023-09-18T12:00:00+0200,media,unclassified,,,,,
2240,PMR3-KB08PM,2495873,a380eb0385571f961f89cf0098e2247e,2023-09-19T12:00:00+0200,2023-09-19T12:00:00+0200,media,unclassified,,,,,
2241,PMR3-KB08PM,2495874,46c75b4292fe2776be7cf71027e1af78,2023-09-20T12:00:00+0200,2023-09-20T12:00:00+0200,media,unclassified,,,,,
2242,PMR3-KB08PM,2495875,7c6494d0eb56fb8adeb87c2f1ca668cd,2023-09-21T12:00:00+0200,2023-09-21T12:00:00+0200,media,unclassified,,,,,
2243,PMR3-KB08PM,2495876,0250c2c4cfbbd4fa2e58a8a7bccc12cc,2023-09-22T12:00:00+0200,2023-09-22T12:00:00+0200,media,unclassified,,,,,
2244,PMR3-KB08PM,2495877,cd64dc6117b42bccb23c1d59e090d8d8,2023-09-23T12:00:00+0200,2023-09-23T12:00:00+0200,media,unclassified,,,,,
2245,PMR3-KB08PM,2495878,8f920b78ff3193929a3b496fb451688a,2023-09-24T12:00:00+0200,2023-09-24T12:00:00+0200,media,unclassified,,,,,
2246,PMR3-KB08PM,2495879,72a98a0550e3ae4e62c694ec1d4f43c4,2023-09-25T12:00:00+0200,2023-09-25T12:00:00+0200,media,unclassified,,,,,
2247,PMR3-KB08PM,2495880,f45aad5078feb3e9fc09152ecbe0eb9d,2023-09-26T12:00:00+0200,2023-09-26T12:00:00+0200,media,unclassified,,,,,
2248,PMR3-KB08PM,2495881,aa4c030068a7d25db057f164e7b8f5fe,2023-09-27T12:00:00+0200,2023-09-27T12:00:00+0200,media,unclassified,,,,,
2249,PMR3-KB08PM,2495882,044893290cbb74dce054831a5b569f7c,2023-09-28T12:00:00+0200,2023-09-28T12:00:00+0200,media,unclassified,,,,,
2250,PMR3-KB08PM,2495883,ff6221b52fcbbf5ddfd98030ce94fb92,2023-09-29T12:00:00+0200,2023-09-29T12:00:00+0200,media,unclassified,,,,,
2251,PMR3-KB08PM,2495884,b6f96ae82752187340a55b84ce1d9b76,2023-09-30T12:00:00+0200,2023-09-30T12:00:00+0200,media,unclassified,,,,,
2252,PMR3-KB08PM,2495885,0046b41586c9a1aa2a73219d71bc5559,2023-10-01T12:00:00+0200,2023-10-01T12:00:00+0200,media,unclassified,,,,,
2253,PMR3-KB08PM,2495886,423ca885bd36be5486e47be4ed3adda5,2023-10-02T12:00:00+0200,2023-10-02T12:00:00+0200,media,unclassified,,,,,
2254,PMR3-KB08PM,2495887,f445e5b83a577af9248c4d7292a5eb29,2023-10-03T12:00:00+0200,2023-10-03T12:00:00+0200,media,unclassified,,,,,
2255,PMR3-KB08PM,2495888,3a5b669c84bdca17e71e15209a555a8d,2023-10-04T12:00:00+0200,2023-10-04T12:00:00+0200,media,unclassified,,,,,
2256,PMR3-KB08PM,2495889,2c6506d770effb0ab7ce7914cb92a01b,2023-10-05T12:00:00+0200,2023-10-05T12:00:00+0200,media,unclassified,,,,,
2257,PMR3-KB08PM,2495890,19fcaec800c17ce56d98261facca3e1f,2023-10-06T10:59:46+0200,2023-10-06T10:59:46+0200,media,human,setup,Homo sapiens,1,human,2023-10-31T12:19:48+0000
2258,PMR3-KB09PM,2495891,3dad1e2bcf23ffc16a4f59678f8b1692,2023-09-04T13:25:48+0200,2023-09-04T13:25:48+0200,media,human,setup,Homo sapiens,1,human,2023-10-30T09:16:49+0000
2259,PMR3-KB09PM,2495892,3dad1e2bcf23ffc16a4f59678f8b1692,2023-09-04T13:26:02+0200,2023-09-04T13:26:02+0200,media,blank,setup,,,human,2023-10-30T09:17:01+0000
2260,PMR3-KB09PM,2495893,3dad1e2bcf23ffc16a4f59678f8b1692,2023-09-04T13:26:54+0200,2023-09-04T13:26:54+0200,media,human,setup,Homo sapiens,1,human,2023-10-30T09:16:49+0000
2261,PMR3-KB09PM,2495894,e9ed5889f36d98ac8577859e7afd9617,2023-09-05T12:00:00+0200,2023-09-05T12:00:00+0200,media,unclassified,,,,,
2262,PMR3-KB09PM,2495895,4d788fd0980469df6702a704466d3ef6,2023-09-06T12:00:00+0200,2023-09-06T12:00:00+0200,media,unclassified,,,,,
2263,PMR3-KB09PM,2495896,5e9b5264e507cda8cdde594a1af4a844,2023-09-07T12:00:00+0200,2023-09-07T12:00:00+0200,media,unclassified,,,,,
2264,PMR3-KB09PM,2495897,f8e2135ecdf33fab3e1050e7363004e7,2023-09-08T12:00:00+0200,2023-09-08T12:00:00+0200,media,unclassified,,,,,
2265,PMR3-KB09PM,2495898,fdb9bf7fcd8db712d0045198dd20cfef,2023-09-09T12:00:00+0200,2023-09-09T12:00:00+0200,media,unclassified,,,,,
2266,PMR3-KB09PM,2495899,62bcfd3032c28afe14d49ba5fb57bea0,2023-09-10T12:00:00+0200,2023-09-10T12:00:00+0200,media,unclassified,,,,,
2267,PMR3-KB09PM,2495900,9b5bb9e1ac6bceab557296dcd43649af,2023-09-11T12:00:00+0200,2023-09-11T12:00:00+0200,media,unclassified,,,,,
2268,PMR3-KB09PM,2495901,7c1b3d38db5fd5938a32d2e4eeb6ed66,2023-09-12T12:00:00+0200,2023-09-12T12:00:00+0200,media,unclassified,,,,,
2269,PMR3-KB09PM,2495902,68932467b6e198a5c118c3f4d3de42e2,2023-09-13T12:00:00+0200,2023-09-13T12:00:00+0200,media,unclassified,,,,,
2270,PMR3-KB09PM,2495903,158212dcbb793ebbe7738c479f6e72a1,2023-09-14T12:00:00+0200,2023-09-14T12:00:00+0200,media,unclassified,,,,,
2271,PMR3-KB09PM,2495904,9fd872d23928a1480dc211da6cfbcbc4,2023-09-14T13:55:48+0200,2023-09-14T13:55:48+0200,media,blank,,,,human,2023-10-30T14:19:31+0000
2272,PMR3-KB09PM,2495905,e09f582ea09566eb788c083807e2d1fd,2023-09-15T12:00:00+0200,2023-09-15T12:00:00+0200,media,unclassified,,,,,
2273,PMR3-KB09PM,2495906,f790050ee61e81063a856323cd2970b0,2023-09-16T12:00:00+0200,2023-09-16T12:00:00+0200,media,unclassified,,,,,
2274,PMR3-KB09PM,2495907,274813e834a3c1960abed08c0b8ff5f9,2023-09-17T12:00:00+0200,2023-09-17T12:00:00+0200,media,unclassified,,,,,
2275,PMR3-KB09PM,2495908,71c3a3e657b6dae10cedbb8b81564f43,2023-09-18T12:00:00+0200,2023-09-18T12:00:00+0200,media,unclassified,,,,,
2276,PMR3-KB09PM,2495909,0ad55d6735d6aaddfa16d6743c91232d,2023-09-19T12:00:00+0200,2023-09-19T12:00:00+0200,media,unclassified,,,,,
2277,PMR3-KB09PM,2495910,1fe1c14491bdb9766ab873fd5c2e8564,2023-09-20T12:00:00+0200,2023-09-20T12:00:00+0200,media,unclassified,,,,,
2278,PMR3-KB09PM,2495911,19dae08852d967ea63386b9c33b99281,2023-09-21T12:00:00+0200,2023-09-21T12:00:00+0200,media,unclassified,,,,,
2279,PMR3-KB09PM,2495912,9522b6177bcdf69efc456d457e5e08bf,2023-09-22T12:00:00+0200,2023-09-22T12:00:00+0200,media,unclassified,,,,,
2280,PMR3-KB09PM,2495913,043d6b634653586a7e70a63ac9953f39,2023-09-23T12:00:00+0200,2023-09-23T12:00:00+0200,media,unclassified,,,,,
2281,PMR3-KB09PM,2495914,6f48c9f5b2cafa27170be0e0229680ae,2023-09-24T12:00:00+0200,2023-09-24T12:00:00+0200,media,unclassified,,,,,
2282,PMR3-KB09PM,2495915,01892d7ff31aa73b1a020c63fb600353,2023-09-25T12:00:00+0200,2023-09-25T12:00:00+0200,media,unclassified,,,,,
2283,PMR3-KB09PM,2495916,cb64631bfcb528328747686506da2c2b,2023-09-26T12:00:00+0200,2023-09-26T12:00:00+0200,media,unclassified,,,,,
2284,PMR3-KB09PM,2495917,50a82cbb68d34c6efd132dc5b0b1631f,2023-09-27T12:00:00+0200,2023-09-27T12:00:00+0200,media,unclassified,,,,,
2285,PMR3-KB09PM,2495918,2654c20a3c4abfea47d7dd79ada3967e,2023-09-28T12:00:00+0200,2023-09-28T12:00:00+0200,media,unclassified,,,,,
2286,PMR3-KB09PM,2495919,d7ba8ade17e1730fffb12c665e917e45,2023-09-29T12:00:00+0200,2023-09-29T12:00:00+0200,media,unclassified,,,,,
2287,PMR3-KB09PM,2495920,b1bf05cd74532079d4f068ba1774ab3e,2023-09-30T12:00:00+0200,2023-09-30T12:00:00+0200,media,unclassified,,,,,
2288,PMR3-KB09PM,2495921,8cab1363a727d1d952b7a33166e7f41d,2023-10-01T12:00:00+0200,2023-10-01T12:00:00+0200,media,unclassified,,,,,
2289,PMR3-KB09PM,2495922,efe24aa9c6a9e83af68fe4174dfd572f,2023-10-02T12:00:00+0200,2023-10-02T12:00:00+0200,media,unclassified,,,,,
2290,PMR3-KB09PM,2495923,765e5ab1c0bf6fed3b98e53e6ea1085a,2023-10-03T12:00:00+0200,2023-10-03T12:00:00+0200,media,unclassified,,,,,
2291,PMR3-KB09PM,2495924,5314c8e72f1a0f438c02d75b8696b4f9,2023-10-03T16:13:54+0200,2023-10-03T16:13:54+0200,media,human,setup,Homo sapiens,1,human,2023-10-31T12:02:43+0000
2292,PMR3-KB09PM,2495925,5314c8e72f1a0f438c02d75b8696b4f9,2023-10-03T16:14:06+0200,2023-10-03T16:14:06+0200,media,human,setup,Homo sapiens,1,human,2023-10-31T12:02:43+0000
2293,PMR3-KB10PM,2495926,472ccccbcbbe228f55f9d942bef950eb,2023-09-04T15:46:50+0200,2023-09-04T15:46:50+0200,media,human,setup,Homo sapiens,1,human,2023-10-30T09:22:59+0000
2294,PMR3-KB10PM,2495927,472ccccbcbbe228f55f9d942bef950eb,2023-09-04T15:47:22+0200,2023-09-04T15:47:22+0200,media,human,setup,Homo sapiens,1,human,2023-10-30T09:22:59+0000
2295,PMR3-KB10PM,2495928,472ccccbcbbe228f55f9d942bef950eb,2023-09-04T15:47:34+0200,2023-09-04T15:47:34+0200,media,human,setup,Homo sapiens,1,human,2023-10-30T09:22:59+0000
2296,PMR3-KB10PM,2495929,91675e3a503ddae9085038bf8a2d2992,2023-09-05T12:00:00+0200,2023-09-05T12:00:00+0200,media,unclassified,,,,,
2297,PMR3-KB10PM,2495930,7c3a012cfef9dffc4d9889e206eecb14,2023-09-06T12:00:00+0200,2023-09-06T12:00:00+0200,media,unclassified,,,,,
2298,PMR3-KB10PM,2495931,6019d2044a678444d357ed473e7c765b,2023-09-07T12:00:00+0200,2023-09-07T12:00:00+0200,media,unclassified,,,,,
2299,PMR3-KB10PM,2495932,d8c235a6d9202a059d8427119b2b109d,2023-09-08T12:00:00+0200,2023-09-08T12:00:00+0200,media,unclassified,,,,,
2300,PMR3-KB10PM,2495933,cbf798927a17f232332eb09bb3018e02,2023-09-09T12:00:00+0200,2023-09-09T12:00:00+0200,media,unclassified,,,,,
2301,PMR3-KB10PM,2495934,c4980d81c8cde9b796e8bd19531e3138,2023-09-10T12:00:00+0200,2023-09-10T12:00:00+0200,media,unclassified,,,,,
2302,PMR3-KB10PM,2495935,7b02047193db7dd930230d85bb60d28b,2023-09-11T12:00:00+0200,2023-09-11T12:00:00+0200,media,unclassified,,,,,
2303,PMR3-KB10PM,2495936,6af99ee8ccad1e8b7d4dbc6a3a2ae234,2023-09-12T12:00:00+0200,2023-09-12T12:00:00+0200,media,unclassified,,,,,
2304,PMR3-KB10PM,2495937,aa6ebd425cfbba32a50e39d3c484738d,2023-09-13T12:00:00+0200,2023-09-13T12:00:00+0200,media,unclassified,,,,,
2305,PMR3-KB10PM,2495938,d3a24192d64f47bcf511b53771fe052c,2023-09-14T12:00:00+0200,2023-09-14T12:00:00+0200,media,unclassified,,,,,
2306,PMR3-KB10PM,2495939,f79560c00e16767e918ab5026ab308d0,2023-09-15T12:00:00+0200,2023-09-15T12:00:00+0200,media,unclassified,,,,,
2307,PMR3-KB10PM,2495940,3facdccbe10617be36c17592e32211ce,2023-09-16T12:00:00+0200,2023-09-16T12:00:00+0200,media,unclassified,,,,,
2308,PMR3-KB10PM,2495941,599e6237f77ed300cae9a7cd84ee3e49,2023-09-17T06:15:16+0200,2023-09-17T06:15:16+0200,media,animal,,Alces alces,1,human,2023-10-30T14:35:51+0000
2309,PMR3-KB10PM,2495942,f4171e9227c15f20aa4298e9a4b02226,2023-09-17T12:00:00+0200,2023-09-17T12:00:00+0200,media,unclassified,,,,,
2310,PMR3-KB10PM,2495943,5e74d6939c6db68a2978a739399608e3,2023-09-18T12:00:00+0200,2023-09-18T12:00:00+0200,media,unclassified,,,,,
2311,PMR3-KB10PM,2495944,5cccea8d4d6177e92993d8a80f83ffaf,2023-09-19T12:00:00+0200,2023-09-19T12:00:00+0200,media,unclassified,,,,,
2312,PMR3-KB10PM,2495945,cf7242253628bcc01bf0eb9381054631,2023-09-20T12:00:00+0200,2023-09-20T12:00:00+0200,media,unclassified,,,,,
2313,PMR3-KB10PM,2495946,d1c50da392ded947324b0985fa3b2a44,2023-09-21T12:00:00+0200,2023-09-21T12:00:00+0200,media,unclassified,,,,,
2314,PMR3-KB10PM,2495947,ed2c7539958550488d94b9ae000a4c9b,2023-09-22T12:00:00+0200,2023-09-22T12:00:00+0200,media,unclassified,,,,,
2315,PMR3-KB10PM,2495948,264d77b1ad4940e05fbfaf0fb646dbe8,2023-09-23T12:00:00+0200,2023-09-23T12:00:00+0200,media,unclassified,,,,,
2316,PMR3-KB10PM,2495949,94ece00ca8e359ba8432dcca33d9af59,2023-09-24T12:00:00+0200,2023-09-24T12:00:00+0200,media,unclassified,,,,,
2317,PMR3-KB10PM,2495950,e4f24bebb726821ffa8d2e8ace545e8d,2023-09-25T12:00:00+0200,2023-09-25T12:00:00+0200,media,unclassified,,,,,
2318,PMR3-KB10PM,2495951,96fc5aa846ddab7a4df163e6cbd3cfbe,2023-09-26T12:00:00+0200,2023-09-26T12:00:00+0200,media,unclassified,,,,,
2319,PMR3-KB10PM,2495952,e075e52efa3be91a89cdab84bc0a1083,2023-09-26T12:09:24+0200,2023-09-26T12:09:24+0200,media,human,,Homo sapiens,1,human,2023-10-31T10:35:14+0000
2320,PMR3-KB10PM,2495953,e075e52efa3be91a89cdab84bc0a1083,2023-09-26T12:09:50+0200,2023-09-26T12:09:50+0200,media,human,,Homo sapiens,1,human,2023-10-31T10:35:14+0000
2321,PMR3-KB10PM,2495954,684cee02c0e86bce99bfaa9fb6bbd456,2023-09-27T12:00:00+0200,2023-09-27T12:00:00+0200,media,unclassified,,,,,
2322,PMR3-KB10PM,2495955,d24b10bbb2d7c49c98d5280fe53f321d,2023-09-28T12:00:00+0200,2023-09-28T12:00:00+0200,media,unclassified,,,,,
2323,PMR3-KB10PM,2495956,3c49fc8be0a148b6c7e87daec5c62e43,2023-09-29T12:00:00+0200,2023-09-29T12:00:00+0200,media,unclassified,,,,,
2324,PMR3-KB10PM,2495957,02cf47fffd8b19ca5f0bd90349baabf6,2023-09-30T12:00:00+0200,2023-09-30T12:00:00+0200,media,unclassified,,,,,
2325,PMR3-KB10PM,2495958,bd93dd929a5148b5bbf98855cc607951,2023-10-01T12:00:00+0200,2023-10-01T12:00:00+0200,media,unclassified,,,,,
2326,PMR3-KB10PM,2495959,368c7557b16a9adecfb5221a7d7615af,2023-10-02T12:00:00+0200,2023-10-02T12:00:00+0200,media,unclassified,,,,,
2327,PMR3-KB10PM,2495960,eaf0345a61c75d00d5c360ebded91c5a,2023-10-03T12:00:00+0200,2023-10-03T12:00:00+0200,media,unclassified,,,,,
2328,PMR3-KB10PM,2495961,f0d941f5807593fb92714f3a7fef0e8b,2023-10-04T10:45:36+0200,2023-10-04T10:45:36+0200,media,human,setup,Homo sapiens,1,human,2023-10-31T12:07:09+0000
2329,PMR3-KB10PM,2495962,f0d941f5807593fb92714f3a7fef0e8b,2023-10-04T10:45:42+0200,2023-10-04T10:45:42+0200,media,human,setup,Homo sapiens,1,human,2023-10-31T12:07:09+0000
2330,PMR3-KB11PM,2495963,3d95a924dbe3ffd2e790e5d119818cf6,2023-09-04T16:35:36+0200,2023-09-04T16:35:36+0200,media,human,setup,Homo sapiens,1,human,2023-10-30T09:26:37+0000
2331,PMR3-KB11PM,2495964,3d95a924dbe3ffd2e790e5d119818cf6,2023-09-04T16:36:04+0200,2023-09-04T16:36:04+0200,media,human,setup,Homo sapiens,1,human,2023-10-30T09:26:37+0000
2332,PMR3-KB11PM,2495965,3d95a924dbe3ffd2e790e5d119818cf6,2023-09-04T16:36:16+0200,2023-09-04T16:36:16+0200,media,human,setup,Homo sapiens,1,human,2023-10-30T09:26:37+0000
2333,PMR3-KB11PM,2495966,3d95a924dbe3ffd2e790e5d119818cf6,2023-09-04T16:36:30+0200,2023-09-04T16:36:30+0200,media,human,setup,Homo sapiens,1,human,2023-10-30T09:26:37+0000
2334,PMR3-KB11PM,2495967,dc597ccb1653e7370ddd907c65e95c59,2023-09-05T12:00:00+0200,2023-09-05T12:00:00+0200,media,unclassified,,,,,
2335,PMR3-KB11PM,2495968,2d34b89ae3185797ea3baa1b6cf99109,2023-09-06T12:00:00+0200,2023-09-06T12:00:00+0200,media,unclassified,,,,,
2336,PMR3-KB11PM,2495969,0350a73b5f115d17ad561c4fc8686d82,2023-09-07T12:00:00+0200,2023-09-07T12:00:00+0200,media,unclassified,,,,,
2337,PMR3-KB11PM,2495970,a8e53c653a2e51868193d777ae698b83,2023-09-08T12:00:00+0200,2023-09-08T12:00:00+0200,media,unclassified,,,,,
2338,PMR3-KB11PM,2495971,b8bf2ca94e9c54b3b3e0c3248a329147,2023-09-09T12:00:00+0200,2023-09-09T12:00:00+0200,media,unclassified,,,,,
2339,PMR3-KB11PM,2495972,88e8e665db29b93fcb83486e5810d4ad,2023-09-10T12:00:00+0200,2023-09-10T12:00:00+0200,media,unclassified,,,,,
2340,PMR3-KB11PM,2495973,37cd7db3e6d0f8d6ba8cdd877cae3e46,2023-09-11T12:00:00+0200,2023-09-11T12:00:00+0200,media,unclassified,,,,,
2341,PMR3-KB11PM,2495974,950149f3da25c85ce533d568e0e6908f,2023-09-12T12:00:00+0200,2023-09-12T12:00:00+0200,media,unclassified,,,,,
2342,PMR3-KB11PM,2495975,82897d6a4daeb303569d57ea1e0a0255,2023-09-13T12:00:00+0200,2023-09-13T12:00:00+0200,media,unclassified,,,,,
2343,PMR3-KB11PM,2495976,6573197f90c2d1a5dd1694ab0445ade9,2023-09-14T12:00:00+0200,2023-09-14T12:00:00+0200,media,unclassified,,,,,
2344,PMR3-KB11PM,2495977,f2ff6101496d5735bf8c81e99327505a,2023-09-15T12:00:00+0200,2023-09-15T12:00:00+0200,media,unclassified,,,,,
2345,PMR3-KB11PM,2495978,1a655fb2b66307389a841b3e60e7dbb0,2023-09-16T12:00:00+0200,2023-09-16T12:00:00+0200,media,unclassified,,,,,
2346,PMR3-KB11PM,2495979,b61e74cb2149147717ef1ad61d5c78ad,2023-09-17T12:00:00+0200,2023-09-17T12:00:00+0200,media,unclassified,,,,,
2347,PMR3-KB11PM,2495980,80d505fa6fc41753fbe3e2bf95972107,2023-09-18T12:00:00+0200,2023-09-18T12:00:00+0200,media,unclassified,,,,,
2348,PMR3-KB11PM,2495981,94b82bce258dbdcf4da0cab57b249b8e,2023-09-19T12:00:00+0200,2023-09-19T12:00:00+0200,media,unclassified,,,,,
2349,PMR3-KB11PM,2495982,e279eff785f5aa4a66b51e413773f535,2023-09-20T12:00:00+0200,2023-09-20T12:00:00+0200,media,unclassified,,,,,
2350,PMR3-KB11PM,2495983,859616fa720d7c269ab1e56dda0ca9a3,2023-09-21T12:00:00+0200,2023-09-21T12:00:00+0200,media,unclassified,,,,,
2351,PMR3-KB11PM,2495984,17061bf79d77b400630b7d8ecaee337a,2023-09-22T12:00:00+0200,2023-09-22T12:00:00+0200,media,unclassified,,,,,
2352,PMR3-KB11PM,2495985,f1c2240f5d643f4e13e0549c8d45d20d,2023-09-23T12:00:00+0200,2023-09-23T12:00:00+0200,media,unclassified,,,,,
2353,PMR3-KB11PM,2495986,b7213186aa1b163195f81583690f78a7,2023-09-24T12:00:00+0200,2023-09-24T12:00:00+0200,media,unclassified,,,,,
2354,PMR3-KB11PM,2495987,9fee3049c4e4aebcd4e1b12fdc0f7c11,2023-09-25T12:00:00+0200,2023-09-25T12:00:00+0200,media,unclassified,,,,,
2355,PMR3-KB11PM,2495988,fb57ec649d9b9601852e00d4eea8f39a,2023-09-26T12:00:00+0200,2023-09-26T12:00:00+0200,media,unclassified,,,,,
2356,PMR3-KB11PM,2495989,826da6516ffa22a4e8eac963c8478497,2023-09-27T12:00:00+0200,2023-09-27T12:00:00+0200,media,unclassified,,,,,
2357,PMR3-KB11PM,2495990,1377f9b5bb2f61d0912787e1093610f7,2023-09-28T12:00:00+0200,2023-09-28T12:00:00+0200,media,unclassified,,,,,
2358,PMR3-KB11PM,2495991,62eca96637d45dbf0714069c0e85edb5,2023-09-29T12:00:00+0200,2023-09-29T12:00:00+0200,media,unclassified,,,,,
2359,PMR3-KB11PM,2495992,0fba059f71a8b882e587cda9ba032923,2023-09-30T12:00:00+0200,2023-09-30T12:00:00+0200,media,unclassified,,,,,
2360,PMR3-KB11PM,2495993,a18bb8923feb3e1b65576ece0767c1fd,2023-10-01T12:00:00+0200,2023-10-01T12:00:00+0200,media,unclassified,,,,,
2361,PMR3-KB11PM,2495994,98d3bdd664d78015dfdc0e7c99ac5168,2023-10-02T12:00:00+0200,2023-10-02T12:00:00+0200,media,unclassified,,,,,
2362,PMR3-KB11PM,2495995,e3e8de046163ba7d9691402232ea7fcd,2023-10-02T14:41:26+0200,2023-10-02T14:41:26+0200,media,human,setup,Homo sapiens,1,human,2023-10-31T11:56:22+0000
2363,PMR3-KB12PM,2495996,5102c079b18711d1526f6dcc8658c3b8,2023-09-05T17:16:48+0200,2023-09-05T17:16:48+0200,media,human,setup,Homo sapiens,1,human,2023-10-30T09:52:39+0000
2364,PMR3-KB12PM,2495997,5102c079b18711d1526f6dcc8658c3b8,2023-09-05T17:17:48+0200,2023-09-05T17:17:48+0200,media,human,setup,Homo sapiens,1,human,2023-10-30T09:52:39+0000
2365,PMR3-KB12PM,2495998,27352b433ccde96ec1f626df47f76172,2023-09-06T12:00:00+0200,2023-09-06T12:00:00+0200,media,unclassified,,,,,
2366,PMR3-KB12PM,2495999,02bce799648deda48d782996d4ac8adc,2023-09-07T12:00:00+0200,2023-09-07T12:00:00+0200,media,unclassified,,,,,
2367,PMR3-KB12PM,2496000,42b349a6ddcebbc4039bd7f09ddf04e9,2023-09-08T12:00:00+0200,2023-09-08T12:00:00+0200,media,unclassified,,,,,
2368,PMR3-KB12PM,2496001,04d1529c8fc2ba70705af527c740b0b5,2023-09-09T12:00:00+0200,2023-09-09T12:00:00+0200,media,unclassified,,,,,
2369,PMR3-KB12PM,2496002,ebb2dca83f06c3c6c4bbeb80862c4177,2023-09-10T12:00:00+0200,2023-09-10T12:00:00+0200,media,unclassified,,,,,
2370,PMR3-KB12PM,2496003,7cf255a497e642bc1306712ec09c2413,2023-09-11T12:00:00+0200,2023-09-11T12:00:00+0200,media,unclassified,,,,,
2371,PMR3-KB12PM,2496004,bc905cb48c6c381e327b0a9ac9b82541,2023-09-12T12:00:00+0200,2023-09-12T12:00:00+0200,media,unclassified,,,,,
2372,PMR3-KB12PM,2496005,8fab6d1ff550723f615d29dd57f0a002,2023-09-12T23:09:44+0200,2023-09-12T23:09:44+0200,media,animal,,Martes martes,1,human,2023-10-30T14:12:48+0000
2373,PMR3-KB12PM,2496006,8fab6d1ff550723f615d29dd57f0a002,2023-09-12T23:09:56+0200,2023-09-12T23:09:56+0200,media,animal,,Martes martes,1,human,2023-10-30T14:12:48+0000
2374,PMR3-KB12PM,2496007,d7976aeae382e627dfc22b0c062a68d5,2023-09-13T12:00:00+0200,2023-09-13T12:00:00+0200,media,unclassified,,,,,
2375,PMR3-KB12PM,2496008,45defb67a5f4fd50bc386bd3b5af5f46,2023-09-14T12:00:00+0200,2023-09-14T12:00:00+0200,media,unclassified,,,,,
2376,PMR3-KB12PM,2496009,b92dc8a34b48e9dfda1abd79ffe1ac3f,2023-09-15T12:00:00+0200,2023-09-15T12:00:00+0200,media,unclassified,,,,,
2377,PMR3-KB12PM,2496010,6a4d1c63ffb8d3e58118baaca7ddaa57,2023-09-16T12:00:00+0200,2023-09-16T12:00:00+0200,media,unclassified,,,,,
2378,PMR3-KB12PM,2496011,017d2980973a4b0221a19b226b165898,2023-09-17T12:00:00+0200,2023-09-17T12:00:00+0200,media,unclassified,,,,,
2379,PMR3-KB12PM,2496012,519bc335782a53df9c15f9957036becd,2023-09-18T12:00:00+0200,2023-09-18T12:00:00+0200,media,unclassified,,,,,
2380,PMR3-KB12PM,2496013,4ecaedca64d13e709bd664ad844b0831,2023-09-19T12:00:00+0200,2023-09-19T12:00:00+0200,media,unclassified,,,,,
2381,PMR3-KB12PM,2496014,c2056856acd7c510c15c7cd181e964d8,2023-09-20T12:00:00+0200,2023-09-20T12:00:00+0200,media,unclassified,,,,,
2382,PMR3-KB12PM,2496015,e37d6fb088e438701f442ad0906afa27,2023-09-21T12:00:00+0200,2023-09-21T12:00:00+0200,media,unclassified,,,,,
2383,PMR3-KB12PM,2496016,da9c2eccc10f61780a248a216a539a26,2023-09-22T12:00:00+0200,2023-09-22T12:00:00+0200,media,unclassified,,,,,
2384,PMR3-KB12PM,2496017,9be278c26316a503db5f1bd3d0563983,2023-09-22T14:38:40+0200,2023-09-22T14:38:40+0200,media,animal,,Alces alces,1,human,2023-10-31T10:24:30+0000
2385,PMR3-KB12PM,2496018,7bfda71b36cfcdfe605109e881529432,2023-09-23T12:00:00+0200,2023-09-23T12:00:00+0200,media,unclassified,,,,,
2386,PMR3-KB12PM,2496019,ff2653825c975c81a5fe9ba4a40d5674,2023-09-24T12:00:00+0200,2023-09-24T12:00:00+0200,media,unclassified,,,,,
2387,PMR3-KB12PM,2496020,3a1057aff98e1360bc1251175e7fe5cb,2023-09-25T12:00:00+0200,2023-09-25T12:00:00+0200,media,unclassified,,,,,
2388,PMR3-KB12PM,2496021,4b0046d1767fd705b71e7a72e08a8247,2023-09-26T12:00:00+0200,2023-09-26T12:00:00+0200,media,unclassified,,,,,
2389,PMR3-KB12PM,2496022,8aa2194b5e441366de9c28a4f1b45187,2023-09-27T12:00:00+0200,2023-09-27T12:00:00+0200,media,unclassified,,,,,
2390,PMR3-KB12PM,2496023,95362945af838e24c06196ac387bb366,2023-09-28T12:00:00+0200,2023-09-28T12:00:00+0200,media,unclassified,,,,,
2391,PMR3-KB12PM,2496024,0460df9faab54a3ecea9ee3ef0824586,2023-09-29T12:00:00+0200,2023-09-29T12:00:00+0200,media,unclassified,,,,,
2392,PMR3-KB12PM,2496025,a1f3d7b575d4b68a78915a1cceadfa33,2023-09-30T12:00:00+0200,2023-09-30T12:00:00+0200,media,unclassified,,,,,
2393,PMR3-KB12PM,2496026,efc3617219082f5a80886c3595cc21c2,2023-10-01T04:17:10+0200,2023-10-01T04:17:10+0200,media,animal,,Martes martes,1,human,2023-10-31T10:40:57+0000
2394,PMR3-KB12PM,2496027,efc3617219082f5a80886c3595cc21c2,2023-10-01T04:17:22+0200,2023-10-01T04:17:22+0200,media,animal,,Martes martes,1,human,2023-10-31T10:40:57+0000
2395,PMR3-KB12PM,2496028,d1511f54bd31ca4dab7ba264f9dcd742,2023-10-01T12:00:00+0200,2023-10-01T12:00:00+0200,media,unclassified,,,,,
2396,PMR3-KB12PM,2496029,ee5a322cf207e969bbfffbc43e4cf198,2023-10-02T12:00:00+0200,2023-10-02T12:00:00+0200,media,unclassified,,,,,
2397,PMR3-KB12PM,2496030,29e582afedd693129bd857e32b92946a,2023-10-02T15:49:52+0200,2023-10-02T15:49:52+0200,media,human,setup,Homo sapiens,1,human,2023-10-31T11:56:31+0000
2398,PMR3-KB13PM,2496031,6698567b0fa209c36298769f834998b0,2023-09-04T13:24:20+0200,2023-09-04T13:24:20+0200,media,human,setup,Homo sapiens,1,human,2023-10-30T09:16:26+0000
2399,PMR3-KB13PM,2496032,6698567b0fa209c36298769f834998b0,2023-09-04T13:25:28+0200,2023-09-04T13:25:28+0200,media,human,setup,Homo sapiens,1,human,2023-10-30T09:16:26+0000
2400,PMR3-KB13PM,2496033,3f360ee6f6bada24146211ed058e074c,2023-09-05T12:00:00+0200,2023-09-05T12:00:00+0200,media,unclassified,,,,,
2401,PMR3-KB13PM,2496034,9df365ca0b95a8762fc6b4be4d8ad866,2023-09-06T12:00:00+0200,2023-09-06T12:00:00+0200,media,unclassified,,,,,
2402,PMR3-KB13PM,2496035,1414ea9f22527de8edc1dd2f72a5a340,2023-09-07T12:00:00+0200,2023-09-07T12:00:00+0200,media,unclassified,,,,,
2403,PMR3-KB13PM,2496036,481370693ef0dca6712a5222a161cfbe,2023-09-08T12:00:00+0200,2023-09-08T12:00:00+0200,media,unclassified,,,,,
2404,PMR3-KB13PM,2496037,18c06631738affbcc50723685e648d04,2023-09-09T12:00:00+0200,2023-09-09T12:00:00+0200,media,unclassified,,,,,
2405,PMR3-KB13PM,2496038,3d3732e3712e3baaef06021278d5ae6f,2023-09-10T12:00:00+0200,2023-09-10T12:00:00+0200,media,unclassified,,,,,
2406,PMR3-KB13PM,2496039,2e3ff164d804c1f6a628f133762c0d74,2023-09-11T12:00:00+0200,2023-09-11T12:00:00+0200,media,unclassified,,,,,
2407,PMR3-KB13PM,2496040,0d4ad1e8bf17cce729048f1c9ad6ab44,2023-09-12T12:00:00+0200,2023-09-12T12:00:00+0200,media,unclassified,,,,,
2408,PMR3-KB13PM,2496041,91f89c0c713ca94f6db1a6d80e20bf93,2023-09-13T12:00:00+0200,2023-09-13T12:00:00+0200,media,unclassified,,,,,
2409,PMR3-KB13PM,2496042,62070f058c7c8f2bba58e4ae81051a12,2023-09-14T12:00:00+0200,2023-09-14T12:00:00+0200,media,unclassified,,,,,
2410,PMR3-KB13PM,2496043,db8178b0d87f9ba27d7b09677950676e,2023-09-15T12:00:00+0200,2023-09-15T12:00:00+0200,media,unclassified,,,,,
2411,PMR3-KB13PM,2496044,e6adee8f30c8f2ecc4c79c2a83efdf2a,2023-09-16T12:00:00+0200,2023-09-16T12:00:00+0200,media,unclassified,,,,,
2412,PMR3-KB13PM,2496045,d1ea7b0c5585c119bf7b8c91f601cc9c,2023-09-17T05:31:16+0200,2023-09-17T05:31:16+0200,media,animal,,Other,1,human,2023-10-30T14:35:32+0000
2413,PMR3-KB13PM,2496046,fa8ddc035b15a075059667327125c7f2,2023-09-17T12:00:00+0200,2023-09-17T12:00:00+0200,media,unclassified,,,,,
2414,PMR3-KB13PM,2496047,2c500f42172a794bb728d49226c78e90,2023-09-18T12:00:00+0200,2023-09-18T12:00:00+0200,media,unclassified,,,,,
2415,PMR3-KB13PM,2496048,d64d6e76bb1a9b18fab4576e969044ea,2023-09-19T12:00:00+0200,2023-09-19T12:00:00+0200,media,unclassified,,,,,
2416,PMR3-KB13PM,2496049,2a8cadb136a215c429825c117e5d63a9,2023-09-20T12:00:00+0200,2023-09-20T12:00:00+0200,media,unclassified,,,,,
2417,PMR3-KB13PM,2496050,2a69af6b3d04ce3b387781b47f14750c,2023-09-21T12:00:00+0200,2023-09-21T12:00:00+0200,media,unclassified,,,,,
2418,PMR3-KB13PM,2496051,ce5667bb1dc39b3e284a7ddc0307e6d9,2023-09-22T12:00:00+0200,2023-09-22T12:00:00+0200,media,unclassified,,,,,
2419,PMR3-KB13PM,2496052,5fa52b44cdc33c66708f6fc5a0ce2178,2023-09-23T12:00:00+0200,2023-09-23T12:00:00+0200,media,unclassified,,,,,
2420,PMR3-KB13PM,2496053,0e6d6d8c651616e885ba6c115703675b,2023-09-24T11:48:24+0200,2023-09-24T11:48:24+0200,media,animal,,Turdus pilaris,1,human,2023-10-31T10:30:54+0000
2421,PMR3-KB13PM,2496054,0dffb2e8f97f80f01a731378f291f276,2023-09-24T12:00:00+0200,2023-09-24T12:00:00+0200,media,unclassified,,,,,
2422,PMR3-KB13PM,2496055,2b7132ae26473870db5a28316c9134ef,2023-09-24T18:07:34+0200,2023-09-24T18:07:34+0200,media,animal,,Turdus pilaris,1,human,2023-10-31T10:32:27+0000
2423,PMR3-KB13PM,2496056,2b7132ae26473870db5a28316c9134ef,2023-09-24T18:07:48+0200,2023-09-24T18:07:48+0200,media,animal,,Turdus pilaris,1,human,2023-10-31T10:32:27+0000
2424,PMR3-KB13PM,2496057,f16cea6ee943c55ac4ee0df0f2acc204,2023-09-25T12:00:00+0200,2023-09-25T12:00:00+0200,media,unclassified,,,,,
2425,PMR3-KB13PM,2496058,cd67b00205f068e8ad17d95a184284d5,2023-09-26T12:00:00+0200,2023-09-26T12:00:00+0200,media,unclassified,,,,,
2426,PMR3-KB13PM,2496059,1ff0f28b809a8ba708e3777a667d4971,2023-09-27T12:00:00+0200,2023-09-27T12:00:00+0200,media,unclassified,,,,,
2427,PMR3-KB13PM,2496060,ce1c6fa3253b14a2ef0cea93a3367506,2023-09-28T12:00:00+0200,2023-09-28T12:00:00+0200,media,unclassified,,,,,
2428,PMR3-KB13PM,2496061,85cd28d1f50712e3d09e8e9c3f6fead8,2023-09-29T12:00:00+0200,2023-09-29T12:00:00+0200,media,unclassified,,,,,
2429,PMR3-KB13PM,2496062,2b1876471d3f9511d8246ef42eb77e26,2023-09-30T12:00:00+0200,2023-09-30T12:00:00+0200,media,unclassified,,,,,
2430,PMR3-KB13PM,2496063,9cce2acde276d2c44690a2284822475f,2023-10-01T12:00:00+0200,2023-10-01T12:00:00+0200,media,unclassified,,,,,
2431,PMR3-KB13PM,2496064,f5bf8bd458e4e8e921b1c09cce0d0248,2023-10-02T12:00:00+0200,2023-10-02T12:00:00+0200,media,unclassified,,,,,
2432,PMR3-KB13PM,2496065,ad1ca0e481ee37cb7b4304fab91379b7,2023-10-03T12:00:00+0200,2023-10-03T12:00:00+0200,media,unclassified,,,,,
2433,PMR3-KB13PM,2496066,9c127afc3f5eb6ca87489b90231833c2,2023-10-04T12:00:00+0200,2023-10-04T12:00:00+0200,media,unclassified,,,,,
2434,PMR3-KB13PM,2496067,09c20ec94d10cdc8f318c8e438c343a9,2023-10-05T12:00:00+0200,2023-10-05T12:00:00+0200,media,unclassified,,,,,
2435,PMR3-KB13PM,2496068,56b9a2b9426ebf9ac5b5efac1ec6f68a,2023-10-06T12:00:00+0200,2023-10-06T12:00:00+0200,media,unclassified,,,,,
2436,PMR3-KB13PM,2496069,1edc43ca5e4bd7d3eb920885ef7256f7,2023-10-06T12:19:28+0200,2023-10-06T12:19:28+0200,media,human,setup,Homo sapiens,1,human,2023-10-31T12:20:03+0000
2437,PMR3-KB14PM,2496070,d26a6bcdf243fd8f309dd9443ddfd72b,2023-10-06T14:26:44+0200,2023-10-06T14:26:44+0200,media,human,setup,Homo sapiens,1,human,2023-10-31T12:20:45+0000
2438,PMR3-KB14PM,2496071,d26a6bcdf243fd8f309dd9443ddfd72b,2023-10-06T14:26:58+0200,2023-10-06T14:26:58+0200,media,human,setup,Homo sapiens,1,human,2023-10-31T12:20:45+0000
2439,PMR3-KB15PM,2496072,4571371db79ed119bac0753b7c0f6989,2023-09-04T17:49:42+0200,2023-09-04T17:49:42+0200,media,human,setup,Homo sapiens,1,human,2023-10-30T09:27:31+0000
2440,PMR3-KB15PM,2496073,4571371db79ed119bac0753b7c0f6989,2023-09-04T17:49:56+0200,2023-09-04T17:49:56+0200,media,blank,setup,,,human,2023-10-30T09:27:49+0000
2441,PMR3-KB15PM,2496074,4571371db79ed119bac0753b7c0f6989,2023-09-04T17:51:48+0200,2023-09-04T17:51:48+0200,media,human,setup,Homo sapiens,1,human,2023-10-30T09:27:31+0000
2442,PMR3-KB15PM,2496075,4571371db79ed119bac0753b7c0f6989,2023-09-04T17:53:10+0200,2023-09-04T17:53:10+0200,media,human,setup,Homo sapiens,1,human,2023-10-30T09:27:31+0000
2443,PMR3-KB15PM,2496076,82233114f1a8c1d168795f2e8554934d,2023-09-05T12:00:00+0200,2023-09-05T12:00:00+0200,media,unclassified,,,,,
2444,PMR3-KB15PM,2496077,1e59ab64c6266e38449d327624464f18,2023-09-06T12:00:00+0200,2023-09-06T12:00:00+0200,media,unclassified,,,,,
2445,PMR3-KB15PM,2496078,99a67ed9d0c41cd58a55d97e821b15d4,2023-09-07T12:00:00+0200,2023-09-07T12:00:00+0200,media,unclassified,,,,,
2446,PMR3-KB15PM,2496079,0049ff7cd8e4621a166a0b407e96964f,2023-09-08T11:59:02+0200,2023-09-08T11:59:02+0200,media,animal,,Sciurus vulgaris,1,human,2023-10-30T12:50:44+0000
2447,PMR3-KB15PM,2496080,0049ff7cd8e4621a166a0b407e96964f,2023-09-08T11:59:28+0200,2023-09-08T11:59:28+0200,media,blank,,,,human,2023-10-30T12:50:53+0000
2448,PMR3-KB15PM,2496081,0049ff7cd8e4621a166a0b407e96964f,2023-09-08T12:00:00+0200,2023-09-08T12:00:00+0200,media,unclassified,,,,,
2449,PMR3-KB15PM,2496082,a7bc46f2664cf0e75bdd574b829d836b,2023-09-09T12:00:00+0200,2023-09-09T12:00:00+0200,media,unclassified,,,,,
2450,PMR3-KB15PM,2496083,ef41999a93442083f4f895c04e1bd234,2023-09-09T13:38:26+0200,2023-09-09T13:38:26+0200,media,animal,,Other,1,human,2023-10-30T13:16:02+0000
2451,PMR3-KB15PM,2496084,74b15ef702f1e28c4603e293bb5fc1ac,2023-09-10T12:00:00+0200,2023-09-10T12:00:00+0200,media,unclassified,,,,,
2452,PMR3-KB15PM,2496085,a56fa99912beceb320abb422d2410e0b,2023-09-11T12:00:00+0200,2023-09-11T12:00:00+0200,media,unclassified,,,,,
2453,PMR3-KB15PM,2496086,07d5c0c17772e1b971f6c3df7c96ce0a,2023-09-12T08:40:18+0200,2023-09-12T08:40:18+0200,media,animal,,Sciurus vulgaris,1,human,2023-10-30T13:59:51+0000
2454,PMR3-KB15PM,2496087,65cca56a713ce93fa909e6e267935e5a,2023-09-12T12:00:00+0200,2023-09-12T12:00:00+0200,media,unclassified,,,,,
2455,PMR3-KB15PM,2496088,bf8339f4e8b8f8bc749af589d3165320,2023-09-13T12:00:00+0200,2023-09-13T12:00:00+0200,media,unclassified,,,,,
2456,PMR3-KB15PM,2496089,704a859e478067266c4a1e4d144d3a35,2023-09-14T12:00:00+0200,2023-09-14T12:00:00+0200,media,unclassified,,,,,
2457,PMR3-KB15PM,2496090,a7230b14ebe41540a1ebd7f0fe1cd436,2023-09-15T12:00:00+0200,2023-09-15T12:00:00+0200,media,unclassified,,,,,
2458,PMR3-KB15PM,2496091,fa47fd7baec815b3636022147c745a54,2023-09-16T12:00:00+0200,2023-09-16T12:00:00+0200,media,unclassified,,,,,
2459,PMR3-KB15PM,2496092,3bd960151e926ebe5a39907b6be317f7,2023-09-16T15:38:22+0200,2023-09-16T15:38:22+0200,media,animal,,Sciurus vulgaris,1,human,2023-10-30T14:34:13+0000
2460,PMR3-KB15PM,2496093,d03a9262d36b8c140a51bad8c572ff57,2023-09-17T08:10:56+0200,2023-09-17T08:10:56+0200,media,animal,,Sciurus vulgaris,1,human,2023-10-30T14:36:12+0000
2461,PMR3-KB15PM,2496094,0ae46fd689c3e83c1b96ea14c9a76fdc,2023-09-17T12:00:00+0200,2023-09-17T12:00:00+0200,media,unclassified,,,,,
2462,PMR3-KB15PM,2496095,36a1860ca67b0fd8b5c6a1e2fd931d55,2023-09-18T12:00:00+0200,2023-09-18T12:00:00+0200,media,unclassified,,,,,
2463,PMR3-KB15PM,2496096,833725fef757f7c95fa2698651e7070c,2023-09-19T12:00:00+0200,2023-09-19T12:00:00+0200,media,unclassified,,,,,
2464,PMR3-KB15PM,2496097,6e64d75570c026376d11b16de0d114fd,2023-09-20T10:35:16+0200,2023-09-20T10:35:16+0200,media,animal,,Sciurus vulgaris,1,human,2023-10-30T14:47:07+0000
2465,PMR3-KB15PM,2496098,95b389c4152d6aff270205c62d3b8422,2023-09-20T12:00:00+0200,2023-09-20T12:00:00+0200,media,unclassified,,,,,
2466,PMR3-KB15PM,2496099,60d128117c3acad1c0823ad73ac69c56,2023-09-21T12:00:00+0200,2023-09-21T12:00:00+0200,media,unclassified,,,,,
2467,PMR3-KB15PM,2496100,77e51d8b5a6a5c98d40adfcf4d9eaee0,2023-09-22T12:00:00+0200,2023-09-22T12:00:00+0200,media,unclassified,,,,,
2468,PMR3-KB15PM,2496101,129e4efc331d6cbdc1b0ee21aae96809,2023-09-23T12:00:00+0200,2023-09-23T12:00:00+0200,media,unclassified,,,,,
2469,PMR3-KB15PM,2496102,971e2fe100d4e2921288b73dc861ec7d,2023-09-24T12:00:00+0200,2023-09-24T12:00:00+0200,media,unclassified,,,,,
2470,PMR3-KB15PM,2496103,70a00433b83f8b9701b9f3e923e96ed4,2023-09-25T12:00:00+0200,2023-09-25T12:00:00+0200,media,unclassified,,,,,
2471,PMR3-KB15PM,2496104,cc79003b16b4d3e91790ac45ae255148,2023-09-26T07:51:30+0200,2023-09-26T07:51:30+0200,media,animal,,Sciurus vulgaris,1,human,2023-10-31T10:34:26+0000
2472,PMR3-KB15PM,2496105,cc79003b16b4d3e91790ac45ae255148,2023-09-26T07:52:04+0200,2023-09-26T07:52:04+0200,media,blank,,,,human,2023-10-31T10:34:32+0000
2473,PMR3-KB15PM,2496106,68354f0c8de20439b83e39ef54cd2b12,2023-09-26T12:00:00+0200,2023-09-26T12:00:00+0200,media,unclassified,,,,,
2474,PMR3-KB15PM,2496107,8cd7d26589926620adb3f6af8b6e4dee,2023-09-27T12:00:00+0200,2023-09-27T12:00:00+0200,media,unclassified,,,,,
2475,PMR3-KB15PM,2496108,ea2776157c14ae2059471f8a04d7fbf1,2023-09-28T12:00:00+0200,2023-09-28T12:00:00+0200,media,unclassified,,,,,
2476,PMR3-KB15PM,2496109,20a0aa969a91b7eb6aefb714266b22f8,2023-09-29T12:00:00+0200,2023-09-29T12:00:00+0200,media,unclassified,,,,,
2477,PMR3-KB15PM,2496110,d17712d6d65a2243e5db1e78f2812f91,2023-09-30T12:00:00+0200,2023-09-30T12:00:00+0200,media,unclassified,,,,,
2478,PMR3-KB15PM,2496111,2a5e8608a181fe43486e571719c228f9,2023-10-01T12:00:00+0200,2023-10-01T12:00:00+0200,media,unclassified,,,,,
2479,PMR3-KB15PM,2496112,94c97e5ba82d80b8b2b810f0454dc055,2023-10-02T12:00:00+0200,2023-10-02T12:00:00+0200,media,unclassified,,,,,
2480,PMR3-KB15PM,2496113,35e54f5ab9210f7a1f47fb689c1c60d4,2023-10-03T12:00:00+0200,2023-10-03T12:00:00+0200,media,unclassified,,,,,
2481,PMR3-KB15PM,2496114,59411af7496fca2978f92b15a142e65c,2023-10-04T11:32:14+0200,2023-10-04T11:32:14+0200,media,blank,setup,,,human,2023-10-31T12:08:11+0000
2482,PMR3-KB15PM,2496115,59411af7496fca2978f92b15a142e65c,2023-10-04T11:34:48+0200,2023-10-04T11:34:48+0200,media,human,setup,Homo sapiens,1,human,2023-10-31T12:08:04+0000
2483,PMR3-KB16PM,2496116,e28a582c058cde9fbabd7d0c377f3835,2023-09-05T10:59:26+0200,2023-09-05T10:59:26+0200,media,human,setup,Homo sapiens,1,human,2023-10-30T09:31:07+0000
2484,PMR3-KB16PM,2496117,e28a582c058cde9fbabd7d0c377f3835,2023-09-05T10:59:44+0200,2023-09-05T10:59:44+0200,media,human,setup,Homo sapiens,1,human,2023-10-30T09:31:07+0000
2485,PMR3-KB16PM,2496118,e28a582c058cde9fbabd7d0c377f3835,2023-09-05T11:00:06+0200,2023-09-05T11:00:06+0200,media,human,setup,Homo sapiens,1,human,2023-10-30T09:31:07+0000
2486,PMR3-KB16PM,2496119,cc724cc022c81c03106c8ea37e776c86,2023-09-05T12:00:00+0200,2023-09-05T12:00:00+0200,media,unclassified,,,,,
2487,PMR3-KB16PM,2496120,815259e8699ab7d8aa9332f5ed2623bf,2023-09-05T16:48:36+0200,2023-09-05T16:48:36+0200,media,animal,,Sciurus vulgaris,1,human,2023-10-30T09:51:23+0000
2488,PMR3-KB16PM,2496121,5cf560ba809ae608d84c411f6e5bea60,2023-09-06T09:35:26+0200,2023-09-06T09:35:26+0200,media,animal,,Dendrocopos major,1,human,2023-10-30T10:06:43+0000
2489,PMR3-KB16PM,2496122,ac090ea08185dd5d225de9f40af727b7,2023-09-06T12:00:00+0200,2023-09-06T12:00:00+0200,media,unclassified,,,,,
2490,PMR3-KB16PM,2496123,cabb5da1272268dd1d436dc489e2b978,2023-09-07T12:00:00+0200,2023-09-07T12:00:00+0200,media,unclassified,,,,,
2491,PMR3-KB16PM,2496124,32f7c66ac7512db8d8394f04dc6f8249,2023-09-07T20:10:06+0200,2023-09-07T20:10:06+0200,media,animal,,Lepus timidus,1,human,2023-10-30T11:01:54+0000
2492,PMR3-KB16PM,2496125,89b5802315f3f89443cfeecddb485b40,2023-09-08T10:00:36+0200,2023-09-08T10:00:36+0200,media,blank,,,,human,2023-10-30T12:49:19+0000
2493,PMR3-KB16PM,2496126,a1173a37182e06cda9d63bfcbd799b03,2023-09-08T12:00:00+0200,2023-09-08T12:00:00+0200,media,unclassified,,,,,
2494,PMR3-KB16PM,2496127,130290daf1330badfb484346d3abb85d,2023-09-09T12:00:00+0200,2023-09-09T12:00:00+0200,media,unclassified,,,,,
2495,PMR3-KB16PM,2496128,277f85f8933e63638afbffaffa1de291,2023-09-10T11:08:12+0200,2023-09-10T11:08:12+0200,media,animal,,Capreolus capreolus,1,human,2023-10-30T13:20:54+0000
2496,PMR3-KB16PM,2496129,277f85f8933e63638afbffaffa1de291,2023-09-10T11:08:20+0200,2023-09-10T11:08:20+0200,media,animal,,Capreolus capreolus,1,human,2023-10-30T13:20:54+0000
2497,PMR3-KB16PM,2496130,371a212405e38a5ea7108b4e261f0ff8,2023-09-10T12:00:00+0200,2023-09-10T12:00:00+0200,media,unclassified,,,,,
2498,PMR3-KB16PM,2496131,f04adb9e0a3f414829026aa690a2a33c,2023-09-11T12:00:00+0200,2023-09-11T12:00:00+0200,media,unclassified,,,,,
2499,PMR3-KB16PM,2496132,35d9be947fc2e3d398490ed883cd75b9,2023-09-12T12:00:00+0200,2023-09-12T12:00:00+0200,media,unclassified,,,,,
2500,PMR3-KB16PM,2496133,e1d28349e3040e11962e7d8d4ea21268,2023-09-12T14:33:42+0200,2023-09-12T14:33:42+0200,media,blank,,,,human,2023-10-30T14:04:11+0000
2501,PMR3-KB16PM,2496134,c70e4dd540fdefdf0554baeb72929942,2023-09-13T12:00:00+0200,2023-09-13T12:00:00+0200,media,unclassified,,,,,
2502,PMR3-KB16PM,2496135,874726f5e9357e5b8934d973d8864d7f,2023-09-14T12:00:00+0200,2023-09-14T12:00:00+0200,media,unclassified,,,,,
2503,PMR3-KB16PM,2496136,a779ed5e852ea2391730d4909c4e8b31,2023-09-15T12:00:00+0200,2023-09-15T12:00:00+0200,media,unclassified,,,,,
2504,PMR3-KB16PM,2496137,0f6bc1a0330b9b56a33e58c970c2dfdd,2023-09-16T12:00:00+0200,2023-09-16T12:00:00+0200,media,unclassified,,,,,
2505,PMR3-KB16PM,2496138,5c9e1d020ab7026885d2de536cac8f61,2023-09-17T12:00:00+0200,2023-09-17T12:00:00+0200,media,unclassified,,,,,
2506,PMR3-KB16PM,2496139,3c841c644cb18415ca1d950b2d9881cb,2023-09-18T12:00:00+0200,2023-09-18T12:00:00+0200,media,unclassified,,,,,
2507,PMR3-KB16PM,2496140,127f3cf80ba360a1deb8e44db70101dc,2023-09-19T12:00:00+0200,2023-09-19T12:00:00+0200,media,unclassified,,,,,
2508,PMR3-KB16PM,2496141,a6b3237220459f42cd68331081dc4d2c,2023-09-20T12:00:00+0200,2023-09-20T12:00:00+0200,media,unclassified,,,,,
2509,PMR3-KB16PM,2496142,4ba32d1b86727d59066e4f2adb15481a,2023-09-21T12:00:00+0200,2023-09-21T12:00:00+0200,media,unclassified,,,,,
2510,PMR3-KB16PM,2496143,309e2e3b7652d515a08f538db9c34345,2023-09-22T12:00:00+0200,2023-09-22T12:00:00+0200,media,unclassified,,,,,
2511,PMR3-KB16PM,2496144,1fb812bd93a3d818d61f899df7f5218c,2023-09-23T12:00:00+0200,2023-09-23T12:00:00+0200,media,unclassified,,,,,
2512,PMR3-KB16PM,2496145,a680af3e89d803fcb7f6485776a3c3b5,2023-09-24T12:00:00+0200,2023-09-24T12:00:00+0200,media,unclassified,,,,,
2513,PMR3-KB16PM,2496146,a5117a889fecf9f3232ad4862a24070f,2023-09-25T12:00:00+0200,2023-09-25T12:00:00+0200,media,unclassified,,,,,
2514,PMR3-KB16PM,2496147,2410d7083161d7977809dcb45d5928aa,2023-09-26T12:00:00+0200,2023-09-26T12:00:00+0200,media,unclassified,,,,,
2515,PMR3-KB16PM,2496148,0b5d68763bdaab3ddac90de1471b5cdd,2023-09-27T12:00:00+0200,2023-09-27T12:00:00+0200,media,unclassified,,,,,
2516,PMR3-KB16PM,2496149,50137a7ae6b89c3f833205be7ffbdda0,2023-09-28T12:00:00+0200,2023-09-28T12:00:00+0200,media,unclassified,,,,,
2517,PMR3-KB16PM,2496150,2624e9f0f6976d19fd17bfbd1d2793ab,2023-09-29T12:00:00+0200,2023-09-29T12:00:00+0200,media,unclassified,,,,,
2518,PMR3-KB16PM,2496151,c668e7d2fccc4d549f44a2c41abdfdcc,2023-09-30T12:00:00+0200,2023-09-30T12:00:00+0200,media,unclassified,,,,,
2519,PMR3-KB16PM,2496152,d2d1193c4be3b65264d09d53d87fdf98,2023-10-01T12:00:00+0200,2023-10-01T12:00:00+0200,media,unclassified,,,,,
2520,PMR3-KB16PM,2496153,3b6b21035be3accfad8f55ad7cd95fd8,2023-10-02T08:32:40+0200,2023-10-02T08:32:40+0200,media,animal,,Sciurus vulgaris,1,human,2023-10-31T10:46:28+0000
2521,PMR3-KB16PM,2496154,20652381360a21784d5f2c147b88ba32,2023-10-02T12:00:00+0200,2023-10-02T12:00:00+0200,media,unclassified,,,,,
2522,PMR3-KB16PM,2496155,89cacdeab03ea8ab4b8f7f98e48791a3,2023-10-03T12:00:00+0200,2023-10-03T12:00:00+0200,media,unclassified,,,,,
2523,PMR3-KB16PM,2496156,9f9e70096633426242321b756a07e07e,2023-10-04T12:00:00+0200,2023-10-04T12:00:00+0200,media,unclassified,,,,,
2524,PMR3-KB16PM,2496157,8b7664a6c378762c15631d0cebbc3a54,2023-10-04T12:54:16+0200,2023-10-04T12:54:16+0200,media,human,setup,Homo sapiens,1,human,2023-10-31T12:09:47+0000
2525,PMR3-KB17PM,2496158,a47723e8f959967be25d49cb5b8cb1bf,2023-09-05T18:00:54+0200,2023-09-05T18:00:54+0200,media,human,setup,Homo sapiens,1,human,2023-10-30T09:52:55+0000
2526,PMR3-KB17PM,2496159,a47723e8f959967be25d49cb5b8cb1bf,2023-09-05T18:02:46+0200,2023-09-05T18:02:46+0200,media,human,setup,Homo sapiens,1,human,2023-10-30T09:52:55+0000
2527,PMR3-KB17PM,2496160,a47723e8f959967be25d49cb5b8cb1bf,2023-09-05T18:02:56+0200,2023-09-05T18:02:56+0200,media,human,setup,Homo sapiens,1,human,2023-10-30T09:52:55+0000
2528,PMR3-KB17PM,2496161,d2a357c78e87d3bd53150a309540b6b7,2023-09-06T12:00:00+0200,2023-09-06T12:00:00+0200,media,unclassified,,,,,
2529,PMR3-KB17PM,2496162,b306dc0bbaa9ecd924fc487e14cac6cb,2023-09-07T12:00:00+0200,2023-09-07T12:00:00+0200,media,unclassified,,,,,
2530,PMR3-KB17PM,2496163,49f437b8480924ace49ed0ace2f22123,2023-09-08T12:00:00+0200,2023-09-08T12:00:00+0200,media,unclassified,,,,,
2531,PMR3-KB17PM,2496164,4b371813ef821b007cd437fb8b90ab5a,2023-09-09T12:00:00+0200,2023-09-09T12:00:00+0200,media,unclassified,,,,,
2532,PMR3-KB17PM,2496165,30b32751e0eea11cb1c02278f6e208b8,2023-09-10T12:00:00+0200,2023-09-10T12:00:00+0200,media,unclassified,,,,,
2533,PMR3-KB17PM,2496166,0d8fbcaa2610b1424583f5032fc7b5d2,2023-09-11T12:00:00+0200,2023-09-11T12:00:00+0200,media,unclassified,,,,,
2534,PMR3-KB17PM,2496167,967ae7e3e98945603f06752cad3c8f9f,2023-09-12T12:00:00+0200,2023-09-12T12:00:00+0200,media,unclassified,,,,,
2535,PMR3-KB17PM,2496168,f916af22025b9a80bb4279969d81821c,2023-09-13T12:00:00+0200,2023-09-13T12:00:00+0200,media,unclassified,,,,,
2536,PMR3-KB17PM,2496169,7ea723b4d94293d8b0aa9962ecd7ff04,2023-09-14T12:00:00+0200,2023-09-14T12:00:00+0200,media,unclassified,,,,,
2537,PMR3-KB17PM,2496170,78dfde4c37403c8f1bfa7cf334b9db1d,2023-09-15T12:00:00+0200,2023-09-15T12:00:00+0200,media,unclassified,,,,,
2538,PMR3-KB17PM,2496171,a13cec7289dd0843ab3e6778a546e5f4,2023-09-16T12:00:00+0200,2023-09-16T12:00:00+0200,media,unclassified,,,,,
2539,PMR3-KB17PM,2496172,63b083deea746844c3733512b0d19727,2023-09-17T12:00:00+0200,2023-09-17T12:00:00+0200,media,unclassified,,,,,
2540,PMR3-KB17PM,2496173,f20c3624d8287978f106318cec806f6a,2023-09-17T17:57:48+0200,2023-09-17T17:57:48+0200,media,animal,,Alces alces,1,human,2023-10-30T14:37:51+0000
2541,PMR3-KB17PM,2496174,f20c3624d8287978f106318cec806f6a,2023-09-17T17:58:06+0200,2023-09-17T17:58:06+0200,media,animal,,Alces alces,1,human,2023-10-30T14:37:51+0000
2542,PMR3-KB17PM,2496175,f20c3624d8287978f106318cec806f6a,2023-09-17T17:58:36+0200,2023-09-17T17:58:36+0200,media,animal,,Alces alces,1,human,2023-10-30T14:37:51+0000
2543,PMR3-KB17PM,2496176,f20c3624d8287978f106318cec806f6a,2023-09-17T17:58:54+0200,2023-09-17T17:58:54+0200,media,animal,,Alces alces,1,human,2023-10-30T14:37:51+0000
2544,PMR3-KB17PM,2496177,f20c3624d8287978f106318cec806f6a,2023-09-17T17:59:04+0200,2023-09-17T17:59:04+0200,media,animal,,Alces alces,1,human,2023-10-30T14:37:51+0000
2545,PMR3-KB17PM,2496178,f20c3624d8287978f106318cec806f6a,2023-09-17T17:59:12+0200,2023-09-17T17:59:12+0200,media,animal,,Alces alces,1,human,2023-10-30T14:37:51+0000
2546,PMR3-KB17PM,2496179,f20c3624d8287978f106318cec806f6a,2023-09-17T17:59:22+0200,2023-09-17T17:59:22+0200,media,animal,,Alces alces,1,human,2023-10-30T14:37:51+0000
2547,PMR3-KB17PM,2496180,f20c3624d8287978f106318cec806f6a,2023-09-17T17:59:34+0200,2023-09-17T17:59:34+0200,media,animal,,Alces alces,1,human,2023-10-30T14:37:51+0000
2548,PMR3-KB17PM,2496181,3b64e9a0726d41d3ff9951a6d362ed16,2023-09-18T12:00:00+0200,2023-09-18T12:00:00+0200,media,unclassified,,,,,
2549,PMR3-KB17PM,2496182,7de0461023d114d0989ce94b756996b4,2023-09-19T12:00:00+0200,2023-09-19T12:00:00+0200,media,unclassified,,,,,
2550,PMR3-KB17PM,2496183,1e1ea7eeb234574059044b0cc68a4b9b,2023-09-20T12:00:00+0200,2023-09-20T12:00:00+0200,media,unclassified,,,,,
2551,PMR3-KB17PM,2496184,df16817e5a1f317d0fe470d0dbd13b79,2023-09-20T13:09:44+0200,2023-09-20T13:09:44+0200,media,human,,Homo sapiens,6,human,2023-10-31T10:18:07+0000
2552,PMR3-KB17PM,2496185,df16817e5a1f317d0fe470d0dbd13b79,2023-09-20T13:09:52+0200,2023-09-20T13:09:52+0200,media,human,,Homo sapiens,6,human,2023-10-31T10:18:23+0000
2553,PMR3-KB17PM,2496186,df16817e5a1f317d0fe470d0dbd13b79,2023-09-20T13:10:06+0200,2023-09-20T13:10:06+0200,media,human,,Homo sapiens,1,human,2023-10-31T10:18:50+0000
2554,PMR3-KB17PM,2496187,df16817e5a1f317d0fe470d0dbd13b79,2023-09-20T13:10:14+0200,2023-09-20T13:10:14+0200,media,human,,Homo sapiens,1,human,2023-10-31T10:19:11+0000
2555,PMR3-KB17PM,2496188,df16817e5a1f317d0fe470d0dbd13b79,2023-09-20T13:10:26+0200,2023-09-20T13:10:26+0200,media,human,,Homo sapiens,5,human,2023-10-31T10:19:32+0000
2556,PMR3-KB17PM,2496189,68e538dc799977d9192f269d16bb238a,2023-09-21T12:00:00+0200,2023-09-21T12:00:00+0200,media,unclassified,,,,,
2557,PMR3-KB17PM,2496190,8b6e13330583f0712fb4d9b533e328b2,2023-09-22T12:00:00+0200,2023-09-22T12:00:00+0200,media,unclassified,,,,,
2558,PMR3-KB17PM,2496191,e890c43cf93315e3cd90d2e5b426ca6f,2023-09-23T12:00:00+0200,2023-09-23T12:00:00+0200,media,unclassified,,,,,
2559,PMR3-KB17PM,2496192,f8d5f51ede26678f433a4d3c6592dd27,2023-09-24T12:00:00+0200,2023-09-24T12:00:00+0200,media,unclassified,,,,,
2560,PMR3-KB17PM,2496193,0ae8ce36b2d6762190a49aba30128ae3,2023-09-25T12:00:00+0200,2023-09-25T12:00:00+0200,media,unclassified,,,,,
2561,PMR3-KB17PM,2496194,0b9c13efdd91f93bd6a0b58e80726de8,2023-09-26T12:00:00+0200,2023-09-26T12:00:00+0200,media,unclassified,,,,,
2562,PMR3-KB17PM,2496195,6fc05e2acbb553fcbd7785b1a034d269,2023-09-27T12:00:00+0200,2023-09-27T12:00:00+0200,media,unclassified,,,,,
2563,PMR3-KB17PM,2496196,ee064bfd9e61ecf61904e333742c5ce3,2023-09-28T12:00:00+0200,2023-09-28T12:00:00+0200,media,unclassified,,,,,
2564,PMR3-KB17PM,2496197,d57dc024c509b5000116a9b014a9e73d,2023-09-29T12:00:00+0200,2023-09-29T12:00:00+0200,media,unclassified,,,,,
2565,PMR3-KB17PM,2496198,1c76751947d016ef6540e97f7532c5a3,2023-09-30T12:00:00+0200,2023-09-30T12:00:00+0200,media,unclassified,,,,,
2566,PMR3-KB17PM,2496199,fe59c7d63c3af6d9f88c0c747183543f,2023-10-01T12:00:00+0200,2023-10-01T12:00:00+0200,media,unclassified,,,,,
2567,PMR3-KB17PM,2496200,560aa8a7ab58f87128857e3307504659,2023-10-02T12:00:00+0200,2023-10-02T12:00:00+0200,media,unclassified,,,,,
2568,PMR3-KB17PM,2496201,ebbaecd4acf9fa0b356cc4e6982a281f,2023-10-02T16:38:28+0200,2023-10-02T16:38:28+0200,media,human,setup,Homo sapiens,1,human,2023-10-31T11:56:56+0000
2569,PMR3-KB17PM,2496202,ebbaecd4acf9fa0b356cc4e6982a281f,2023-10-02T16:38:34+0200,2023-10-02T16:38:34+0200,media,human,setup,Homo sapiens,1,human,2023-10-31T11:56:56+0000
2570,PMR3-KB18PM,2496203,4b0c3d1bbd3f8c7f26c22fb89b025982,2023-09-04T14:58:18+0200,2023-09-04T14:58:18+0200,media,human,setup,Homo sapiens,1,human,2023-10-30T09:22:03+0000
2571,PMR3-KB18PM,2496204,4b0c3d1bbd3f8c7f26c22fb89b025982,2023-09-04T14:59:34+0200,2023-09-04T14:59:34+0200,media,human,setup,Homo sapiens,1,human,2023-10-30T09:22:03+0000
2572,PMR3-KB18PM,2496205,212529f646bf7721bf57c2a934a10f40,2023-09-05T12:00:00+0200,2023-09-05T12:00:00+0200,media,unclassified,,,,,
2573,PMR3-KB18PM,2496206,1f848051ac9550a071907f25e0edef54,2023-09-06T12:00:00+0200,2023-09-06T12:00:00+0200,media,unclassified,,,,,
2574,PMR3-KB18PM,2496207,e4da4a187bfa3f11930bf40eace92677,2023-09-07T12:00:00+0200,2023-09-07T12:00:00+0200,media,unclassified,,,,,
2575,PMR3-KB18PM,2496208,42a1207c90d8af436854bf504de91969,2023-09-08T12:00:00+0200,2023-09-08T12:00:00+0200,media,unclassified,,,,,
2576,PMR3-KB18PM,2496209,85fad7ce155d85e4f0b4864263b78dc3,2023-09-09T12:00:00+0200,2023-09-09T12:00:00+0200,media,unclassified,,,,,
2577,PMR3-KB18PM,2496210,14f142623d70aaf81e461c5d3c493bd9,2023-09-09T13:17:06+0200,2023-09-09T13:17:06+0200,media,animal,,Alces alces,1,human,2023-10-30T13:15:04+0000
2578,PMR3-KB18PM,2496211,14f142623d70aaf81e461c5d3c493bd9,2023-09-09T13:17:14+0200,2023-09-09T13:17:14+0200,media,animal,,Alces alces,1,human,2023-10-30T13:15:04+0000
2579,PMR3-KB18PM,2496212,14f142623d70aaf81e461c5d3c493bd9,2023-09-09T13:17:50+0200,2023-09-09T13:17:50+0200,media,animal,,Alces alces,1,human,2023-10-30T13:15:04+0000
2580,PMR3-KB18PM,2496213,14f142623d70aaf81e461c5d3c493bd9,2023-09-09T13:19:56+0200,2023-09-09T13:19:56+0200,media,animal,,Alces alces,1,human,2023-10-30T13:15:04+0000
2581,PMR3-KB18PM,2496214,14f142623d70aaf81e461c5d3c493bd9,2023-09-09T13:20:10+0200,2023-09-09T13:20:10+0200,media,animal,,Alces alces,1,human,2023-10-30T13:15:04+0000
2582,PMR3-KB18PM,2496215,14f142623d70aaf81e461c5d3c493bd9,2023-09-09T13:20:20+0200,2023-09-09T13:20:20+0200,media,animal,,Alces alces,1,human,2023-10-30T13:15:04+0000
2583,PMR3-KB18PM,2496216,14f142623d70aaf81e461c5d3c493bd9,2023-09-09T13:21:02+0200,2023-09-09T13:21:02+0200,media,animal,,Alces alces,1,human,2023-10-30T13:15:04+0000
2584,PMR3-KB18PM,2496217,7635fc943f1f0d8c76768f3466a8ad26,2023-09-10T12:00:00+0200,2023-09-10T12:00:00+0200,media,unclassified,,,,,
2585,PMR3-KB18PM,2496218,b7c006acad8902d6d3de9ab7896292d1,2023-09-11T12:00:00+0200,2023-09-11T12:00:00+0200,media,unclassified,,,,,
2586,PMR3-KB18PM,2496219,b43f361800855073de5634100dcdcda5,2023-09-12T12:00:00+0200,2023-09-12T12:00:00+0200,media,unclassified,,,,,
2587,PMR3-KB18PM,2496220,a95102046a3ce150a825a9a79400a3f5,2023-09-13T12:00:00+0200,2023-09-13T12:00:00+0200,media,unclassified,,,,,
2588,PMR3-KB18PM,2496221,e743d98ce2b6f6e6db1f18dbc8b920ab,2023-09-13T18:44:00+0200,2023-09-13T18:44:00+0200,media,animal,,Alces alces,1,human,2023-10-30T14:15:53+0000
2589,PMR3-KB18PM,2496222,e743d98ce2b6f6e6db1f18dbc8b920ab,2023-09-13T18:44:18+0200,2023-09-13T18:44:18+0200,media,animal,,Alces alces,1,human,2023-10-30T14:15:53+0000
2590,PMR3-KB18PM,2496223,1e9dca02ebeaa99e03fe8e4b4080915e,2023-09-14T04:57:44+0200,2023-09-14T04:57:44+0200,media,animal,,Alces alces,1,human,2023-10-30T14:16:34+0000
2591,PMR3-KB18PM,2496224,1e9dca02ebeaa99e03fe8e4b4080915e,2023-09-14T04:57:50+0200,2023-09-14T04:57:50+0200,media,animal,,Alces alces,1,human,2023-10-30T14:16:34+0000
2592,PMR3-KB18PM,2496225,1e9dca02ebeaa99e03fe8e4b4080915e,2023-09-14T04:58:06+0200,2023-09-14T04:58:06+0200,media,animal,,Alces alces,1,human,2023-10-30T14:16:34+0000
2593,PMR3-KB18PM,2496226,1e9dca02ebeaa99e03fe8e4b4080915e,2023-09-14T04:58:54+0200,2023-09-14T04:58:54+0200,media,animal,,Alces alces,1,human,2023-10-30T14:16:34+0000
2594,PMR3-KB18PM,2496227,1e9dca02ebeaa99e03fe8e4b4080915e,2023-09-14T04:59:04+0200,2023-09-14T04:59:04+0200,media,animal,,Alces alces,1,human,2023-10-30T14:16:34+0000
2595,PMR3-KB18PM,2496228,1e9dca02ebeaa99e03fe8e4b4080915e,2023-09-14T04:59:12+0200,2023-09-14T04:59:12+0200,media,animal,,Alces alces,1,human,2023-10-30T14:16:34+0000
2596,PMR3-KB18PM,2496229,1e9dca02ebeaa99e03fe8e4b4080915e,2023-09-14T04:59:28+0200,2023-09-14T04:59:28+0200,media,animal,,Alces alces,1,human,2023-10-30T14:16:34+0000
2597,PMR3-KB18PM,2496230,1e9dca02ebeaa99e03fe8e4b4080915e,2023-09-14T04:59:40+0200,2023-09-14T04:59:40+0200,media,animal,,Alces alces,1,human,2023-10-30T14:16:34+0000
2598,PMR3-KB18PM,2496231,1e9dca02ebeaa99e03fe8e4b4080915e,2023-09-14T04:59:50+0200,2023-09-14T04:59:50+0200,media,animal,,Alces alces,1,human,2023-10-30T14:16:34+0000
2599,PMR3-KB18PM,2496232,1e9dca02ebeaa99e03fe8e4b4080915e,2023-09-14T04:59:56+0200,2023-09-14T04:59:56+0200,media,animal,,Alces alces,1,human,2023-10-30T14:16:34+0000
2600,PMR3-KB18PM,2496233,1e9dca02ebeaa99e03fe8e4b4080915e,2023-09-14T05:00:04+0200,2023-09-14T05:00:04+0200,media,animal,,Alces alces,1,human,2023-10-30T14:16:34+0000
2601,PMR3-KB18PM,2496234,1e9dca02ebeaa99e03fe8e4b4080915e,2023-09-14T05:00:12+0200,2023-09-14T05:00:12+0200,media,animal,,Alces alces,1,human,2023-10-30T14:16:34+0000
2602,PMR3-KB18PM,2496235,1e9dca02ebeaa99e03fe8e4b4080915e,2023-09-14T05:00:22+0200,2023-09-14T05:00:22+0200,media,animal,,Alces alces,1,human,2023-10-30T14:16:34+0000
2603,PMR3-KB18PM,2496236,1e9dca02ebeaa99e03fe8e4b4080915e,2023-09-14T05:00:32+0200,2023-09-14T05:00:32+0200,media,animal,,Alces alces,1,human,2023-10-30T14:16:34+0000
2604,PMR3-KB18PM,2496237,1e9dca02ebeaa99e03fe8e4b4080915e,2023-09-14T05:00:36+0200,2023-09-14T05:00:36+0200,media,animal,,Alces alces,1,human,2023-10-30T14:16:34+0000
2605,PMR3-KB18PM,2496238,1e9dca02ebeaa99e03fe8e4b4080915e,2023-09-14T05:00:56+0200,2023-09-14T05:00:56+0200,media,animal,,Alces alces,1,human,2023-10-30T14:16:34+0000
2606,PMR3-KB18PM,2496239,1e9dca02ebeaa99e03fe8e4b4080915e,2023-09-14T05:01:08+0200,2023-09-14T05:01:08+0200,media,animal,,Alces alces,1,human,2023-10-30T14:16:34+0000
2607,PMR3-KB18PM,2496240,1e9dca02ebeaa99e03fe8e4b4080915e,2023-09-14T05:01:22+0200,2023-09-14T05:01:22+0200,media,animal,,Alces alces,1,human,2023-10-30T14:16:34+0000
2608,PMR3-KB18PM,2496241,1e9dca02ebeaa99e03fe8e4b4080915e,2023-09-14T05:01:30+0200,2023-09-14T05:01:30+0200,media,animal,,Alces alces,1,human,2023-10-30T14:16:34+0000
2609,PMR3-KB18PM,2496242,1e9dca02ebeaa99e03fe8e4b4080915e,2023-09-14T05:01:40+0200,2023-09-14T05:01:40+0200,media,animal,,Alces alces,1,human,2023-10-30T14:16:34+0000
2610,PMR3-KB18PM,2496243,1e9dca02ebeaa99e03fe8e4b4080915e,2023-09-14T05:01:56+0200,2023-09-14T05:01:56+0200,media,animal,,Alces alces,1,human,2023-10-30T14:16:34+0000
2611,PMR3-KB18PM,2496244,1e9dca02ebeaa99e03fe8e4b4080915e,2023-09-14T05:02:02+0200,2023-09-14T05:02:02+0200,media,animal,,Alces alces,1,human,2023-10-30T14:16:34+0000
2612,PMR3-KB18PM,2496245,1e9dca02ebeaa99e03fe8e4b4080915e,2023-09-14T05:02:08+0200,2023-09-14T05:02:08+0200,media,animal,,Alces alces,1,human,2023-10-30T14:16:34+0000
2613,PMR3-KB18PM,2496246,1e9dca02ebeaa99e03fe8e4b4080915e,2023-09-14T05:02:22+0200,2023-09-14T05:02:22+0200,media,animal,,Alces alces,1,human,2023-10-30T14:16:34+0000
2614,PMR3-KB18PM,2496247,1e9dca02ebeaa99e03fe8e4b4080915e,2023-09-14T05:02:32+0200,2023-09-14T05:02:32+0200,media,animal,,Alces alces,1,human,2023-10-30T14:16:34+0000
2615,PMR3-KB18PM,2496248,1e9dca02ebeaa99e03fe8e4b4080915e,2023-09-14T05:02:50+0200,2023-09-14T05:02:50+0200,media,animal,,Alces alces,1,human,2023-10-30T14:16:34+0000
2616,PMR3-KB18PM,2496249,1e9dca02ebeaa99e03fe8e4b4080915e,2023-09-14T05:03:00+0200,2023-09-14T05:03:00+0200,media,animal,,Alces alces,1,human,2023-10-30T14:16:34+0000
2617,PMR3-KB18PM,2496250,1e9dca02ebeaa99e03fe8e4b4080915e,2023-09-14T05:04:48+0200,2023-09-14T05:04:48+0200,media,animal,,Alces alces,1,human,2023-10-30T14:16:34+0000
2618,PMR3-KB18PM,2496251,1e9dca02ebeaa99e03fe8e4b4080915e,2023-09-14T05:06:18+0200,2023-09-14T05:06:18+0200,media,animal,,Alces alces,1,human,2023-10-30T14:16:34+0000
2619,PMR3-KB18PM,2496252,1e9dca02ebeaa99e03fe8e4b4080915e,2023-09-14T05:06:34+0200,2023-09-14T05:06:34+0200,media,animal,,Alces alces,1,human,2023-10-30T14:16:34+0000
2620,PMR3-KB18PM,2496253,8617d7f7fc7d177fa08bd74486a9e09e,2023-09-14T12:00:00+0200,2023-09-14T12:00:00+0200,media,unclassified,,,,,
2621,PMR3-KB18PM,2496254,70960c13daa1f62c5bf1bb79ddfa7e0d,2023-09-15T12:00:00+0200,2023-09-15T12:00:00+0200,media,unclassified,,,,,
2622,PMR3-KB18PM,2496255,cd7006420f9c7049c7ac4e2e90264375,2023-09-16T12:00:00+0200,2023-09-16T12:00:00+0200,media,unclassified,,,,,
2623,PMR3-KB18PM,2496256,b23c4d3da967dafa0ad1da9e380e6778,2023-09-17T09:55:46+0200,2023-09-17T09:55:46+0200,media,animal,,Alces alces,1,human,2023-10-30T14:36:58+0000
2624,PMR3-KB18PM,2496257,b23c4d3da967dafa0ad1da9e380e6778,2023-09-17T09:56:10+0200,2023-09-17T09:56:10+0200,media,animal,,Alces alces,1,human,2023-10-30T14:36:58+0000
2625,PMR3-KB18PM,2496258,9b68b21343b8c960ef535a6eefe35a18,2023-09-17T12:00:00+0200,2023-09-17T12:00:00+0200,media,unclassified,,,,,
2626,PMR3-KB18PM,2496259,645fbaea293ccbcdddd5168966396333,2023-09-18T12:00:00+0200,2023-09-18T12:00:00+0200,media,unclassified,,,,,
2627,PMR3-KB18PM,2496260,6afe3b67094b6e048156bbb8feb8e3e3,2023-09-19T12:00:00+0200,2023-09-19T12:00:00+0200,media,unclassified,,,,,
2628,PMR3-KB18PM,2496261,65f062b2ed170a99753b6e8010832f85,2023-09-20T12:00:00+0200,2023-09-20T12:00:00+0200,media,unclassified,,,,,
2629,PMR3-KB18PM,2496262,951d5e82f9a21d978948f7c8c700c5a3,2023-09-21T12:00:00+0200,2023-09-21T12:00:00+0200,media,unclassified,,,,,
2630,PMR3-KB18PM,2496263,5add7cf0159cdc9cbb7930c77afada55,2023-09-22T12:00:00+0200,2023-09-22T12:00:00+0200,media,unclassified,,,,,
2631,PMR3-KB18PM,2496264,c008cc8c9ec4bdf265e9c121a37e1892,2023-09-23T12:00:00+0200,2023-09-23T12:00:00+0200,media,unclassified,,,,,
2632,PMR3-KB18PM,2496265,080e2a414c81344b9ea41cdd73b1de85,2023-09-24T06:36:46+0200,2023-09-24T06:36:46+0200,media,animal,,Alces alces,1,human,2023-10-31T10:29:48+0000
2633,PMR3-KB18PM,2496266,080e2a414c81344b9ea41cdd73b1de85,2023-09-24T06:36:56+0200,2023-09-24T06:36:56+0200,media,animal,,Alces alces,1,human,2023-10-31T10:29:48+0000
2634,PMR3-KB18PM,2496267,080e2a414c81344b9ea41cdd73b1de85,2023-09-24T06:37:04+0200,2023-09-24T06:37:04+0200,media,animal,,Alces alces,1,human,2023-10-31T10:29:48+0000
2635,PMR3-KB18PM,2496268,080e2a414c81344b9ea41cdd73b1de85,2023-09-24T06:37:12+0200,2023-09-24T06:37:12+0200,media,animal,,Alces alces,1,human,2023-10-31T10:29:48+0000
2636,PMR3-KB18PM,2496269,080e2a414c81344b9ea41cdd73b1de85,2023-09-24T06:39:20+0200,2023-09-24T06:39:20+0200,media,animal,,Alces alces,1,human,2023-10-31T10:29:48+0000
2637,PMR3-KB18PM,2496270,080e2a414c81344b9ea41cdd73b1de85,2023-09-24T06:39:30+0200,2023-09-24T06:39:30+0200,media,animal,,Alces alces,1,human,2023-10-31T10:29:48+0000
2638,PMR3-KB18PM,2496271,080e2a414c81344b9ea41cdd73b1de85,2023-09-24T06:39:40+0200,2023-09-24T06:39:40+0200,media,animal,,Alces alces,1,human,2023-10-31T10:29:48+0000
2639,PMR3-KB18PM,2496272,080e2a414c81344b9ea41cdd73b1de85,2023-09-24T06:39:48+0200,2023-09-24T06:39:48+0200,media,animal,,Alces alces,1,human,2023-10-31T10:29:48+0000
2640,PMR3-KB18PM,2496273,080e2a414c81344b9ea41cdd73b1de85,2023-09-24T06:40:08+0200,2023-09-24T06:40:08+0200,media,animal,,Alces alces,1,human,2023-10-31T10:29:48+0000
2641,PMR3-KB18PM,2496274,080e2a414c81344b9ea41cdd73b1de85,2023-09-24T06:42:34+0200,2023-09-24T06:42:34+0200,media,animal,,Alces alces,1,human,2023-10-31T10:29:48+0000
2642,PMR3-KB18PM,2496275,080e2a414c81344b9ea41cdd73b1de85,2023-09-24T06:42:42+0200,2023-09-24T06:42:42+0200,media,animal,,Alces alces,1,human,2023-10-31T10:29:48+0000
2643,PMR3-KB18PM,2496276,080e2a414c81344b9ea41cdd73b1de85,2023-09-24T06:42:48+0200,2023-09-24T06:42:48+0200,media,animal,,Alces alces,1,human,2023-10-31T10:29:48+0000
2644,PMR3-KB18PM,2496277,080e2a414c81344b9ea41cdd73b1de85,2023-09-24T06:42:56+0200,2023-09-24T06:42:56+0200,media,animal,,Alces alces,1,human,2023-10-31T10:29:48+0000
2645,PMR3-KB18PM,2496278,080e2a414c81344b9ea41cdd73b1de85,2023-09-24T06:43:04+0200,2023-09-24T06:43:04+0200,media,animal,,Alces alces,1,human,2023-10-31T10:29:48+0000
2646,PMR3-KB18PM,2496279,bf8b429fa8af0cf5aa9fd00ff7b6a00a,2023-09-24T12:00:00+0200,2023-09-24T12:00:00+0200,media,unclassified,,,,,
2647,PMR3-KB18PM,2496280,b40e168636593dec20441330bc2af2d5,2023-09-25T12:00:00+0200,2023-09-25T12:00:00+0200,media,unclassified,,,,,
2648,PMR3-KB18PM,2496281,3bd869c646c026b3245abfbbe4b2df0d,2023-09-26T00:33:34+0200,2023-09-26T00:33:34+0200,media,animal,,Alces alces,1,human,2023-10-31T10:33:38+0000
2649,PMR3-KB18PM,2496282,6a4839700baf5311468703c6bf40246e,2023-09-26T12:00:00+0200,2023-09-26T12:00:00+0200,media,unclassified,,,,,
2650,PMR3-KB18PM,2496283,45b318f5fc8f0bc89b21ab5359b8c226,2023-09-27T12:00:00+0200,2023-09-27T12:00:00+0200,media,unclassified,,,,,
2651,PMR3-KB18PM,2496284,2b540da4c4f4d80c45f580dbfcf47a3d,2023-09-28T12:00:00+0200,2023-09-28T12:00:00+0200,media,unclassified,,,,,
2652,PMR3-KB18PM,2496285,1a077436e177f6fc04d1f67d2f9fdb1d,2023-09-29T12:00:00+0200,2023-09-29T12:00:00+0200,media,unclassified,,,,,
2653,PMR3-KB18PM,2496286,3177b7840594b508c6db079a32f20e88,2023-09-30T12:00:00+0200,2023-09-30T12:00:00+0200,media,unclassified,,,,,
2654,PMR3-KB18PM,2496287,a6a6e8028aa843efc39405e3b68e33f4,2023-10-01T12:00:00+0200,2023-10-01T12:00:00+0200,media,unclassified,,,,,
2655,PMR3-KB18PM,2496288,51b0bc96b2bbe4d38291a8c676c349e5,2023-10-02T12:00:00+0200,2023-10-02T12:00:00+0200,media,unclassified,,,,,
2656,PMR3-KB18PM,2496289,8427f2e228ef1f752f5a7081b1b1c2f1,2023-10-03T12:00:00+0200,2023-10-03T12:00:00+0200,media,unclassified,,,,,
2657,PMR3-KB18PM,2496290,4f79b1c440cdce91f4c51496d108a3e3,2023-10-04T12:00:00+0200,2023-10-04T12:00:00+0200,media,unclassified,,,,,
2658,PMR3-KB18PM,2496291,6edd70693c60c3f794100f2a62cb0c7c,2023-10-05T12:00:00+0200,2023-10-05T12:00:00+0200,media,unclassified,,,,,
2659,PMR3-KB18PM,2496292,ad9e32560aaff86da27839a24d2c4ffc,2023-10-06T12:00:00+0200,2023-10-06T12:00:00+0200,media,unclassified,,,,,
2660,PMR3-KB18PM,2496293,85383ba1f5189fcee39ec46b1d1286b3,2023-10-06T13:16:40+0200,2023-10-06T13:16:40+0200,media,human,setup,Homo sapiens,1,human,2023-10-31T12:20:15+0000
2661,PMR3-KB18PM,2496294,85383ba1f5189fcee39ec46b1d1286b3,2023-10-06T13:20:16+0200,2023-10-06T13:20:16+0200,media,human,setup,Homo sapiens,1,human,2023-10-31T12:20:24+0000
2662,PMR3-KB18PM,2496295,85383ba1f5189fcee39ec46b1d1286b3,2023-10-06T13:20:24+0200,2023-10-06T13:20:24+0200,media,human,setup,Homo sapiens,1,human,2023-10-31T12:20:33+0000
2663,PMR3-KB19PM,2496296,c343c81f07a6d8dcdefc66e7f8790e85,2023-09-04T15:46:46+0200,2023-09-04T15:46:46+0200,media,blank,setup,,,human,2023-10-30T09:24:41+0000
2664,PMR3-KB19PM,2496297,c343c81f07a6d8dcdefc66e7f8790e85,2023-09-04T15:46:54+0200,2023-09-04T15:46:54+0200,media,human,setup,Homo sapiens,1,human,2023-10-30T09:24:28+0000
2665,PMR3-KB19PM,2496298,c343c81f07a6d8dcdefc66e7f8790e85,2023-09-04T15:47:12+0200,2023-09-04T15:47:12+0200,media,human,setup,Homo sapiens,1,human,2023-10-30T09:24:28+0000
2666,PMR3-KB19PM,2496299,c343c81f07a6d8dcdefc66e7f8790e85,2023-09-04T15:47:22+0200,2023-09-04T15:47:22+0200,media,human,setup,Homo sapiens,1,human,2023-10-30T09:24:28+0000
2667,PMR3-KB19PM,2496300,c343c81f07a6d8dcdefc66e7f8790e85,2023-09-04T15:47:44+0200,2023-09-04T15:47:44+0200,media,human,setup,Homo sapiens,1,human,2023-10-30T09:24:28+0000
2668,PMR3-KB19PM,2496301,99df193e653f931316c2917c9ebb44c0,2023-09-05T12:00:00+0200,2023-09-05T12:00:00+0200,media,unclassified,,,,,
2669,PMR3-KB19PM,2496302,9d4f7e3a8c1e7962d7045ec0a8012d46,2023-09-06T12:00:00+0200,2023-09-06T12:00:00+0200,media,unclassified,,,,,
2670,PMR3-KB19PM,2496303,ee272405bda51980b8e3e3ee511c5c80,2023-09-07T12:00:00+0200,2023-09-07T12:00:00+0200,media,unclassified,,,,,
2671,PMR3-KB19PM,2496304,1fcae70d297f540088bdfe1e8a7fd6f2,2023-09-08T12:00:00+0200,2023-09-08T12:00:00+0200,media,unclassified,,,,,
2672,PMR3-KB19PM,2496305,df1289324bce0e9c7ae044c98ec60515,2023-09-09T05:20:38+0200,2023-09-09T05:20:38+0200,media,animal,,Meles meles,1,human,2023-10-30T13:10:38+0000
2673,PMR3-KB19PM,2496306,df1289324bce0e9c7ae044c98ec60515,2023-09-09T05:20:44+0200,2023-09-09T05:20:44+0200,media,animal,,Meles meles,1,human,2023-10-30T13:10:38+0000
2674,PMR3-KB19PM,2496307,df1289324bce0e9c7ae044c98ec60515,2023-09-09T05:20:50+0200,2023-09-09T05:20:50+0200,media,animal,,Meles meles,1,human,2023-10-30T13:10:38+0000
2675,PMR3-KB19PM,2496308,bc6c3534a5fa947c6fb9e2513085c9e9,2023-09-09T12:00:00+0200,2023-09-09T12:00:00+0200,media,unclassified,,,,,
2676,PMR3-KB19PM,2496309,4cbf26be8d83bdbdd79e6bf6da91659c,2023-09-10T06:37:22+0200,2023-09-10T06:37:22+0200,media,animal,,Other,1,human,2023-10-30T13:19:29+0000
2677,PMR3-KB19PM,2496310,daf442ead6cff0cada824c666a2294ce,2023-09-10T12:00:00+0200,2023-09-10T12:00:00+0200,media,unclassified,,,,,
2678,PMR3-KB19PM,2496311,849270d4a9cb1c5bc65021c64bd151d4,2023-09-11T12:00:00+0200,2023-09-11T12:00:00+0200,media,unclassified,,,,,
2679,PMR3-KB19PM,2496312,616ad446cd1a685f836c7eda6c3d743e,2023-09-11T17:16:14+0200,2023-09-11T17:16:14+0200,media,animal,,Lyrurus tetrix,2,human,2023-10-30T13:57:13+0000
2680,PMR3-KB19PM,2496312,616ad446cd1a685f836c7eda6c3d743e,2023-09-11T17:16:14+0200,2023-09-11T17:16:14+0200,media,animal,,Lyrurus tetrix,2,human,2023-10-30T13:57:13+0000
2681,PMR3-KB19PM,2496313,616ad446cd1a685f836c7eda6c3d743e,2023-09-11T17:16:24+0200,2023-09-11T17:16:24+0200,media,animal,,Lyrurus tetrix,2,human,2023-10-30T13:57:13+0000
2682,PMR3-KB19PM,2496313,616ad446cd1a685f836c7eda6c3d743e,2023-09-11T17:16:24+0200,2023-09-11T17:16:24+0200,media,animal,,Lyrurus tetrix,2,human,2023-10-30T13:57:13+0000
2683,PMR3-KB19PM,2496314,dad42c86423313aab2e2699e31d1e7bf,2023-09-12T12:00:00+0200,2023-09-12T12:00:00+0200,media,unclassified,,,,,
2684,PMR3-KB19PM,2496315,67f05f7602f865f70d7e90d7d23061aa,2023-09-13T12:00:00+0200,2023-09-13T12:00:00+0200,media,unclassified,,,,,
2685,PMR3-KB19PM,2496316,f1a1b2c819c52d8eb58b561f6725bfc4,2023-09-14T12:00:00+0200,2023-09-14T12:00:00+0200,media,unclassified,,,,,
2686,PMR3-KB19PM,2496317,46cf33198f5ff4e006cf4ac9fd21b3ea,2023-09-15T12:00:00+0200,2023-09-15T12:00:00+0200,media,unclassified,,,,,
2687,PMR3-KB19PM,2496318,5bee6e9ed692464bb78bf28f3a472a9b,2023-09-16T12:00:00+0200,2023-09-16T12:00:00+0200,media,unclassified,,,,,
2688,PMR3-KB19PM,2496319,c8e6a654de5b3c094edded6a733ff0b1,2023-09-17T12:00:00+0200,2023-09-17T12:00:00+0200,media,unclassified,,,,,
2689,PMR3-KB19PM,2496320,97f5a2af36ea9eb413b6691d96cdc50b,2023-09-18T12:00:00+0200,2023-09-18T12:00:00+0200,media,unclassified,,,,,
2690,PMR3-KB19PM,2496321,265d28853148bbd96a05fead40b6bdfb,2023-09-18T12:06:22+0200,2023-09-18T12:06:22+0200,media,animal,,Capreolus capreolus,1,human,2023-10-30T14:44:18+0000
2691,PMR3-KB19PM,2496322,9f286e9bfb5fd63f8cb29bf51824ceef,2023-09-19T12:00:00+0200,2023-09-19T12:00:00+0200,media,unclassified,,,,,
2692,PMR3-KB19PM,2496323,ee8b66e83efcf77346e590278d7f400c,2023-09-20T12:00:00+0200,2023-09-20T12:00:00+0200,media,unclassified,,,,,
2693,PMR3-KB19PM,2496324,89b5247169e1f7a7976aa52bdf9a2ea8,2023-09-21T12:00:00+0200,2023-09-21T12:00:00+0200,media,unclassified,,,,,
2694,PMR3-KB19PM,2496325,22efa805ed4a00d548445255b30616a6,2023-09-22T12:00:00+0200,2023-09-22T12:00:00+0200,media,unclassified,,,,,
2695,PMR3-KB19PM,2496326,1973dba5ccc92541e30d4978de920fb3,2023-09-23T12:00:00+0200,2023-09-23T12:00:00+0200,media,unclassified,,,,,
2696,PMR3-KB19PM,2496327,0575eba7939bc2ff86b027aa9e6c9a88,2023-09-24T12:00:00+0200,2023-09-24T12:00:00+0200,media,unclassified,,,,,
2697,PMR3-KB19PM,2496328,75d4c9ebad4b40be250e19ca526fe839,2023-09-25T12:00:00+0200,2023-09-25T12:00:00+0200,media,unclassified,,,,,
2698,PMR3-KB19PM,2496329,fae9b473eca97131ce3152ef2ac046ec,2023-09-26T12:00:00+0200,2023-09-26T12:00:00+0200,media,unclassified,,,,,
2699,PMR3-KB19PM,2496330,1191d2242809d664739331fff9097d24,2023-09-27T12:00:00+0200,2023-09-27T12:00:00+0200,media,unclassified,,,,,
2700,PMR3-KB19PM,2496331,c8aba5e4e1da401a5a24623b53d215b5,2023-09-28T12:00:00+0200,2023-09-28T12:00:00+0200,media,unclassified,,,,,
2701,PMR3-KB19PM,2496332,5a1c199e586bca818fb8174e23f4bb21,2023-09-29T12:00:00+0200,2023-09-29T12:00:00+0200,media,unclassified,,,,,
2702,PMR3-KB19PM,2496333,6c324ff98833073940a1c279685d2081,2023-09-30T12:00:00+0200,2023-09-30T12:00:00+0200,media,unclassified,,,,,
2703,PMR3-KB19PM,2496334,078c61e893d38a3bcd25d717bd9408de,2023-10-01T12:00:00+0200,2023-10-01T12:00:00+0200,media,unclassified,,,,,
2704,PMR3-KB19PM,2496335,7f69adf2553b2622b4253a42f3209f58,2023-10-02T12:00:00+0200,2023-10-02T12:00:00+0200,media,unclassified,,,,,
2705,PMR3-KB19PM,2496336,466e25d23ee46f5add19a8ab3befbf97,2023-10-03T12:00:00+0200,2023-10-03T12:00:00+0200,media,unclassified,,,,,
2706,PMR3-KB19PM,2496337,f7428d2ac21d05674c030668877fadd5,2023-10-04T12:00:00+0200,2023-10-04T12:00:00+0200,media,unclassified,,,,,
2707,PMR3-KB19PM,2496338,de8afc7e7cc7c56d1a16b2e522683c81,2023-10-04T16:37:40+0200,2023-10-04T16:37:40+0200,media,human,setup,Homo sapiens,1,human,2023-10-31T12:10:01+0000
2708,PMR3-KB19PM,2496339,de8afc7e7cc7c56d1a16b2e522683c81,2023-10-04T16:37:46+0200,2023-10-04T16:37:46+0200,media,human,setup,Homo sapiens,1,human,2023-10-31T12:10:01+0000
2709,PMR3-KB20PM,2496340,3adbab7fe53aa6166940a8f81fdc35f6,2023-09-04T16:17:48+0200,2023-09-04T16:17:48+0200,media,human,setup,Homo sapiens,1,human,2023-10-30T09:25:03+0000
2710,PMR3-KB20PM,2496341,3adbab7fe53aa6166940a8f81fdc35f6,2023-09-04T16:19:02+0200,2023-09-04T16:19:02+0200,media,human,setup,Homo sapiens,1,human,2023-10-30T09:25:03+0000
2711,PMR3-KB20PM,2496342,828534787d2f4701c30d22a7bae3d7ea,2023-09-05T12:00:00+0200,2023-09-05T12:00:00+0200,media,unclassified,,,,,
2712,PMR3-KB20PM,2496343,ae5b1bb0f938c36f61fd756467405286,2023-09-06T12:00:00+0200,2023-09-06T12:00:00+0200,media,unclassified,,,,,
2713,PMR3-KB20PM,2496344,1c493ffb23cad9a81d3c246668abd2ea,2023-09-07T12:00:00+0200,2023-09-07T12:00:00+0200,media,unclassified,,,,,
2714,PMR3-KB20PM,2496345,18efcb5902782458e5a25850bd060b57,2023-09-08T12:00:00+0200,2023-09-08T12:00:00+0200,media,unclassified,,,,,
2715,PMR3-KB20PM,2496346,3b615a08bef021f20f5f0dd702be1acf,2023-09-09T12:00:00+0200,2023-09-09T12:00:00+0200,media,unclassified,,,,,
2716,PMR3-KB20PM,2496347,0ac8cc1cf30f83b53da680e502ffe3de,2023-09-10T12:00:00+0200,2023-09-10T12:00:00+0200,media,unclassified,,,,,
2717,PMR3-KB20PM,2496348,460d59ef5df8faf22824ff2ce7711fc6,2023-09-11T12:00:00+0200,2023-09-11T12:00:00+0200,media,unclassified,,,,,
2718,PMR3-KB20PM,2496349,db8684ef20891e09f1b81735563d1982,2023-09-12T05:42:06+0200,2023-09-12T05:42:06+0200,media,animal,,Sciurus vulgaris,1,human,2023-10-30T13:59:29+0000
2719,PMR3-KB20PM,2496350,4a7bb9a78a7c75d4f29ee351d3de8369,2023-09-12T10:38:20+0200,2023-09-12T10:38:20+0200,media,animal,,Sciurus vulgaris,1,human,2023-10-30T14:00:32+0000
2720,PMR3-KB20PM,2496351,4a7bb9a78a7c75d4f29ee351d3de8369,2023-09-12T10:38:34+0200,2023-09-12T10:38:34+0200,media,animal,,Sciurus vulgaris,1,human,2023-10-30T14:00:32+0000
2721,PMR3-KB20PM,2496352,4a7bb9a78a7c75d4f29ee351d3de8369,2023-09-12T10:39:46+0200,2023-09-12T10:39:46+0200,media,animal,,Sciurus vulgaris,1,human,2023-10-30T14:00:32+0000
2722,PMR3-KB20PM,2496353,19704130482d429c0d46bdf7eb998c40,2023-09-12T12:00:00+0200,2023-09-12T12:00:00+0200,media,unclassified,,,,,
2723,PMR3-KB20PM,2496354,1746338103f56acc24b61c108916a0d0,2023-09-13T12:00:00+0200,2023-09-13T12:00:00+0200,media,unclassified,,,,,
2724,PMR3-KB20PM,2496355,cae68dc5fdeb179558d8819cd69d2887,2023-09-14T12:00:00+0200,2023-09-14T12:00:00+0200,media,unclassified,,,,,
2725,PMR3-KB20PM,2496356,802433283febec01d723197371e08a40,2023-09-15T12:00:00+0200,2023-09-15T12:00:00+0200,media,unclassified,,,,,
2726,PMR3-KB20PM,2496357,b2af1787a781dcdfe1a858bc730d43b1,2023-09-16T12:00:00+0200,2023-09-16T12:00:00+0200,media,unclassified,,,,,
2727,PMR3-KB20PM,2496358,363e7884af408caf9319c6677467e4fd,2023-09-17T12:00:00+0200,2023-09-17T12:00:00+0200,media,unclassified,,,,,
2728,PMR3-KB20PM,2496359,06a2c92a39590f20e4ca133c7a373c81,2023-09-18T12:00:00+0200,2023-09-18T12:00:00+0200,media,unclassified,,,,,
2729,PMR3-KB20PM,2496360,963978706e1bac7be12f1e40c0eeeef4,2023-09-19T12:00:00+0200,2023-09-19T12:00:00+0200,media,unclassified,,,,,
2730,PMR3-KB20PM,2496361,79ecd6a66a792fdc4d27ef7921ecc331,2023-09-20T12:00:00+0200,2023-09-20T12:00:00+0200,media,unclassified,,,,,
2731,PMR3-KB20PM,2496362,851d69dc3c034f8f61cc0a24a0a660d3,2023-09-20T19:06:40+0200,2023-09-20T19:06:40+0200,media,blank,,,,human,2023-10-31T10:22:26+0000
2732,PMR3-KB20PM,2496363,ef9a26e7d46d78100706b46a3313f93e,2023-09-21T12:00:00+0200,2023-09-21T12:00:00+0200,media,unclassified,,,,,
2733,PMR3-KB20PM,2496364,b032a87b1ba217a478f9928c93092295,2023-09-22T12:00:00+0200,2023-09-22T12:00:00+0200,media,unclassified,,,,,
2734,PMR3-KB20PM,2496365,aa591cac9349da36e92f97a53e6a7ad8,2023-09-23T12:00:00+0200,2023-09-23T12:00:00+0200,media,unclassified,,,,,
2735,PMR3-KB20PM,2496366,a19ce95490722975a8720d8d9530f7bd,2023-09-24T12:00:00+0200,2023-09-24T12:00:00+0200,media,unclassified,,,,,
2736,PMR3-KB20PM,2496367,a0788bee288a7fabcc7008ce00128c64,2023-09-25T12:00:00+0200,2023-09-25T12:00:00+0200,media,unclassified,,,,,
2737,PMR3-KB20PM,2496368,40f2fde42ef28a7a7d47348be7477f58,2023-09-26T12:00:00+0200,2023-09-26T12:00:00+0200,media,unclassified,,,,,
2738,PMR3-KB20PM,2496369,555d9e8a4c4d71a8ca68dc0851bccfff,2023-09-27T12:00:00+0200,2023-09-27T12:00:00+0200,media,unclassified,,,,,
2739,PMR3-KB20PM,2496370,e8e7ee26abc5160fa97088c6aae19d83,2023-09-28T12:00:00+0200,2023-09-28T12:00:00+0200,media,unclassified,,,,,
2740,PMR3-KB20PM,2496371,2b73093ce05b381a2f8451095eed354b,2023-09-29T12:00:00+0200,2023-09-29T12:00:00+0200,media,unclassified,,,,,
2741,PMR3-KB20PM,2496372,de9e4ec069df2d82879450f996459d6e,2023-09-30T12:00:00+0200,2023-09-30T12:00:00+0200,media,unclassified,,,,,
2742,PMR3-KB20PM,2496373,634e150509e2a927a1b1a0eb98554bc4,2023-10-01T12:00:00+0200,2023-10-01T12:00:00+0200,media,unclassified,,,,,
2743,PMR3-KB20PM,2496374,d511bd492b0b389867e9fa5c95000a77,2023-10-02T12:00:00+0200,2023-10-02T12:00:00+0200,media,unclassified,,,,,
2744,PMR3-KB20PM,2496375,52b6572a1eff91102acd5f0e1ff77cea,2023-10-03T12:00:00+0200,2023-10-03T12:00:00+0200,media,unclassified,,,,,
2745,PMR3-KB20PM,2496376,76fe8377b171021307c3e5aaffdfbb97,2023-10-04T12:00:00+0200,2023-10-04T12:00:00+0200,media,unclassified,,,,,
2746,PMR3-KB20PM,2496377,f806f27312fba2ce0854747c7cede09c,2023-10-04T13:50:46+0200,2023-10-04T13:50:46+0200,media,human,setup,Homo sapiens,1,human,2023-10-31T12:09:47+0000
2747,PMR3-KB21PM,2496378,d03595a64e3a13f403c16f5adba10362,2023-09-05T10:33:32+0200,2023-09-05T10:33:32+0200,media,human,setup,Homo sapiens,1,human,2023-10-30T09:30:52+0000
2748,PMR3-KB21PM,2496379,d03595a64e3a13f403c16f5adba10362,2023-09-05T10:33:50+0200,2023-09-05T10:33:50+0200,media,human,setup,Homo sapiens,1,human,2023-10-30T09:30:52+0000
2749,PMR3-KB21PM,2496380,4594a626248d5e95d1f9903b061faed4,2023-09-05T12:00:00+0200,2023-09-05T12:00:00+0200,media,unclassified,,,,,
2750,PMR3-KB21PM,2496381,58f40716dce0a944fc1476ab341c2f43,2023-09-06T04:13:48+0200,2023-09-06T04:13:48+0200,media,animal,,Capreolus capreolus,1,human,2023-10-30T09:54:35+0000
2751,PMR3-KB21PM,2496382,58f40716dce0a944fc1476ab341c2f43,2023-09-06T04:13:54+0200,2023-09-06T04:13:54+0200,media,animal,,Capreolus capreolus,1,human,2023-10-30T09:54:35+0000
2752,PMR3-KB21PM,2496383,ab84499ccd7da82409566044c3a054b8,2023-09-06T12:00:00+0200,2023-09-06T12:00:00+0200,media,unclassified,,,,,
2753,PMR3-KB21PM,2496384,90108bd4fff0e05afc72b8640508c305,2023-09-06T20:29:30+0200,2023-09-06T20:29:30+0200,media,animal,,Capreolus capreolus,1,human,2023-10-30T10:15:31+0000
2754,PMR3-KB21PM,2496385,35900ffe49a25540f91d9d4b10d7b2ff,2023-09-07T12:00:00+0200,2023-09-07T12:00:00+0200,media,unclassified,,,,,
2755,PMR3-KB21PM,2496386,2faeef802adf144b8f9b1fd23d6af072,2023-09-08T12:00:00+0200,2023-09-08T12:00:00+0200,media,unclassified,,,,,
2756,PMR3-KB21PM,2496387,6ccd95a8e9766cdfe6b56a8a1a76128c,2023-09-09T12:00:00+0200,2023-09-09T12:00:00+0200,media,unclassified,,,,,
2757,PMR3-KB21PM,2496388,e10379e701406eaf112e4a247a1a1c7c,2023-09-10T10:23:54+0200,2023-09-10T10:23:54+0200,media,animal,,Alces alces,1,human,2023-10-30T13:19:56+0000
2758,PMR3-KB21PM,2496389,72db5b652c82e7b6ca53c4fb56ac0a0b,2023-09-10T12:00:00+0200,2023-09-10T12:00:00+0200,media,unclassified,,,,,
2759,PMR3-KB21PM,2496390,b78da070129fcefb51681524d9f0c85c,2023-09-11T01:53:58+0200,2023-09-11T01:53:58+0200,media,blank,,,,human,2023-10-30T13:38:10+0000
2760,PMR3-KB21PM,2496391,ad225b9a2c45746e0b0fa71acead87c5,2023-09-11T12:00:00+0200,2023-09-11T12:00:00+0200,media,unclassified,,,,,
2761,PMR3-KB21PM,2496392,815856cbb7447ac84c34622759500eac,2023-09-12T01:28:00+0200,2023-09-12T01:28:00+0200,media,animal,,Capreolus capreolus,1,human,2023-10-30T13:58:30+0000
2762,PMR3-KB21PM,2496393,815856cbb7447ac84c34622759500eac,2023-09-12T01:28:14+0200,2023-09-12T01:28:14+0200,media,animal,,Capreolus capreolus,1,human,2023-10-30T13:58:30+0000
2763,PMR3-KB21PM,2496394,147ad3f6987f9d1ccd8eb637660a5091,2023-09-12T01:37:00+0200,2023-09-12T01:37:00+0200,media,blank,,,,human,2023-10-30T13:59:07+0000
2764,PMR3-KB21PM,2496395,388c64fd8480786c075178ec200a8742,2023-09-12T12:00:00+0200,2023-09-12T12:00:00+0200,media,unclassified,,,,,
2765,PMR3-KB21PM,2496396,1d9b59fb3e27a6ce7ec67e63de0f8241,2023-09-13T09:50:56+0200,2023-09-13T09:50:56+0200,media,animal,,Capreolus capreolus,1,human,2023-10-30T14:14:02+0000
2766,PMR3-KB21PM,2496397,1d9b59fb3e27a6ce7ec67e63de0f8241,2023-09-13T09:51:02+0200,2023-09-13T09:51:02+0200,media,animal,,Capreolus capreolus,1,human,2023-10-30T14:14:02+0000
2767,PMR3-KB21PM,2496398,e6fd8061e06bcc2fcbf287284f285876,2023-09-13T12:00:00+0200,2023-09-13T12:00:00+0200,media,unclassified,,,,,
2768,PMR3-KB21PM,2496399,de9fd62a1d7296e908306692194b9cb9,2023-09-14T12:00:00+0200,2023-09-14T12:00:00+0200,media,unclassified,,,,,
2769,PMR3-KB21PM,2496400,65747ca6b2b5c80ead7300caf9d76bcf,2023-09-15T12:00:00+0200,2023-09-15T12:00:00+0200,media,unclassified,,,,,
2770,PMR3-KB21PM,2496401,6ec8a1048fd84be8e5a16f0bd046dd1a,2023-09-16T12:00:00+0200,2023-09-16T12:00:00+0200,media,unclassified,,,,,
2771,PMR3-KB21PM,2496402,d91e9900f5b103d051df2ebcd4e0230a,2023-09-17T12:00:00+0200,2023-09-17T12:00:00+0200,media,unclassified,,,,,
2772,PMR3-KB21PM,2496403,9042ab170cebd51a16d6b8e11118b301,2023-09-18T12:00:00+0200,2023-09-18T12:00:00+0200,media,unclassified,,,,,
2773,PMR3-KB21PM,2496404,51477ef2dade332ca93c6f19d5f023c0,2023-09-19T12:00:00+0200,2023-09-19T12:00:00+0200,media,unclassified,,,,,
2774,PMR3-KB21PM,2496405,07bda87fd9e21c1cb62cf8d24c921a40,2023-09-20T12:00:00+0200,2023-09-20T12:00:00+0200,media,unclassified,,,,,
2775,PMR3-KB21PM,2496406,8deed3ed2f39021ac2c90abaa17403f4,2023-09-21T12:00:00+0200,2023-09-21T12:00:00+0200,media,unclassified,,,,,
2776,PMR3-KB21PM,2496407,748244157d02e8d756e7fb42808cac29,2023-09-22T12:00:00+0200,2023-09-22T12:00:00+0200,media,unclassified,,,,,
2777,PMR3-KB21PM,2496408,3de6c98c43bd55851f24d11bb2172854,2023-09-23T12:00:00+0200,2023-09-23T12:00:00+0200,media,unclassified,,,,,
2778,PMR3-KB21PM,2496409,069e97c29a45ecf10ad4a810ba87ba1e,2023-09-24T12:00:00+0200,2023-09-24T12:00:00+0200,media,unclassified,,,,,
2779,PMR3-KB21PM,2496410,b0286334ddbd236a1abb70279b0f3370,2023-09-25T12:00:00+0200,2023-09-25T12:00:00+0200,media,unclassified,,,,,
2780,PMR3-KB21PM,2496411,e2ac0b7104f291594ed7d436f75e572a,2023-09-26T12:00:00+0200,2023-09-26T12:00:00+0200,media,unclassified,,,,,
2781,PMR3-KB21PM,2496412,820f37ffe363f77436230f7a63c36ce6,2023-09-27T12:00:00+0200,2023-09-27T12:00:00+0200,media,unclassified,,,,,
2782,PMR3-KB21PM,2496413,bc78f1de3288e6c2d9943de5daab7887,2023-09-28T12:00:00+0200,2023-09-28T12:00:00+0200,media,unclassified,,,,,
2783,PMR3-KB21PM,2496414,9d06a60d5a45118d6958177e2461c1ab,2023-09-29T12:00:00+0200,2023-09-29T12:00:00+0200,media,unclassified,,,,,
2784,PMR3-KB21PM,2496415,54ac3e0d1f62eb728f0e9dbbbc3788ec,2023-09-30T11:50:50+0200,2023-09-30T11:50:50+0200,media,animal,,Canis familiaris,1,human,2023-10-31T10:39:13+0000
2785,PMR3-KB21PM,2496416,edb482d3c23228a55983d4e22cf428e8,2023-09-30T12:00:00+0200,2023-09-30T12:00:00+0200,media,unclassified,,,,,
2786,PMR3-KB21PM,2496417,30e893abdc9ca366e55efa9275310348,2023-10-01T12:00:00+0200,2023-10-01T12:00:00+0200,media,unclassified,,,,,
2787,PMR3-KB21PM,2496418,6b1d2be1ca97693cb368f9bfb9705f01,2023-10-02T12:00:00+0200,2023-10-02T12:00:00+0200,media,unclassified,,,,,
2788,PMR3-KB21PM,2496419,72c99a45e72edbcefc52d05ee2275d44,2023-10-03T12:00:00+0200,2023-10-03T12:00:00+0200,media,unclassified,,,,,
2789,PMR3-KB21PM,2496420,f20c79a99e70635eda6dcdad1ba0ca5f,2023-10-03T19:08:16+0200,2023-10-03T19:08:16+0200,media,animal,,Martes martes,1,human,2023-10-31T12:03:21+0000
2790,PMR3-KB21PM,2496421,dd18e067a232a2801e41459a82826dbc,2023-10-04T12:00:00+0200,2023-10-04T12:00:00+0200,media,unclassified,,,,,
2791,PMR3-KB21PM,2496422,24c4d2d6d998e75574cbbce5ed47b931,2023-10-05T11:06:00+0200,2023-10-05T11:06:00+0200,media,human,setup,Homo sapiens,1,human,2023-10-31T12:11:18+0000
2792,PMR3-KB22PM,2496423,43291a446f4dc4f8007096cdfa8eaed1,2023-09-05T13:02:04+0200,2023-09-05T13:02:04+0200,media,human,setup,Homo sapiens,1,human,2023-10-30T09:45:04+0000
2793,PMR3-KB22PM,2496424,43291a446f4dc4f8007096cdfa8eaed1,2023-09-05T13:02:56+0200,2023-09-05T13:02:56+0200,media,human,setup,Homo sapiens,1,human,2023-10-30T09:45:04+0000
2794,PMR3-KB22PM,2496425,43291a446f4dc4f8007096cdfa8eaed1,2023-09-05T13:03:20+0200,2023-09-05T13:03:20+0200,media,human,setup,Homo sapiens,1,human,2023-10-30T09:45:04+0000
2795,PMR3-KB22PM,2496426,878557f558a6ec640dff42b1a9b3ba34,2023-09-06T12:00:00+0200,2023-09-06T12:00:00+0200,media,unclassified,,,,,
2796,PMR3-KB22PM,2496427,cd54107e1f8a12c4b46da18b9b170947,2023-09-07T12:00:00+0200,2023-09-07T12:00:00+0200,media,unclassified,,,,,
2797,PMR3-KB22PM,2496428,983e7b9e10b964af5d56ee2acc4196ec,2023-09-08T05:09:56+0200,2023-09-08T05:09:56+0200,media,animal,,Tetrao urogallus,1,human,2023-10-30T11:02:56+0000
2798,PMR3-KB22PM,2496429,983e7b9e10b964af5d56ee2acc4196ec,2023-09-08T05:10:40+0200,2023-09-08T05:10:40+0200,media,animal,,Tetrao urogallus,1,human,2023-10-30T11:02:56+0000
2799,PMR3-KB22PM,2496430,88296d17469f24dd157ff1cf8b213513,2023-09-08T12:00:00+0200,2023-09-08T12:00:00+0200,media,unclassified,,,,,
2800,PMR3-KB22PM,2496431,ee6fe5a1b2da0c0a2a7cb885be1459b7,2023-09-09T12:00:00+0200,2023-09-09T12:00:00+0200,media,unclassified,,,,,
2801,PMR3-KB22PM,2496432,a239a29ec1e6d1d2ff3cbcc226972960,2023-09-10T12:00:00+0200,2023-09-10T12:00:00+0200,media,unclassified,,,,,
2802,PMR3-KB22PM,2496433,8a5f2f8c25636b8ff1fe3c9ad76474a3,2023-09-10T12:15:04+0200,2023-09-10T12:15:04+0200,media,animal,,Other,1,human,2023-10-30T13:37:17+0000
2803,PMR3-KB22PM,2496434,a05147fb39f3ba72bdfedb01af6f2b17,2023-09-11T12:00:00+0200,2023-09-11T12:00:00+0200,media,unclassified,,,,,
2804,PMR3-KB22PM,2496435,cb8e86abdb129e84e0132598d86d3d7a,2023-09-12T12:00:00+0200,2023-09-12T12:00:00+0200,media,unclassified,,,,,
2805,PMR3-KB22PM,2496436,748c0eaa37d333fc9f4212730d0cc6e1,2023-09-13T12:00:00+0200,2023-09-13T12:00:00+0200,media,unclassified,,,,,
2806,PMR3-KB22PM,2496437,e6ef98e339c9575f13ce2378b1360548,2023-09-14T12:00:00+0200,2023-09-14T12:00:00+0200,media,unclassified,,,,,
2807,PMR3-KB22PM,2496438,b9c7f76df738d16c36b8422e6417b855,2023-09-15T12:00:00+0200,2023-09-15T12:00:00+0200,media,unclassified,,,,,
2808,PMR3-KB22PM,2496439,468e2018441cb88d65615c4a0db1d6dd,2023-09-16T06:42:52+0200,2023-09-16T06:42:52+0200,media,animal,,Capreolus capreolus,1,human,2023-10-30T14:33:36+0000
2809,PMR3-KB22PM,2496440,c8c51a84f5a3ce50e1f2d4ae34200d2a,2023-09-16T12:00:00+0200,2023-09-16T12:00:00+0200,media,unclassified,,,,,
2810,PMR3-KB22PM,2496441,cd771d69dc8f2065f29bf95afac85fa8,2023-09-17T12:00:00+0200,2023-09-17T12:00:00+0200,media,unclassified,,,,,
2811,PMR3-KB22PM,2496442,606bc1be0713e1fd68fccbc86b24e4d6,2023-09-18T12:00:00+0200,2023-09-18T12:00:00+0200,media,unclassified,,,,,
2812,PMR3-KB22PM,2496443,5fb190abd73e7399bcd8a65092c89f08,2023-09-19T12:00:00+0200,2023-09-19T12:00:00+0200,media,unclassified,,,,,
2813,PMR3-KB22PM,2496444,2840929431663fae6c4db361826833fe,2023-09-20T12:00:00+0200,2023-09-20T12:00:00+0200,media,unclassified,,,,,
2814,PMR3-KB22PM,2496445,c38374016a87780668c13acc4d63b54a,2023-09-20T14:32:02+0200,2023-09-20T14:32:02+0200,media,animal,,Other,1,human,2023-10-31T10:21:03+0000
2815,PMR3-KB22PM,2496446,88fe2ef529e9e2736d17ba3bd95766e7,2023-09-21T12:00:00+0200,2023-09-21T12:00:00+0200,media,unclassified,,,,,
2816,PMR3-KB22PM,2496447,54a39924d8f6dd3bf338550f810fda46,2023-09-22T12:00:00+0200,2023-09-22T12:00:00+0200,media,unclassified,,,,,
2817,PMR3-KB22PM,2496448,43feb3e835e2b19cc98391ff6b7f6738,2023-09-23T12:00:00+0200,2023-09-23T12:00:00+0200,media,unclassified,,,,,
2818,PMR3-KB22PM,2496449,2c632e79974d29020d155af5a9d55661,2023-09-24T12:00:00+0200,2023-09-24T12:00:00+0200,media,unclassified,,,,,
2819,PMR3-KB22PM,2496450,70ada91f83bd52d52b2fb58845321d5e,2023-09-25T12:00:00+0200,2023-09-25T12:00:00+0200,media,unclassified,,,,,
2820,PMR3-KB22PM,2496451,03c857796fc81ed3f481c47b92bcc0a7,2023-09-26T12:00:00+0200,2023-09-26T12:00:00+0200,media,unclassified,,,,,
2821,PMR3-KB22PM,2496452,61ab467f64b9ccad5c05551bda093b78,2023-09-27T12:00:00+0200,2023-09-27T12:00:00+0200,media,unclassified,,,,,
2822,PMR3-KB22PM,2496453,b7df7b53c8bec53d12ded897e343ba98,2023-09-28T12:00:00+0200,2023-09-28T12:00:00+0200,media,unclassified,,,,,
2823,PMR3-KB22PM,2496454,aba027be419852b86de228bf67254609,2023-09-29T12:00:00+0200,2023-09-29T12:00:00+0200,media,unclassified,,,,,
2824,PMR3-KB22PM,2496455,ef94502ccadba4f87620ebc11e98bfde,2023-09-30T12:00:00+0200,2023-09-30T12:00:00+0200,media,unclassified,,,,,
2825,PMR3-KB22PM,2496456,a778b9364bbaf4d3f05283984f740bff,2023-10-01T12:00:00+0200,2023-10-01T12:00:00+0200,media,unclassified,,,,,
2826,PMR3-KB22PM,2496457,cca1001f810831a625f8105b91cc0939,2023-10-02T12:00:00+0200,2023-10-02T12:00:00+0200,media,unclassified,,,,,
2827,PMR3-KB22PM,2496458,f7297bf00a8bf6a99e72f9a6107fe9c6,2023-10-03T12:00:00+0200,2023-10-03T12:00:00+0200,media,unclassified,,,,,
2828,PMR3-KB22PM,2496459,f24a8de5a745d1e8abb42bc066ca34ad,2023-10-04T12:00:00+0200,2023-10-04T12:00:00+0200,media,unclassified,,,,,
2829,PMR3-KB22PM,2496460,18d12ec1cf658bfb699556d7b9ab7673,2023-10-05T12:00:00+0200,2023-10-05T12:00:00+0200,media,unclassified,,,,,
2830,PMR3-KB22PM,2496461,d29c7b4108da1b0de0705612ce1db7ae,2023-10-05T13:40:20+0200,2023-10-05T13:40:20+0200,media,human,setup,Homo sapiens,1,human,2023-10-31T12:14:28+0000
2831,PMR3-KB23PM,2496462,a3b603a52a33853b31d5bab6464f0d87,2023-09-05T13:38:42+0200,2023-09-05T13:38:42+0200,media,human,setup,Homo sapiens,1,human,2023-10-30T09:47:03+0000
2832,PMR3-KB23PM,2496463,a3b603a52a33853b31d5bab6464f0d87,2023-09-05T13:40:18+0200,2023-09-05T13:40:18+0200,media,human,setup,Homo sapiens,1,human,2023-10-30T09:47:03+0000
2833,PMR3-KB23PM,2496464,a3b603a52a33853b31d5bab6464f0d87,2023-09-05T13:40:36+0200,2023-09-05T13:40:36+0200,media,human,setup,Homo sapiens,1,human,2023-10-30T09:47:03+0000
2834,PMR3-KB23PM,2496465,a3b603a52a33853b31d5bab6464f0d87,2023-09-05T13:40:50+0200,2023-09-05T13:40:50+0200,media,human,setup,Homo sapiens,2,human,2023-10-30T09:47:12+0000
2835,PMR3-KB23PM,2496466,ce1cce2ea8689dd51b0fab0aa6e74287,2023-09-06T12:00:00+0200,2023-09-06T12:00:00+0200,media,unclassified,,,,,
2836,PMR3-KB23PM,2496467,418200a16e8184f6d6c8d0814da803a4,2023-09-07T12:00:00+0200,2023-09-07T12:00:00+0200,media,unclassified,,,,,
2837,PMR3-KB23PM,2496468,541d854417e2a87fd0b82bf31cbc9c5d,2023-09-08T12:00:00+0200,2023-09-08T12:00:00+0200,media,unclassified,,,,,
2838,PMR3-KB23PM,2496469,c224eee17f22f3431be801bc2590bb4e,2023-09-09T12:00:00+0200,2023-09-09T12:00:00+0200,media,unclassified,,,,,
2839,PMR3-KB23PM,2496470,bf81b1c2bd25ba6bb00f50949773676c,2023-09-10T12:00:00+0200,2023-09-10T12:00:00+0200,media,unclassified,,,,,
2840,PMR3-KB23PM,2496471,84d9897baf518709a4cf829c2e80227b,2023-09-11T12:00:00+0200,2023-09-11T12:00:00+0200,media,unclassified,,,,,
2841,PMR3-KB23PM,2496472,0326758070ec95c450cb7ddd79a98882,2023-09-12T12:00:00+0200,2023-09-12T12:00:00+0200,media,unclassified,,,,,
2842,PMR3-KB23PM,2496473,9ec68e4e185bfae084ced6e3a1473d47,2023-09-13T12:00:00+0200,2023-09-13T12:00:00+0200,media,unclassified,,,,,
2843,PMR3-KB23PM,2496474,aac5f116818188156821d9af30d122a0,2023-09-14T12:00:00+0200,2023-09-14T12:00:00+0200,media,unclassified,,,,,
2844,PMR3-KB23PM,2496475,759939a7fb4f3c0e6d8d717ff413b348,2023-09-15T12:00:00+0200,2023-09-15T12:00:00+0200,media,unclassified,,,,,
2845,PMR3-KB23PM,2496476,f852a3d906cd9301c9d63cc975a0f6a9,2023-09-16T12:00:00+0200,2023-09-16T12:00:00+0200,media,unclassified,,,,,
2846,PMR3-KB23PM,2496477,fc8141a536e430e6f4613f1bbfa64ce7,2023-09-17T12:00:00+0200,2023-09-17T12:00:00+0200,media,unclassified,,,,,
2847,PMR3-KB23PM,2496478,8636f94e44e6238feef3096455af030c,2023-09-18T12:00:00+0200,2023-09-18T12:00:00+0200,media,unclassified,,,,,
2848,PMR3-KB23PM,2496479,3c880aaef10a59c0a3d899ee736773ca,2023-09-19T12:00:00+0200,2023-09-19T12:00:00+0200,media,unclassified,,,,,
2849,PMR3-KB23PM,2496480,884fa2d146f3868535e337dac8a33c2b,2023-09-20T09:45:38+0200,2023-09-20T09:45:38+0200,media,blank,,,,human,2023-10-30T14:46:54+0000
2850,PMR3-KB23PM,2496481,c560b3bfdd75381e489a69b0c3c353b3,2023-09-20T12:00:00+0200,2023-09-20T12:00:00+0200,media,unclassified,,,,,
2851,PMR3-KB23PM,2496482,98e4b35de0f0ab33ce3f4109b6d306cf,2023-09-21T12:00:00+0200,2023-09-21T12:00:00+0200,media,unclassified,,,,,
2852,PMR3-KB23PM,2496483,4fe0520b63962c947e85c4a289fe3529,2023-09-22T12:00:00+0200,2023-09-22T12:00:00+0200,media,unclassified,,,,,
2853,PMR3-KB23PM,2496484,cfac0813ca2d2c0baf305f34b70a93e0,2023-09-23T12:00:00+0200,2023-09-23T12:00:00+0200,media,unclassified,,,,,
2854,PMR3-KB23PM,2496485,9ff20cfdf2eaff2f6bda860c58dad0c0,2023-09-24T12:00:00+0200,2023-09-24T12:00:00+0200,media,unclassified,,,,,
2855,PMR3-KB23PM,2496486,6a4a095b379049f7a99a4d57dc2f71ee,2023-09-25T12:00:00+0200,2023-09-25T12:00:00+0200,media,unclassified,,,,,
2856,PMR3-KB23PM,2496487,26dca2656220e7b2da816fb40e8dacb8,2023-09-26T12:00:00+0200,2023-09-26T12:00:00+0200,media,unclassified,,,,,
2857,PMR3-KB23PM,2496488,f6bfcaad8fecfb34d993a31c99731a2c,2023-09-27T12:00:00+0200,2023-09-27T12:00:00+0200,media,unclassified,,,,,
2858,PMR3-KB23PM,2496489,eac6dbd97e7fde5d616cfd5bdc381a65,2023-09-28T12:00:00+0200,2023-09-28T12:00:00+0200,media,unclassified,,,,,
2859,PMR3-KB23PM,2496490,9408f4634fbc0cb853731388885d5262,2023-09-29T12:00:00+0200,2023-09-29T12:00:00+0200,media,unclassified,,,,,
2860,PMR3-KB23PM,2496491,7492c4b50dc71835a56e8989c4ec2e2e,2023-09-30T12:00:00+0200,2023-09-30T12:00:00+0200,media,unclassified,,,,,
2861,PMR3-KB23PM,2496492,f3fd2f2abb5fcbd3df00fc63f8cbac8e,2023-10-01T12:00:00+0200,2023-10-01T12:00:00+0200,media,unclassified,,,,,
2862,PMR3-KB23PM,2496493,7483f69b071305197b86f52d7f5c9d97,2023-10-02T12:00:00+0200,2023-10-02T12:00:00+0200,media,unclassified,,,,,
2863,PMR3-KB23PM,2496494,ab110903271606d401d5a8c7e7a539ce,2023-10-03T12:00:00+0200,2023-10-03T12:00:00+0200,media,unclassified,,,,,
2864,PMR3-KB23PM,2496495,bb6a33dad04aa4b3e3ce5b9eeea439d1,2023-10-04T12:00:00+0200,2023-10-04T12:00:00+0200,media,unclassified,,,,,
2865,PMR3-KB23PM,2496496,c4e0e2856ee5f6616745d7d75b0b46c6,2023-10-05T12:00:00+0200,2023-10-05T12:00:00+0200,media,unclassified,,,,,
2866,PMR3-KB23PM,2496497,6efb0bf3291ca02eecdc7017c2f5f1f0,2023-10-05T14:56:00+0200,2023-10-05T14:56:00+0200,media,human,setup,Homo sapiens,1,human,2023-10-31T12:18:10+0000
2867,PMR3-KB23PM,2496498,6efb0bf3291ca02eecdc7017c2f5f1f0,2023-10-05T14:56:10+0200,2023-10-05T14:56:10+0200,media,human,setup,Homo sapiens,1,human,2023-10-31T12:18:10+0000
2868,PMR3-KB24PM,2496499,331a928913c5929fd5e06269755f5776,2023-09-05T11:11:44+0200,2023-09-05T11:11:44+0200,media,human,setup,Homo sapiens,1,human,2023-10-30T09:42:33+0000
2869,PMR3-KB24PM,2496500,331a928913c5929fd5e06269755f5776,2023-09-05T11:12:12+0200,2023-09-05T11:12:12+0200,media,human,setup,Homo sapiens,1,human,2023-10-30T09:42:33+0000
2870,PMR3-KB24PM,2496501,331a928913c5929fd5e06269755f5776,2023-09-05T11:12:32+0200,2023-09-05T11:12:32+0200,media,human,setup,Homo sapiens,2,human,2023-10-30T09:42:43+0000
2871,PMR3-KB24PM,2496502,97e9a39ff75d6a64249800ac72436257,2023-09-05T12:00:00+0200,2023-09-05T12:00:00+0200,media,unclassified,,,,,
2872,PMR3-KB24PM,2496503,50b73b2ccfbe4bd21ed3364d860fd852,2023-09-06T12:00:00+0200,2023-09-06T12:00:00+0200,media,unclassified,,,,,
2873,PMR3-KB24PM,2496504,7e35b2d0f3a40c045c66cb562a133de2,2023-09-07T12:00:00+0200,2023-09-07T12:00:00+0200,media,unclassified,,,,,
2874,PMR3-KB24PM,2496505,e4ed3b7233bee37bcc320931edb07eb5,2023-09-08T12:00:00+0200,2023-09-08T12:00:00+0200,media,unclassified,,,,,
2875,PMR3-KB24PM,2496506,4dca2de50407a66fa8542c8337857540,2023-09-09T12:00:00+0200,2023-09-09T12:00:00+0200,media,unclassified,,,,,
2876,PMR3-KB24PM,2496507,6d283f8e8196d4866c9ef2604b14c1fb,2023-09-10T12:00:00+0200,2023-09-10T12:00:00+0200,media,unclassified,,,,,
2877,PMR3-KB24PM,2496508,bbe5ef0ed784ac371a9769f12ce7a79e,2023-09-10T12:32:22+0200,2023-09-10T12:32:22+0200,media,animal,,Sciurus vulgaris,1,human,2023-10-30T13:37:38+0000
2878,PMR3-KB24PM,2496509,68e4f2663d7a28dc7a49d6457c00c242,2023-09-11T12:00:00+0200,2023-09-11T12:00:00+0200,media,unclassified,,,,,
2879,PMR3-KB24PM,2496510,023602919883e085fee443860fa9815e,2023-09-12T12:00:00+0200,2023-09-12T12:00:00+0200,media,unclassified,,,,,
2880,PMR3-KB24PM,2496511,240d9d6bef03866df4f2b80175ea933c,2023-09-13T12:00:00+0200,2023-09-13T12:00:00+0200,media,unclassified,,,,,
2881,PMR3-KB24PM,2496512,bdb3d1c05c62739eff974bc68b9e09f0,2023-09-13T15:19:08+0200,2023-09-13T15:19:08+0200,media,animal,,Alces alces,1,human,2023-10-30T14:14:59+0000
2882,PMR3-KB24PM,2496513,bdb3d1c05c62739eff974bc68b9e09f0,2023-09-13T15:19:20+0200,2023-09-13T15:19:20+0200,media,animal,,Alces alces,1,human,2023-10-30T14:14:59+0000
2883,PMR3-KB24PM,2496514,bdb3d1c05c62739eff974bc68b9e09f0,2023-09-13T15:19:28+0200,2023-09-13T15:19:28+0200,media,animal,,Alces alces,1,human,2023-10-30T14:14:59+0000
2884,PMR3-KB24PM,2496515,bdb3d1c05c62739eff974bc68b9e09f0,2023-09-13T15:19:46+0200,2023-09-13T15:19:46+0200,media,animal,,Alces alces,1,human,2023-10-30T14:14:59+0000
2885,PMR3-KB24PM,2496516,bdb3d1c05c62739eff974bc68b9e09f0,2023-09-13T15:19:54+0200,2023-09-13T15:19:54+0200,media,animal,,Alces alces,1,human,2023-10-30T14:14:59+0000
2886,PMR3-KB24PM,2496517,67b379ce7d67875aeb92c2a1bb4a3fbb,2023-09-14T05:47:40+0200,2023-09-14T05:47:40+0200,media,animal,,Sciurus vulgaris,1,human,2023-10-30T14:17:49+0000
2887,PMR3-KB24PM,2496518,81153850cb978f6d9ecc0348a3af30c9,2023-09-14T12:00:00+0200,2023-09-14T12:00:00+0200,media,unclassified,,,,,
2888,PMR3-KB24PM,2496519,0a6681336424d3600b2d8ac50c0fc640,2023-09-15T12:00:00+0200,2023-09-15T12:00:00+0200,media,unclassified,,,,,
2889,PMR3-KB24PM,2496520,6e85d4506fafa96fb972c9aa1efefbf4,2023-09-16T12:00:00+0200,2023-09-16T12:00:00+0200,media,unclassified,,,,,
2890,PMR3-KB24PM,2496521,e1c223ae6f428ed4eefd8849c6a04918,2023-09-17T12:00:00+0200,2023-09-17T12:00:00+0200,media,unclassified,,,,,
2891,PMR3-KB24PM,2496522,b2fe5eb6ee2e01d5c6491381dcf3ce39,2023-09-18T12:00:00+0200,2023-09-18T12:00:00+0200,media,unclassified,,,,,
2892,PMR3-KB24PM,2496523,5b5c853dc321fcb4f3f8886b3ed4477d,2023-09-19T12:00:00+0200,2023-09-19T12:00:00+0200,media,unclassified,,,,,
2893,PMR3-KB24PM,2496524,d92d6f6458250b6e72d375b980f137b8,2023-09-20T12:00:00+0200,2023-09-20T12:00:00+0200,media,unclassified,,,,,
2894,PMR3-KB24PM,2496525,f293e0a516b72d7177dc26edc360947c,2023-09-21T12:00:00+0200,2023-09-21T12:00:00+0200,media,unclassified,,,,,
2895,PMR3-KB24PM,2496526,0f2161f9ac827b57515f462571be342a,2023-09-22T06:05:14+0200,2023-09-22T06:05:14+0200,media,blank,,,,human,2023-10-31T10:23:45+0000
2896,PMR3-KB24PM,2496527,826e01737532b4c84eeb097f9a5538c4,2023-09-22T12:00:00+0200,2023-09-22T12:00:00+0200,media,unclassified,,,,,
2897,PMR3-KB24PM,2496528,033f3930d6b2a64d74686e034885a9af,2023-09-23T12:00:00+0200,2023-09-23T12:00:00+0200,media,unclassified,,,,,
2898,PMR3-KB24PM,2496529,93a5e3d3530c89de9b9365cee89eb241,2023-09-24T12:00:00+0200,2023-09-24T12:00:00+0200,media,unclassified,,,,,
2899,PMR3-KB24PM,2496530,e35e869ec32dc2b355cae8e4b875aeb2,2023-09-25T09:10:36+0200,2023-09-25T09:10:36+0200,media,animal,,Sciurus vulgaris,1,human,2023-10-31T10:32:55+0000
2900,PMR3-KB24PM,2496531,6dfced0d9f76fac27405bfe4e7e7953c,2023-09-25T12:00:00+0200,2023-09-25T12:00:00+0200,media,unclassified,,,,,
2901,PMR3-KB24PM,2496532,7a9da4dbc92400c9542a469b784a50e5,2023-09-26T12:00:00+0200,2023-09-26T12:00:00+0200,media,unclassified,,,,,
2902,PMR3-KB24PM,2496533,1528a4e09371af596bd59a6a3c8d76a0,2023-09-27T12:00:00+0200,2023-09-27T12:00:00+0200,media,unclassified,,,,,
2903,PMR3-KB24PM,2496534,060d26e8294ce322f07f8b580cbb830f,2023-09-28T12:00:00+0200,2023-09-28T12:00:00+0200,media,unclassified,,,,,
2904,PMR3-KB24PM,2496535,3b044d10265d07953101a5b2da6f428c,2023-09-29T12:00:00+0200,2023-09-29T12:00:00+0200,media,unclassified,,,,,
2905,PMR3-KB24PM,2496536,e27193c8ade6afc67bb207b29bd76c50,2023-09-30T12:00:00+0200,2023-09-30T12:00:00+0200,media,unclassified,,,,,
2906,PMR3-KB24PM,2496537,8142494368c2e2a6fdcf6cff5625e82e,2023-10-01T12:00:00+0200,2023-10-01T12:00:00+0200,media,unclassified,,,,,
2907,PMR3-KB24PM,2496538,93f9a7c269227b9d82f174396d7080dc,2023-10-02T12:00:00+0200,2023-10-02T12:00:00+0200,media,unclassified,,,,,
2908,PMR3-KB24PM,2496539,6e0acc9900a3cc0afa9b91b6cb35d91b,2023-10-03T12:00:00+0200,2023-10-03T12:00:00+0200,media,unclassified,,,,,
2909,PMR3-KB24PM,2496540,06d4a7219228120740832209ab8e7694,2023-10-03T23:38:48+0200,2023-10-03T23:38:48+0200,media,animal,,Alces alces,1,human,2023-10-31T12:03:41+0000
2910,PMR3-KB24PM,2496541,06d4a7219228120740832209ab8e7694,2023-10-03T23:38:56+0200,2023-10-03T23:38:56+0200,media,animal,,Alces alces,1,human,2023-10-31T12:03:41+0000
2911,PMR3-KB24PM,2496542,06d4a7219228120740832209ab8e7694,2023-10-03T23:39:06+0200,2023-10-03T23:39:06+0200,media,animal,,Alces alces,1,human,2023-10-31T12:03:41+0000
2912,PMR3-KB24PM,2496543,aa81d695d91724ab623a1225d0575d2a,2023-10-04T12:00:00+0200,2023-10-04T12:00:00+0200,media,unclassified,,,,,
2913,PMR3-KB24PM,2496544,fa3e1afe0036ec8e23e1970a9616e056,2023-10-05T11:44:40+0200,2023-10-05T11:44:40+0200,media,human,setup,Homo sapiens,2,human,2023-10-31T12:13:20+0000
2914,PMR3-KB24PM,2496545,fa3e1afe0036ec8e23e1970a9616e056,2023-10-05T11:44:48+0200,2023-10-05T11:44:48+0200,media,human,setup,Homo sapiens,1,human,2023-10-31T12:13:03+0000
2915,PMR3-KB24PM,2496546,fa3e1afe0036ec8e23e1970a9616e056,2023-10-05T11:45:00+0200,2023-10-05T11:45:00+0200,media,human,setup,Homo sapiens,1,human,2023-10-31T12:13:03+0000
2916,PMR3-KB24PM,2496547,fa3e1afe0036ec8e23e1970a9616e056,2023-10-05T11:45:24+0200,2023-10-05T11:45:24+0200,media,human,setup,Homo sapiens,1,human,2023-10-31T12:13:03+0000
2917,PMR3-KB24PM,2496548,fa3e1afe0036ec8e23e1970a9616e056,2023-10-05T11:45:46+0200,2023-10-05T11:45:46+0200,media,human,setup,Homo sapiens,1,human,2023-10-31T12:13:03+0000
2918,PMR3-KB25PM,2496549,5a3486e0f12cf318658f521a597c812d,2023-09-05T12:05:50+0200,2023-09-05T12:05:50+0200,media,human,setup,Homo sapiens,1,human,2023-10-30T09:43:31+0000
2919,PMR3-KB25PM,2496550,5a3486e0f12cf318658f521a597c812d,2023-09-05T12:06:40+0200,2023-09-05T12:06:40+0200,media,human,setup,Homo sapiens,2,human,2023-10-30T09:43:40+0000
2920,PMR3-KB25PM,2496551,753b8d26a8f08df07488cd0220ee1787,2023-09-06T12:00:00+0200,2023-09-06T12:00:00+0200,media,unclassified,,,,,
2921,PMR3-KB25PM,2496552,2f087138d7cb78c23eb33b0eba9f86fd,2023-09-07T12:00:00+0200,2023-09-07T12:00:00+0200,media,unclassified,,,,,
2922,PMR3-KB25PM,2496553,df16340191219fb97a48f8fd69f17a56,2023-09-08T12:00:00+0200,2023-09-08T12:00:00+0200,media,unclassified,,,,,
2923,PMR3-KB25PM,2496554,895ac6754aa2504ee36b9f8396bbccf8,2023-09-09T12:00:00+0200,2023-09-09T12:00:00+0200,media,unclassified,,,,,
2924,PMR3-KB25PM,2496555,2a5189846d9560e43f05e56be4894227,2023-09-10T12:00:00+0200,2023-09-10T12:00:00+0200,media,unclassified,,,,,
2925,PMR3-KB25PM,2496556,57fe7fa966a3fb18385a22ae403980c5,2023-09-11T12:00:00+0200,2023-09-11T12:00:00+0200,media,unclassified,,,,,
2926,PMR3-KB25PM,2496557,7b4f1fbbb6df66070244aaac86814544,2023-09-12T12:00:00+0200,2023-09-12T12:00:00+0200,media,unclassified,,,,,
2927,PMR3-KB25PM,2496558,ef0aeda8a1d8a5fec67fdc426604f7dd,2023-09-13T12:00:00+0200,2023-09-13T12:00:00+0200,media,unclassified,,,,,
2928,PMR3-KB25PM,2496559,e4c32400263cdcf6a97961b6dc177118,2023-09-14T12:00:00+0200,2023-09-14T12:00:00+0200,media,unclassified,,,,,
2929,PMR3-KB25PM,2496560,8314595a034a9a1964549fd7efe35f8b,2023-09-15T12:00:00+0200,2023-09-15T12:00:00+0200,media,unclassified,,,,,
2930,PMR3-KB25PM,2496561,6de144e2f979ad6b991c4e78e67771b6,2023-09-15T14:27:04+0200,2023-09-15T14:27:04+0200,media,animal,,Canis familiaris,1,human,2023-10-30T14:32:12+0000
2931,PMR3-KB25PM,2496562,6e4538d92c559741059584416202a51f,2023-09-16T12:00:00+0200,2023-09-16T12:00:00+0200,media,unclassified,,,,,
2932,PMR3-KB25PM,2496563,17a329f9e70b9b20ef3ef423472e4f15,2023-09-17T12:00:00+0200,2023-09-17T12:00:00+0200,media,unclassified,,,,,
2933,PMR3-KB25PM,2496564,c1a6850bb011ecb2f11479e140099054,2023-09-18T12:00:00+0200,2023-09-18T12:00:00+0200,media,unclassified,,,,,
2934,PMR3-KB25PM,2496565,3703cf0e1ab732a3038212b0f7aaa893,2023-09-18T18:57:42+0200,2023-09-18T18:57:42+0200,media,animal,,Lyrurus tetrix,1,human,2023-10-30T14:45:55+0000
2935,PMR3-KB25PM,2496566,84f3742bebb935b3d94f2e30381d363f,2023-09-19T12:00:00+0200,2023-09-19T12:00:00+0200,media,unclassified,,,,,
2936,PMR3-KB25PM,2496567,4171297ac82d62994acb5e3a62c52ed7,2023-09-20T12:00:00+0200,2023-09-20T12:00:00+0200,media,unclassified,,,,,
2937,PMR3-KB25PM,2496568,b8862cfe186fa5090f7d7f505480b781,2023-09-21T12:00:00+0200,2023-09-21T12:00:00+0200,media,unclassified,,,,,
2938,PMR3-KB25PM,2496569,70b757649f99df9b12bd1bae2904d599,2023-09-22T12:00:00+0200,2023-09-22T12:00:00+0200,media,unclassified,,,,,
2939,PMR3-KB25PM,2496570,c25873ca05934350676663e3392e6b09,2023-09-23T12:00:00+0200,2023-09-23T12:00:00+0200,media,unclassified,,,,,
2940,PMR3-KB25PM,2496571,996c81ae45c2e882c3560a2fba16ccaf,2023-09-24T12:00:00+0200,2023-09-24T12:00:00+0200,media,unclassified,,,,,
2941,PMR3-KB25PM,2496572,55d62fa931bef4e482084e14534c4e8b,2023-09-25T12:00:00+0200,2023-09-25T12:00:00+0200,media,unclassified,,,,,
2942,PMR3-KB25PM,2496573,4fbe9186352d2b67e6df9f69c9242f9f,2023-09-26T12:00:00+0200,2023-09-26T12:00:00+0200,media,unclassified,,,,,
2943,PMR3-KB25PM,2496574,15c278e39f403b7ee8e6278cb2c98cef,2023-09-27T12:00:00+0200,2023-09-27T12:00:00+0200,media,unclassified,,,,,
2944,PMR3-KB25PM,2496575,16cf04ab306e427df7c45379f0d690a2,2023-09-28T12:00:00+0200,2023-09-28T12:00:00+0200,media,unclassified,,,,,
2945,PMR3-KB25PM,2496576,7d5d0c816fb7642afffcb38991249ba0,2023-09-29T12:00:00+0200,2023-09-29T12:00:00+0200,media,unclassified,,,,,
2946,PMR3-KB25PM,2496577,4198b4653b31b82f048beca1260ff50b,2023-09-30T12:00:00+0200,2023-09-30T12:00:00+0200,media,unclassified,,,,,
2947,PMR3-KB25PM,2496578,70d6d4f9e2137a011f7fa7ade1400ff3,2023-10-01T12:00:00+0200,2023-10-01T12:00:00+0200,media,unclassified,,,,,
2948,PMR3-KB25PM,2496579,1ed5cb9bc780a601d280a37f2f4a742f,2023-10-02T12:00:00+0200,2023-10-02T12:00:00+0200,media,unclassified,,,,,
2949,PMR3-KB25PM,2496580,cb7b7a36c5de496b50093418ef14e532,2023-10-03T12:00:00+0200,2023-10-03T12:00:00+0200,media,unclassified,,,,,
2950,PMR3-KB25PM,2496581,b87a71b7663df539e4aaeb68ce6ff2bf,2023-10-04T07:00:12+0200,2023-10-04T07:00:12+0200,media,animal,,Garrulus glandarius,1,human,2023-10-31T12:05:48+0000
2951,PMR3-KB25PM,2496582,b87a71b7663df539e4aaeb68ce6ff2bf,2023-10-04T07:00:28+0200,2023-10-04T07:00:28+0200,media,animal,,Garrulus glandarius,1,human,2023-10-31T12:05:48+0000
2952,PMR3-KB25PM,2496583,b87a71b7663df539e4aaeb68ce6ff2bf,2023-10-04T07:00:38+0200,2023-10-04T07:00:38+0200,media,animal,,Garrulus glandarius,1,human,2023-10-31T12:05:48+0000
2953,PMR3-KB25PM,2496584,71d1ab7837de17565a52338bfff9db45,2023-10-04T07:19:04+0200,2023-10-04T07:19:04+0200,media,animal,,Garrulus glandarius,1,human,2023-10-31T12:06:05+0000
2954,PMR3-KB25PM,2496585,71d1ab7837de17565a52338bfff9db45,2023-10-04T07:19:46+0200,2023-10-04T07:19:46+0200,media,animal,,Garrulus glandarius,1,human,2023-10-31T12:06:05+0000
2955,PMR3-KB25PM,2496586,71d1ab7837de17565a52338bfff9db45,2023-10-04T07:20:18+0200,2023-10-04T07:20:18+0200,media,animal,,Garrulus glandarius,1,human,2023-10-31T12:06:05+0000
2956,PMR3-KB25PM,2496587,71d1ab7837de17565a52338bfff9db45,2023-10-04T07:20:36+0200,2023-10-04T07:20:36+0200,media,animal,,Garrulus glandarius,1,human,2023-10-31T12:06:05+0000
2957,PMR3-KB25PM,2496588,71d1ab7837de17565a52338bfff9db45,2023-10-04T07:21:38+0200,2023-10-04T07:21:38+0200,media,animal,,Garrulus glandarius,1,human,2023-10-31T12:06:05+0000
2958,PMR3-KB25PM,2496589,71d1ab7837de17565a52338bfff9db45,2023-10-04T07:22:04+0200,2023-10-04T07:22:04+0200,media,animal,,Garrulus glandarius,1,human,2023-10-31T12:06:05+0000
2959,PMR3-KB25PM,2496590,71d1ab7837de17565a52338bfff9db45,2023-10-04T07:22:24+0200,2023-10-04T07:22:24+0200,media,blank,,,,human,2023-10-31T12:06:37+0000
2960,PMR3-KB25PM,2496591,da6ed0e17a2f82cb60c473d3eeac644f,2023-10-04T08:13:36+0200,2023-10-04T08:13:36+0200,media,animal,,Garrulus glandarius,1,human,2023-10-31T12:06:53+0000
2961,PMR3-KB25PM,2496592,33d3ca7846d23d4dc38f4674eb5e24d1,2023-10-04T12:00:00+0200,2023-10-04T12:00:00+0200,media,unclassified,,,,,
2962,PMR3-KB25PM,2496593,65677dd8ea9d3cfe2adc944727074935,2023-10-05T06:50:28+0200,2023-10-05T06:50:28+0200,media,blank,,,,human,2023-10-31T12:11:04+0000
2963,PMR3-KB25PM,2496594,0ce67d64d5322346e9d3a5299b325475,2023-10-05T11:44:20+0200,2023-10-05T11:44:20+0200,media,animal,,Garrulus glandarius,1,human,2023-10-31T12:11:53+0000
2964,PMR3-KB25PM,2496595,0ce67d64d5322346e9d3a5299b325475,2023-10-05T11:44:30+0200,2023-10-05T11:44:30+0200,media,animal,,Garrulus glandarius,1,human,2023-10-31T12:11:53+0000
2965,PMR3-KB25PM,2496596,18195d19b8876935f3759d967b00684f,2023-10-05T12:00:00+0200,2023-10-05T12:00:00+0200,media,unclassified,,,,,
2966,PMR3-KB25PM,2496597,1c31b755681683c3907df403cc59f626,2023-10-05T12:39:32+0200,2023-10-05T12:39:32+0200,media,human,setup,Homo sapiens,1,human,2023-10-31T12:13:55+0000
2967,PMR3-KB25PM,2496598,1c31b755681683c3907df403cc59f626,2023-10-05T12:39:40+0200,2023-10-05T12:39:40+0200,media,human,setup,Homo sapiens,1,human,2023-10-31T12:13:55+0000
2968,PMR3-KB26PM,2496599,d4aa0debd5f0b07f54ad2ce3c8f9cc64,2023-09-05T14:21:42+0200,2023-09-05T14:21:42+0200,media,human,setup,Homo sapiens,1,human,2023-10-30T09:47:45+0000
2969,PMR3-KB26PM,2496600,d4aa0debd5f0b07f54ad2ce3c8f9cc64,2023-09-05T14:22:26+0200,2023-09-05T14:22:26+0200,media,human,setup,Homo sapiens,1,human,2023-10-30T09:47:45+0000
2970,PMR3-KB26PM,2496601,5c849c2abb4c656f9daf3130c9648419,2023-09-06T12:00:00+0200,2023-09-06T12:00:00+0200,media,unclassified,,,,,
2971,PMR3-KB26PM,2496602,41fca5ff8aabe086645c33ed3278cb78,2023-09-07T12:00:00+0200,2023-09-07T12:00:00+0200,media,unclassified,,,,,
2972,PMR3-KB26PM,2496603,3590f9b5c647c93eaad02c96a4df4a27,2023-09-08T12:00:00+0200,2023-09-08T12:00:00+0200,media,unclassified,,,,,
2973,PMR3-KB26PM,2496604,d8290744ba9c589ab839fdc9dd522f33,2023-09-09T12:00:00+0200,2023-09-09T12:00:00+0200,media,unclassified,,,,,
2974,PMR3-KB26PM,2496605,b33c46cf0209813c01f054326e35a37a,2023-09-10T12:00:00+0200,2023-09-10T12:00:00+0200,media,unclassified,,,,,
2975,PMR3-KB26PM,2496606,fe87966fad382b1c2139a0b7415300e1,2023-09-11T08:59:04+0200,2023-09-11T08:59:04+0200,media,animal,,Capreolus capreolus,1,human,2023-10-30T13:54:12+0000
2976,PMR3-KB26PM,2496607,fe87966fad382b1c2139a0b7415300e1,2023-09-11T09:00:00+0200,2023-09-11T09:00:00+0200,media,animal,,Capreolus capreolus,1,human,2023-10-30T13:54:12+0000
2977,PMR3-KB26PM,2496608,fe87966fad382b1c2139a0b7415300e1,2023-09-11T09:00:10+0200,2023-09-11T09:00:10+0200,media,animal,,Capreolus capreolus,1,human,2023-10-30T13:54:12+0000
2978,PMR3-KB26PM,2496609,fe87966fad382b1c2139a0b7415300e1,2023-09-11T09:00:22+0200,2023-09-11T09:00:22+0200,media,animal,,Capreolus capreolus,1,human,2023-10-30T13:54:12+0000
2979,PMR3-KB26PM,2496610,fe87966fad382b1c2139a0b7415300e1,2023-09-11T09:00:42+0200,2023-09-11T09:00:42+0200,media,animal,,Capreolus capreolus,1,human,2023-10-30T13:54:12+0000
2980,PMR3-KB26PM,2496611,fe87966fad382b1c2139a0b7415300e1,2023-09-11T09:00:52+0200,2023-09-11T09:00:52+0200,media,animal,,Capreolus capreolus,1,human,2023-10-30T13:54:12+0000
2981,PMR3-KB26PM,2496612,fe87966fad382b1c2139a0b7415300e1,2023-09-11T09:01:32+0200,2023-09-11T09:01:32+0200,media,animal,,Capreolus capreolus,1,human,2023-10-30T13:54:12+0000
2982,PMR3-KB26PM,2496613,a7ee70ec2e9ff16bc57e1227872071ca,2023-09-11T12:00:00+0200,2023-09-11T12:00:00+0200,media,unclassified,,,,,
2983,PMR3-KB26PM,2496614,3f46ce5c4bd1f2f6ccabaf48c5056faf,2023-09-12T12:00:00+0200,2023-09-12T12:00:00+0200,media,unclassified,,,,,
2984,PMR3-KB26PM,2496615,618148f5db1e6493f033519edd47b143,2023-09-13T12:00:00+0200,2023-09-13T12:00:00+0200,media,unclassified,,,,,
2985,PMR3-KB26PM,2496616,1e39d20adc595935594485c2bb2f155f,2023-09-14T12:00:00+0200,2023-09-14T12:00:00+0200,media,unclassified,,,,,
2986,PMR3-KB26PM,2496617,2015364e7d73ca87dd95d5d134e0340a,2023-09-15T12:00:00+0200,2023-09-15T12:00:00+0200,media,unclassified,,,,,
2987,PMR3-KB26PM,2496618,7e2ceb79a50e4748e5048f363e1cf455,2023-09-16T06:37:18+0200,2023-09-16T06:37:18+0200,media,animal,,Alces alces,1,human,2023-10-30T14:32:44+0000
2988,PMR3-KB26PM,2496619,ca7e23db42c2c50eb19a0b8896abe33a,2023-09-16T12:00:00+0200,2023-09-16T12:00:00+0200,media,unclassified,,,,,
2989,PMR3-KB26PM,2496620,97821ef0217ea61ee63a41e2ed7a015a,2023-09-17T12:00:00+0200,2023-09-17T12:00:00+0200,media,unclassified,,,,,
2990,PMR3-KB26PM,2496621,e63172d673a3f009c091bfeb98e8e136,2023-09-18T12:00:00+0200,2023-09-18T12:00:00+0200,media,unclassified,,,,,
2991,PMR3-KB26PM,2496622,5ce767334bb77dda4baf4dd8a141f877,2023-09-19T12:00:00+0200,2023-09-19T12:00:00+0200,media,unclassified,,,,,
2992,PMR3-KB26PM,2496623,93e444eb91a40823d5edacc6bfdea234,2023-09-20T12:00:00+0200,2023-09-20T12:00:00+0200,media,unclassified,,,,,
2993,PMR3-KB26PM,2496624,6fe3a6bef84b4f202f7b702de7884bca,2023-09-20T23:33:30+0200,2023-09-20T23:33:30+0200,media,animal,,Martes martes,1,human,2023-10-31T10:22:46+0000
2994,PMR3-KB26PM,2496625,e5f6f3fd9f0b90c1e71ccf8d4893f77a,2023-09-21T12:00:00+0200,2023-09-21T12:00:00+0200,media,unclassified,,,,,
2995,PMR3-KB26PM,2496626,c875034bac3d5574efaca0b70f6ea9fb,2023-09-22T12:00:00+0200,2023-09-22T12:00:00+0200,media,unclassified,,,,,
2996,PMR3-KB26PM,2496627,5aa33daabde53e9e4607d2c322120c9a,2023-09-23T12:00:00+0200,2023-09-23T12:00:00+0200,media,unclassified,,,,,
2997,PMR3-KB26PM,2496628,573bd4ddd72c442963ed29318e82500c,2023-09-24T07:33:04+0200,2023-09-24T07:33:04+0200,media,animal,,Sciurus vulgaris,1,human,2023-10-31T10:30:43+0000
2998,PMR3-KB26PM,2496629,7aec6ad7d5f0d4db908b01dc53f50e23,2023-09-24T12:00:00+0200,2023-09-24T12:00:00+0200,media,unclassified,,,,,
2999,PMR3-KB26PM,2496630,7f11a237825990cde4eec813f04d8c93,2023-09-25T12:00:00+0200,2023-09-25T12:00:00+0200,media,unclassified,,,,,
3000,PMR3-KB26PM,2496631,09215b3492ded02e198065430d622145,2023-09-26T12:00:00+0200,2023-09-26T12:00:00+0200,media,unclassified,,,,,
3001,PMR3-KB26PM,2496632,1d3fd9e8c0098ec0f7a8ec4efb870563,2023-09-27T12:00:00+0200,2023-09-27T12:00:00+0200,media,unclassified,,,,,
3002,PMR3-KB26PM,2496633,735a9dafee8b0e82f1831767c5158e1c,2023-09-28T12:00:00+0200,2023-09-28T12:00:00+0200,media,unclassified,,,,,
3003,PMR3-KB26PM,2496634,ead1c2b532d36a5cc3e10a021dd652da,2023-09-29T12:00:00+0200,2023-09-29T12:00:00+0200,media,unclassified,,,,,
3004,PMR3-KB26PM,2496635,f6be870010a813b0f345220fd08fcc2b,2023-09-30T12:00:00+0200,2023-09-30T12:00:00+0200,media,unclassified,,,,,
3005,PMR3-KB26PM,2496636,d363a065d4509f55ce9f8e0c26563f80,2023-10-01T12:00:00+0200,2023-10-01T12:00:00+0200,media,unclassified,,,,,
3006,PMR3-KB26PM,2496637,c89054f5a82bc9dc22b227d8a2958650,2023-10-02T12:00:00+0200,2023-10-02T12:00:00+0200,media,unclassified,,,,,
3007,PMR3-KB26PM,2496638,fc4bd7dfd36ff17b1574757b1e10e2f9,2023-10-03T12:00:00+0200,2023-10-03T12:00:00+0200,media,unclassified,,,,,
3008,PMR3-KB26PM,2496639,9ab44cb9bea03375b6bcbffeb940d72a,2023-10-04T12:00:00+0200,2023-10-04T12:00:00+0200,media,unclassified,,,,,
3009,PMR3-KB26PM,2496640,03ed700fa956fe4f407c08fa99e17469,2023-10-05T12:00:00+0200,2023-10-05T12:00:00+0200,media,unclassified,,,,,
3010,PMR3-KB26PM,2496641,8d3440bba08b92fb8a72c3f5e03ed150,2023-10-05T16:01:10+0200,2023-10-05T16:01:10+0200,media,human,setup,Homo sapiens,1,human,2023-10-31T12:19:39+0000
3011,PMR3-KB27PM,2496642,1334c533344fef1de6c55a7d36d5e649,2023-09-05T15:12:44+0200,2023-09-05T15:12:44+0200,media,blank,setup,,,human,2023-10-30T09:50:05+0000
3012,PMR3-KB27PM,2496643,1334c533344fef1de6c55a7d36d5e649,2023-09-05T15:13:22+0200,2023-09-05T15:13:22+0200,media,human,setup,Homo sapiens,1,human,2023-10-30T09:49:48+0000
3013,PMR3-KB27PM,2496644,1334c533344fef1de6c55a7d36d5e649,2023-09-05T15:13:42+0200,2023-09-05T15:13:42+0200,media,human,setup,Homo sapiens,1,human,2023-10-30T09:49:48+0000
3014,PMR3-KB27PM,2496645,a1b3ffe991b6f68ecd6479839effadb4,2023-09-06T12:00:00+0200,2023-09-06T12:00:00+0200,media,unclassified,,,,,
3015,PMR3-KB27PM,2496646,43d28db5ca8215f842f5fc1daa950f7d,2023-09-07T12:00:00+0200,2023-09-07T12:00:00+0200,media,unclassified,,,,,
3016,PMR3-KB27PM,2496647,ce292b557f8c8b0cdcc10f965f219238,2023-09-08T12:00:00+0200,2023-09-08T12:00:00+0200,media,unclassified,,,,,
3017,PMR3-KB27PM,2496648,f548620940836e79b912fedbd89a5510,2023-09-09T12:00:00+0200,2023-09-09T12:00:00+0200,media,unclassified,,,,,
3018,PMR3-KB27PM,2496649,beb2529f4852d4909adf71358224c12a,2023-09-10T12:00:00+0200,2023-09-10T12:00:00+0200,media,unclassified,,,,,
3019,PMR3-KB27PM,2496650,3fd681d2a67db107d9d1643d952921de,2023-09-11T12:00:00+0200,2023-09-11T12:00:00+0200,media,unclassified,,,,,
3020,PMR3-KB27PM,2496651,89f635d20dce4045aaf3791511d6a396,2023-09-12T12:00:00+0200,2023-09-12T12:00:00+0200,media,unclassified,,,,,
3021,PMR3-KB27PM,2496652,14237cabfd2096d792f2cfe44a6c656a,2023-09-13T12:00:00+0200,2023-09-13T12:00:00+0200,media,unclassified,,,,,
3022,PMR3-KB27PM,2496653,f73e29c97cb35cc9ce70b5b164c94d96,2023-09-14T12:00:00+0200,2023-09-14T12:00:00+0200,media,unclassified,,,,,
3023,PMR3-KB27PM,2496654,f9f8a3c9bd32f326ec2d61453292b837,2023-09-15T12:00:00+0200,2023-09-15T12:00:00+0200,media,unclassified,,,,,
3024,PMR3-KB27PM,2496655,1b98457af934f5826215a66f72f5d0ca,2023-09-16T12:00:00+0200,2023-09-16T12:00:00+0200,media,unclassified,,,,,
3025,PMR3-KB27PM,2496656,51128cd12f76041f29b8b9e61414f404,2023-09-17T12:00:00+0200,2023-09-17T12:00:00+0200,media,unclassified,,,,,
3026,PMR3-KB27PM,2496657,5ab5f1f6569caa18a5b56289992ffe81,2023-09-18T12:00:00+0200,2023-09-18T12:00:00+0200,media,unclassified,,,,,
3027,PMR3-KB27PM,2496658,fc279198e18ea6fff28b76c1d5f3a21f,2023-09-19T12:00:00+0200,2023-09-19T12:00:00+0200,media,unclassified,,,,,
3028,PMR3-KB27PM,2496659,d57d2c303183650f7f6a35875e390edf,2023-09-20T12:00:00+0200,2023-09-20T12:00:00+0200,media,unclassified,,,,,
3029,PMR3-KB27PM,2496660,edbd9fcc333a17b4f3671691cc6bbdd0,2023-09-20T12:40:22+0200,2023-09-20T12:40:22+0200,media,animal,,Garrulus glandarius,1,human,2023-10-31T10:16:53+0000
3030,PMR3-KB27PM,2496661,edbd9fcc333a17b4f3671691cc6bbdd0,2023-09-20T12:40:38+0200,2023-09-20T12:40:38+0200,media,animal,,Garrulus glandarius,1,human,2023-10-31T10:16:53+0000
3031,PMR3-KB27PM,2496662,5690500eeca3448e3e41fa141c9d9a3e,2023-09-21T12:00:00+0200,2023-09-21T12:00:00+0200,media,unclassified,,,,,
3032,PMR3-KB27PM,2496663,ca919bdb75e971fe8b0420ee0909ccf6,2023-09-22T12:00:00+0200,2023-09-22T12:00:00+0200,media,unclassified,,,,,
3033,PMR3-KB27PM,2496664,c0a00a2dd2537a78296c0318c3be3442,2023-09-23T12:00:00+0200,2023-09-23T12:00:00+0200,media,unclassified,,,,,
3034,PMR3-KB27PM,2496665,01f4c72a9974de6b737c57b5669fda00,2023-09-24T12:00:00+0200,2023-09-24T12:00:00+0200,media,unclassified,,,,,
3035,PMR3-KB27PM,2496666,af73891a3b6d3995988e167c65cb91d4,2023-09-25T12:00:00+0200,2023-09-25T12:00:00+0200,media,unclassified,,,,,
3036,PMR3-KB27PM,2496667,8de0da664fe148668e4dd5b2f439e71b,2023-09-26T12:00:00+0200,2023-09-26T12:00:00+0200,media,unclassified,,,,,
3037,PMR3-KB27PM,2496668,e7890ff613eb0517264a2fa1c1af67d8,2023-09-27T12:00:00+0200,2023-09-27T12:00:00+0200,media,unclassified,,,,,
3038,PMR3-KB27PM,2496669,b798a1a5416da5ed56ffa6bab101587b,2023-09-28T12:00:00+0200,2023-09-28T12:00:00+0200,media,unclassified,,,,,
3039,PMR3-KB27PM,2496670,c2e2688704c879d4e4eaf65f48959353,2023-09-29T12:00:00+0200,2023-09-29T12:00:00+0200,media,unclassified,,,,,
3040,PMR3-KB27PM,2496671,5a72ec8dde481a8a840d475218e9b808,2023-09-30T12:00:00+0200,2023-09-30T12:00:00+0200,media,unclassified,,,,,
3041,PMR3-KB27PM,2496672,8df3bc424813df1aa132de1263063cfa,2023-10-01T12:00:00+0200,2023-10-01T12:00:00+0200,media,unclassified,,,,,
3042,PMR3-KB27PM,2496673,806447ed287bbdc8e8b8b39e2d6662d1,2023-10-02T12:00:00+0200,2023-10-02T12:00:00+0200,media,unclassified,,,,,
3043,PMR3-KB27PM,2496674,4f7b09a4ba0117428db4a7b72ef83f51,2023-10-03T12:00:00+0200,2023-10-03T12:00:00+0200,media,unclassified,,,,,
3044,PMR3-KB27PM,2496675,b72388ba04b5d052337a6665829fb55e,2023-10-04T12:00:00+0200,2023-10-04T12:00:00+0200,media,unclassified,,,,,
3045,PMR3-KB27PM,2496676,98ade97439f89f1e9a65fad56482cb2b,2023-10-04T15:21:08+0200,2023-10-04T15:21:08+0200,media,human,setup,Homo sapiens,1,human,2023-10-31T12:09:47+0000
3046,PMR4-KB01PM,2500374,afc4878072dd592b40f8e9f80e53ac68,2023-10-03T12:00:00+0200,2023-10-03T12:00:00+0200,media,unclassified,,,,,
3047,PMR4-KB01PM,2500369,1255e8196f0f99f4c8a1950d0bce51f6,2023-10-03T12:06:36+0200,2023-10-03T12:06:36+0200,media,human,setup,Homo sapiens,1,human,2023-11-20T15:16:21+0000
3048,PMR4-KB01PM,2500370,1255e8196f0f99f4c8a1950d0bce51f6,2023-10-03T12:06:58+0200,2023-10-03T12:06:58+0200,media,human,setup,Homo sapiens,1,human,2023-11-20T15:16:21+0000
3049,PMR4-KB01PM,2500371,1255e8196f0f99f4c8a1950d0bce51f6,2023-10-03T12:08:58+0200,2023-10-03T12:08:58+0200,media,human,setup,Homo sapiens,1,human,2023-11-20T15:16:21+0000
3050,PMR4-KB01PM,2500372,1255e8196f0f99f4c8a1950d0bce51f6,2023-10-03T12:09:08+0200,2023-10-03T12:09:08+0200,media,human,setup,Homo sapiens,1,human,2023-11-20T15:16:21+0000
3051,PMR4-KB01PM,2500373,1255e8196f0f99f4c8a1950d0bce51f6,2023-10-03T12:09:16+0200,2023-10-03T12:09:16+0200,media,human,setup,Homo sapiens,1,human,2023-11-20T15:16:21+0000
3052,PMR4-KB01PM,2500375,20318f12993c3045cbb0921f8fdf9944,2023-10-04T12:00:00+0200,2023-10-04T12:00:00+0200,media,unclassified,,,,,
3053,PMR4-KB01PM,2500376,00ef15df8ede4574d441ebcbf7e09f79,2023-10-05T12:00:00+0200,2023-10-05T12:00:00+0200,media,unclassified,,,,,
3054,PMR4-KB01PM,2500377,3d948b0a9af274fa527c422e3b02d84d,2023-10-06T12:00:00+0200,2023-10-06T12:00:00+0200,media,unclassified,,,,,
3055,PMR4-KB01PM,2500378,73158a57613646c71c6afd1361951086,2023-10-07T12:00:00+0200,2023-10-07T12:00:00+0200,media,unclassified,,,,,
3056,PMR4-KB01PM,2500379,de72f7f22132f12435dbf2bc3a0ed100,2023-10-08T12:00:00+0200,2023-10-08T12:00:00+0200,media,unclassified,,,,,
3057,PMR4-KB01PM,2500380,da37368e944dca96eeffa06efcbbafaa,2023-10-09T12:00:00+0200,2023-10-09T12:00:00+0200,media,unclassified,,,,,
3058,PMR4-KB01PM,2500381,2103111a7d876279f2ebdddaa78beb80,2023-10-10T12:00:00+0200,2023-10-10T12:00:00+0200,media,unclassified,,,,,
3059,PMR4-KB01PM,2500382,203f02b7bfa538c8b51a172c38333a20,2023-10-11T12:00:00+0200,2023-10-11T12:00:00+0200,media,unclassified,,,,,
3060,PMR4-KB01PM,2500383,87da9d1d446d2ce01cd7245bbef9da92,2023-10-12T12:00:00+0200,2023-10-12T12:00:00+0200,media,unclassified,,,,,
3061,PMR4-KB01PM,2500384,60304a0c4351ca401a842d0fd6a040e4,2023-10-13T12:00:00+0200,2023-10-13T12:00:00+0200,media,unclassified,,,,,
3062,PMR4-KB01PM,2500385,609adad40b9baf94965b44dc7a976ffb,2023-10-14T12:00:00+0200,2023-10-14T12:00:00+0200,media,unclassified,,,,,
3063,PMR4-KB01PM,2500386,10e2835b54aac4ca6f3066874e3bc892,2023-10-15T12:00:00+0200,2023-10-15T12:00:00+0200,media,unclassified,,,,,
3064,PMR4-KB01PM,2500387,beb0283048e04eda9f180e43977380fe,2023-10-16T09:01:06+0200,2023-10-16T09:01:06+0200,media,animal,,Sciurus vulgaris,1,human,2023-11-22T14:54:29+0000
3065,PMR4-KB01PM,2500388,f5e34de1b963b4b73235a898eb9e87fa,2023-10-16T12:00:00+0200,2023-10-16T12:00:00+0200,media,unclassified,,,,,
3066,PMR4-KB01PM,2500389,8673eb0c8970dbda1f66196d8d127acf,2023-10-17T12:00:00+0200,2023-10-17T12:00:00+0200,media,unclassified,,,,,
3067,PMR4-KB01PM,2500390,77d162261855ba95205fa7d85203fdbe,2023-10-17T15:11:38+0200,2023-10-17T15:11:38+0200,media,animal,,Sciurus vulgaris,1,human,2023-11-22T15:01:43+0000
3068,PMR4-KB01PM,2500391,8266b5de39eef0afe1be824b88231bff,2023-10-18T12:00:00+0200,2023-10-18T12:00:00+0200,media,unclassified,,,,,
3069,PMR4-KB01PM,2500392,aeb48948f359b5c639a4f273a6a2e96e,2023-10-19T12:00:00+0200,2023-10-19T12:00:00+0200,media,unclassified,,,,,
3070,PMR4-KB01PM,2500393,ddf10d555cd0f5ca9779bf56b39a1021,2023-10-20T12:00:00+0200,2023-10-20T12:00:00+0200,media,unclassified,,,,,
3071,PMR4-KB01PM,2500394,6ef30d09b56bf3cc7081ef96266d5add,2023-10-21T12:00:00+0200,2023-10-21T12:00:00+0200,media,unclassified,,,,,
3072,PMR4-KB01PM,2500395,6c65e407a6226c8a9470897bce091f53,2023-10-22T12:00:00+0200,2023-10-22T12:00:00+0200,media,unclassified,,,,,
3073,PMR4-KB01PM,2500396,ec735de7f5df1db7ac463a317ef02c6a,2023-10-23T12:00:00+0200,2023-10-23T12:00:00+0200,media,unclassified,,,,,
3074,PMR4-KB01PM,2500397,238fa727099f1ef53ecee76483ff3bc4,2023-10-24T12:00:00+0200,2023-10-24T12:00:00+0200,media,unclassified,,,,,
3075,PMR4-KB01PM,2500398,0d3483217fc8635d6252451a43a3f013,2023-10-25T06:37:36+0200,2023-10-25T06:37:36+0200,media,animal,,Vulpes vulpes,1,human,2023-11-23T15:08:47+0000
3076,PMR4-KB01PM,2500399,a2b4a27d6be79f59ae44614b352b0a31,2023-10-25T12:00:00+0200,2023-10-25T12:00:00+0200,media,unclassified,,,,,
3077,PMR4-KB01PM,2500400,086752684dcedd6a98bb8e7cda876e5d,2023-10-26T12:00:00+0200,2023-10-26T12:00:00+0200,media,unclassified,,,,,
3078,PMR4-KB01PM,2500401,d82ecf6747a8398bc6c7c10b27577b8a,2023-10-27T12:00:00+0200,2023-10-27T12:00:00+0200,media,unclassified,,,,,
3079,PMR4-KB01PM,2500402,049b6c49573e5f7c2c47490988d8bdb4,2023-10-28T12:00:00+0200,2023-10-28T12:00:00+0200,media,unclassified,,,,,
3080,PMR4-KB01PM,2500403,847a0b3da76dacd452b2d4b7fc7247fe,2023-10-29T12:00:00+0100,2023-10-29T12:00:00+0100,media,unclassified,,,,,
3081,PMR4-KB01PM,2500404,2b39abff81f460db54a6621261389ea8,2023-10-30T12:00:00+0100,2023-10-30T12:00:00+0100,media,unclassified,,,,,
3082,PMR4-KB01PM,2500405,d96999fcc5e6850d02c40368cb8c9ade,2023-10-31T12:00:00+0100,2023-10-31T12:00:00+0100,media,unclassified,,,,,
3083,PMR4-KB01PM,2500406,dd430c4ff69a3e4b0b58cdfc6b28f32c,2023-11-01T12:00:00+0100,2023-11-01T12:00:00+0100,media,unclassified,,,,,
3084,PMR4-KB01PM,2500407,11c7c9d02de04abf8d39096914231296,2023-11-02T10:58:56+0100,2023-11-02T10:58:56+0100,media,human,setup,Homo sapiens,2,human,2023-11-23T15:20:06+0000
3085,PMR4-KB01PM,2500408,11c7c9d02de04abf8d39096914231296,2023-11-02T10:59:08+0100,2023-11-02T10:59:08+0100,media,blank,setup,,,human,2023-11-23T15:20:14+0000
3086,PMR4-KB01PM,2500409,11c7c9d02de04abf8d39096914231296,2023-11-02T11:01:16+0100,2023-11-02T11:01:16+0100,media,human,setup,Homo sapiens,1,human,2023-11-23T15:20:22+0000
3087,PMR4-KB01PM,2500410,11c7c9d02de04abf8d39096914231296,2023-11-02T11:01:36+0100,2023-11-02T11:01:36+0100,media,human,setup,Homo sapiens,1,human,2023-11-23T15:20:36+0000
3088,PMR4-KB02PM,2500411,c8d451c714341c330e0a2c8b18e8752b,2023-10-03T13:00:16+0200,2023-10-03T13:00:16+0200,media,human,setup,Homo sapiens,1,human,2023-11-20T15:17:14+0000
3089,PMR4-KB02PM,2500412,c8d451c714341c330e0a2c8b18e8752b,2023-10-03T13:00:32+0200,2023-10-03T13:00:32+0200,media,human,setup,Homo sapiens,1,human,2023-11-20T15:17:14+0000
3090,PMR4-KB02PM,2500413,c8d451c714341c330e0a2c8b18e8752b,2023-10-03T13:02:10+0200,2023-10-03T13:02:10+0200,media,human,setup,Homo sapiens,1,human,2023-11-20T15:17:14+0000
3091,PMR4-KB02PM,2500414,faf141a0923f95b68d1ed1aa30df99c8,2023-10-04T12:00:00+0200,2023-10-04T12:00:00+0200,media,unclassified,,,,,
3092,PMR4-KB02PM,2500415,9b49b5d3afad17fd2bde88522fb8d2cf,2023-10-05T12:00:00+0200,2023-10-05T12:00:00+0200,media,unclassified,,,,,
3093,PMR4-KB02PM,2500416,2eb01326c25a3c251b0aa42279cc5ec4,2023-10-06T12:00:00+0200,2023-10-06T12:00:00+0200,media,unclassified,,,,,
3094,PMR4-KB02PM,2500417,33dab3d484c41c4afddd8f62f702b2ed,2023-10-07T12:00:00+0200,2023-10-07T12:00:00+0200,media,unclassified,,,,,
3095,PMR4-KB02PM,2500418,c929f4a4f8543ff876df07a1b0c06c7f,2023-10-08T12:00:00+0200,2023-10-08T12:00:00+0200,media,unclassified,,,,,
3096,PMR4-KB02PM,2500419,cef23247e81ba566b7ba5d0dfe309ece,2023-10-09T12:00:00+0200,2023-10-09T12:00:00+0200,media,unclassified,,,,,
3097,PMR4-KB02PM,2500420,495becf4cfdde76d11f1c92ba2f8d257,2023-10-10T12:00:00+0200,2023-10-10T12:00:00+0200,media,unclassified,,,,,
3098,PMR4-KB02PM,2500421,be702b37a9f598d42acbb972f9035eb0,2023-10-11T12:00:00+0200,2023-10-11T12:00:00+0200,media,unclassified,,,,,
3099,PMR4-KB02PM,2500422,cfc06da8d405639d0a3b0e124a7983bf,2023-10-12T12:00:00+0200,2023-10-12T12:00:00+0200,media,unclassified,,,,,
3100,PMR4-KB02PM,2500423,d86f3d985cfef266f1b27b5472f2149a,2023-10-13T12:00:00+0200,2023-10-13T12:00:00+0200,media,unclassified,,,,,
3101,PMR4-KB02PM,2500424,6dd6878fbe0bf0472a2ca9c6b72cc2a4,2023-10-14T12:00:00+0200,2023-10-14T12:00:00+0200,media,unclassified,,,,,
3102,PMR4-KB02PM,2500425,93332c28f12023e67cef5e17f1829211,2023-10-15T12:00:00+0200,2023-10-15T12:00:00+0200,media,unclassified,,,,,
3103,PMR4-KB02PM,2500426,1df7d47c78a2b41c17a56294fa3c95e1,2023-10-16T12:00:00+0200,2023-10-16T12:00:00+0200,media,unclassified,,,,,
3104,PMR4-KB02PM,2500427,9b357c743800e09ec4266217387bc684,2023-10-17T12:00:00+0200,2023-10-17T12:00:00+0200,media,unclassified,,,,,
3105,PMR4-KB02PM,2500428,af95fa32ec3e16f5efbd010d00fe80ae,2023-10-17T17:02:10+0200,2023-10-17T17:02:10+0200,media,animal,,Alces alces,1,human,2023-11-22T15:29:32+0000
3106,PMR4-KB02PM,2500429,af95fa32ec3e16f5efbd010d00fe80ae,2023-10-17T17:02:18+0200,2023-10-17T17:02:18+0200,media,animal,,Alces alces,1,human,2023-11-22T15:29:32+0000
3107,PMR4-KB02PM,2500430,9d24c1743f8760c521106e3901f0d892,2023-10-18T12:00:00+0200,2023-10-18T12:00:00+0200,media,unclassified,,,,,
3108,PMR4-KB02PM,2500431,53c423a23df6281c11963b2890a96530,2023-10-19T12:00:00+0200,2023-10-19T12:00:00+0200,media,unclassified,,,,,
3109,PMR4-KB02PM,2500432,dc436e4b7076c816da02f85b877dcd4a,2023-10-20T12:00:00+0200,2023-10-20T12:00:00+0200,media,unclassified,,,,,
3110,PMR4-KB02PM,2500433,7ba327df8279eafa2c44ca943430d0eb,2023-10-21T12:00:00+0200,2023-10-21T12:00:00+0200,media,unclassified,,,,,
3111,PMR4-KB02PM,2500434,3700e781a5b001be0d48bea39dcc8665,2023-10-22T12:00:00+0200,2023-10-22T12:00:00+0200,media,unclassified,,,,,
3112,PMR4-KB02PM,2500435,8a51a5f9ad936532715937a3b12df383,2023-10-23T12:00:00+0200,2023-10-23T12:00:00+0200,media,unclassified,,,,,
3113,PMR4-KB02PM,2500436,874f88eb69feaba1eddb1fc970b723be,2023-10-24T12:00:00+0200,2023-10-24T12:00:00+0200,media,unclassified,,,,,
3114,PMR4-KB02PM,2500437,1de6df9d5abebdaf843ab2f046c4fce2,2023-10-25T12:00:00+0200,2023-10-25T12:00:00+0200,media,unclassified,,,,,
3115,PMR4-KB02PM,2500438,d7236e647c11bf646186fb1d8df7a30a,2023-10-26T12:00:00+0200,2023-10-26T12:00:00+0200,media,unclassified,,,,,
3116,PMR4-KB02PM,2500439,ab79317fc2d959708de6da81f8a9d99c,2023-10-27T12:00:00+0200,2023-10-27T12:00:00+0200,media,unclassified,,,,,
3117,PMR4-KB02PM,2500440,67c79487d008d3aea7589feaf1b8629f,2023-10-28T12:00:00+0200,2023-10-28T12:00:00+0200,media,unclassified,,,,,
3118,PMR4-KB02PM,2500441,5a3bfd2daf42a6cceca4fb31f2baf3c4,2023-10-29T12:00:00+0100,2023-10-29T12:00:00+0100,media,unclassified,,,,,
3119,PMR4-KB02PM,2500442,1675f601513f0a1c2bab54e6b95bdba9,2023-10-30T12:00:00+0100,2023-10-30T12:00:00+0100,media,unclassified,,,,,
3120,PMR4-KB02PM,2500443,40eab9d26bd53330b40a19332e8afc84,2023-10-31T12:00:00+0100,2023-10-31T12:00:00+0100,media,unclassified,,,,,
3121,PMR4-KB02PM,2500444,d031e25558e076d5617f96ea65e03629,2023-11-01T12:00:00+0100,2023-11-01T12:00:00+0100,media,unclassified,,,,,
3122,PMR4-KB02PM,2500445,cb52167f237e82414ce49c63e923e2f1,2023-11-02T11:32:58+0100,2023-11-02T11:32:58+0100,media,human,setup,Homo sapiens,1,human,2023-11-23T15:21:08+0000
3123,PMR4-KB03PM,2500452,5ce898283b9ec8bd510bae8a16fba324,2023-10-02T12:00:00+0200,2023-10-02T12:00:00+0200,media,unclassified,,,,,
3124,PMR4-KB03PM,2500446,917ac01fde25c1d9f2b146d645ba4720,2023-10-02T12:55:38+0200,2023-10-02T12:55:38+0200,media,human,setup,Homo sapiens,1,human,2023-11-20T15:12:17+0000
3125,PMR4-KB03PM,2500447,917ac01fde25c1d9f2b146d645ba4720,2023-10-02T12:55:52+0200,2023-10-02T12:55:52+0200,media,human,setup,Homo sapiens,1,human,2023-11-20T15:12:17+0000
3126,PMR4-KB03PM,2500448,917ac01fde25c1d9f2b146d645ba4720,2023-10-02T12:56:02+0200,2023-10-02T12:56:02+0200,media,blank,setup,,,human,2023-11-20T15:12:43+0000
3127,PMR4-KB03PM,2500449,917ac01fde25c1d9f2b146d645ba4720,2023-10-02T12:58:10+0200,2023-10-02T12:58:10+0200,media,human,setup,Homo sapiens,1,human,2023-11-20T15:12:17+0000
3128,PMR4-KB03PM,2500450,917ac01fde25c1d9f2b146d645ba4720,2023-10-02T12:58:20+0200,2023-10-02T12:58:20+0200,media,human,setup,Homo sapiens,1,human,2023-11-20T15:12:17+0000
3129,PMR4-KB03PM,2500451,917ac01fde25c1d9f2b146d645ba4720,2023-10-02T12:58:36+0200,2023-10-02T12:58:36+0200,media,human,setup,Homo sapiens,1,human,2023-11-20T15:12:17+0000
3130,PMR4-KB03PM,2500453,dc8c391a373fc14a20b5f9df3177a546,2023-10-03T12:00:00+0200,2023-10-03T12:00:00+0200,media,unclassified,,,,,
3131,PMR4-KB03PM,2500454,1827352548b5c27af24426319f0c7b34,2023-10-04T12:00:00+0200,2023-10-04T12:00:00+0200,media,unclassified,,,,,
3132,PMR4-KB03PM,2500455,eaf312631ba652c921e5875d74eee0e7,2023-10-05T12:00:00+0200,2023-10-05T12:00:00+0200,media,unclassified,,,,,
3133,PMR4-KB03PM,2500456,598a07c35f28569a24a66b87e766b63f,2023-10-06T12:00:00+0200,2023-10-06T12:00:00+0200,media,unclassified,,,,,
3134,PMR4-KB03PM,2500457,a206c0190a5c592f8da96f362be60a2d,2023-10-07T12:00:00+0200,2023-10-07T12:00:00+0200,media,unclassified,,,,,
3135,PMR4-KB03PM,2500458,6c2d8b58ce05bb86e1745748d8d9b71f,2023-10-08T12:00:00+0200,2023-10-08T12:00:00+0200,media,unclassified,,,,,
3136,PMR4-KB03PM,2500459,0c5136f12bc84b4ee4a26c7b31019779,2023-10-09T12:00:00+0200,2023-10-09T12:00:00+0200,media,unclassified,,,,,
3137,PMR4-KB03PM,2500460,36140518a12e773cf1758151348012dd,2023-10-10T12:00:00+0200,2023-10-10T12:00:00+0200,media,unclassified,,,,,
3138,PMR4-KB03PM,2500461,6bf27bd0ecb1fd37d20a391c8f995117,2023-10-11T12:00:00+0200,2023-10-11T12:00:00+0200,media,unclassified,,,,,
3139,PMR4-KB03PM,2500462,c23c70a86bcd411742874f631f8bbeac,2023-10-12T01:44:16+0200,2023-10-12T01:44:16+0200,media,animal,,Alces alces,1,human,2023-11-22T10:39:40+0000
3140,PMR4-KB03PM,2500463,c23c70a86bcd411742874f631f8bbeac,2023-10-12T01:44:24+0200,2023-10-12T01:44:24+0200,media,animal,,Alces alces,1,human,2023-11-22T10:38:51+0000
3141,PMR4-KB03PM,2500464,bb299ce90190556a351fd5c35835e860,2023-10-12T12:00:00+0200,2023-10-12T12:00:00+0200,media,unclassified,,,,,
3142,PMR4-KB03PM,2500465,7c89066da93ae3520b5fcc6909f03cd6,2023-10-13T12:00:00+0200,2023-10-13T12:00:00+0200,media,unclassified,,,,,
3143,PMR4-KB03PM,2500466,c81c3fc75d726107fa354d2328a7b052,2023-10-14T12:00:00+0200,2023-10-14T12:00:00+0200,media,unclassified,,,,,
3144,PMR4-KB03PM,2500467,d24e089779ab7047962bbe577da92a5d,2023-10-15T12:00:00+0200,2023-10-15T12:00:00+0200,media,unclassified,,,,,
3145,PMR4-KB03PM,2500468,afb14cb5159447b52b611f470ff8635c,2023-10-16T12:00:00+0200,2023-10-16T12:00:00+0200,media,unclassified,,,,,
3146,PMR4-KB03PM,2500469,cc2249f0f834fabdd9b8c6251a5963a6,2023-10-17T02:07:52+0200,2023-10-17T02:07:52+0200,media,animal,,Alces alces,1,human,2023-11-22T14:58:35+0000
3147,PMR4-KB03PM,2500470,cc2249f0f834fabdd9b8c6251a5963a6,2023-10-17T02:08:00+0200,2023-10-17T02:08:00+0200,media,blank,,,,human,2023-11-22T14:58:41+0000
3148,PMR4-KB03PM,2500471,235e032d32e0b03937d39250fea6c6ff,2023-10-17T12:00:00+0200,2023-10-17T12:00:00+0200,media,unclassified,,,,,
3149,PMR4-KB03PM,2500472,682dd11e790b025983d132d1440f6f4b,2023-10-18T12:00:00+0200,2023-10-18T12:00:00+0200,media,unclassified,,,,,
3150,PMR4-KB03PM,2500473,5c4c837909aedde2902a798841f26aba,2023-10-19T12:00:00+0200,2023-10-19T12:00:00+0200,media,unclassified,,,,,
3151,PMR4-KB03PM,2500474,b2e3c52cc2e8c4871b8f03aaa6b83a42,2023-10-20T12:00:00+0200,2023-10-20T12:00:00+0200,media,unclassified,,,,,
3152,PMR4-KB03PM,2500475,ef6ff8508c863c6c02b9211021d2984d,2023-10-21T12:00:00+0200,2023-10-21T12:00:00+0200,media,unclassified,,,,,
3153,PMR4-KB03PM,2500476,96645378c05c42f162be298ed894fd69,2023-10-22T12:00:00+0200,2023-10-22T12:00:00+0200,media,unclassified,,,,,
3154,PMR4-KB03PM,2500477,44feccb261ea11acd24b8ff2cfa68cce,2023-10-23T12:00:00+0200,2023-10-23T12:00:00+0200,media,unclassified,,,,,
3155,PMR4-KB03PM,2500478,2477fd57be91837ad457e01efeef7241,2023-10-23T16:21:54+0200,2023-10-23T16:21:54+0200,media,animal,,Tetrastes bonasia,1,human,2023-12-01T10:23:51+0000
3156,PMR4-KB03PM,2500479,08832f551887f093682eb330e44d63b6,2023-10-24T12:00:00+0200,2023-10-24T12:00:00+0200,media,unclassified,,,,,
3157,PMR4-KB03PM,2500480,204edee24ae92fd128bdd394ff6c98b1,2023-10-25T12:00:00+0200,2023-10-25T12:00:00+0200,media,unclassified,,,,,
3158,PMR4-KB03PM,2500481,eb67dc25ea2a4966720c86fe794934ab,2023-10-26T12:00:00+0200,2023-10-26T12:00:00+0200,media,unclassified,,,,,
3159,PMR4-KB03PM,2500482,c9c95ba3eb786b3910bcf4cdebf36a89,2023-10-27T12:00:00+0200,2023-10-27T12:00:00+0200,media,unclassified,,,,,
3160,PMR4-KB03PM,2500483,f154114a65d1f629c03d18eabf135d2e,2023-10-28T12:00:00+0200,2023-10-28T12:00:00+0200,media,unclassified,,,,,
3161,PMR4-KB03PM,2500484,95e9838ff7e13c98b31c3e62228891c5,2023-10-29T12:00:00+0100,2023-10-29T12:00:00+0100,media,unclassified,,,,,
3162,PMR4-KB03PM,2500485,3f975586a72006c8af31cf447e2ee1aa,2023-10-30T12:00:00+0100,2023-10-30T12:00:00+0100,media,unclassified,,,,,
3163,PMR4-KB03PM,2500486,fa49d4ff931dfe833591b9db1546cdb8,2023-10-31T12:00:00+0100,2023-10-31T12:00:00+0100,media,unclassified,,,,,
3164,PMR4-KB03PM,2500487,6d6415fe81283ff9c81455d35697fc54,2023-11-01T12:00:00+0100,2023-11-01T12:00:00+0100,media,unclassified,,,,,
3165,PMR4-KB03PM,2500488,65862518be8efef79f153a8bd308162a,2023-11-02T12:00:00+0100,2023-11-02T12:00:00+0100,media,unclassified,,,,,
3166,PMR4-KB03PM,2500489,2b1852bd7ec0c5cfbe8bb799dd12fc1f,2023-11-03T11:11:04+0100,2023-11-03T11:11:04+0100,media,human,setup,Homo sapiens,1,human,2023-11-23T15:31:08+0000
3167,PMR4-KB03PM,2500490,2b1852bd7ec0c5cfbe8bb799dd12fc1f,2023-11-03T11:11:14+0100,2023-11-03T11:11:14+0100,media,human,setup,Homo sapiens,1,human,2023-11-23T15:31:26+0000
3168,PMR4-KB03PM,2500491,2b1852bd7ec0c5cfbe8bb799dd12fc1f,2023-11-03T11:11:26+0100,2023-11-03T11:11:26+0100,media,human,setup,Homo sapiens,2,human,2023-11-23T15:31:44+0000
3169,PMR4-KB03PM,2500492,2b1852bd7ec0c5cfbe8bb799dd12fc1f,2023-11-03T11:11:34+0100,2023-11-03T11:11:34+0100,media,human,setup,Homo sapiens,2,human,2023-11-23T15:31:44+0000
3170,PMR4-KB03PM,2500493,2b1852bd7ec0c5cfbe8bb799dd12fc1f,2023-11-03T11:11:42+0100,2023-11-03T11:11:42+0100,media,human,setup,Homo sapiens,2,human,2023-11-23T15:31:44+0000
3171,PMR4-KB03PM,2500494,2b1852bd7ec0c5cfbe8bb799dd12fc1f,2023-11-03T11:11:48+0100,2023-11-03T11:11:48+0100,media,human,setup,Homo sapiens,2,human,2023-11-23T15:31:44+0000
3172,PMR4-KB03PM,2500495,2b1852bd7ec0c5cfbe8bb799dd12fc1f,2023-11-03T11:11:56+0100,2023-11-03T11:11:56+0100,media,human,setup,Homo sapiens,1,human,2023-11-23T15:32:48+0000
3173,PMR4-KB03PM,2500496,2b1852bd7ec0c5cfbe8bb799dd12fc1f,2023-11-03T11:12:38+0100,2023-11-03T11:12:38+0100,media,human,setup,Homo sapiens,1,human,2023-11-23T15:32:48+0000
3174,PMR4-KB03PM,2500497,2b1852bd7ec0c5cfbe8bb799dd12fc1f,2023-11-03T11:12:52+0100,2023-11-03T11:12:52+0100,media,human,setup,Homo sapiens,1,human,2023-11-23T15:32:48+0000
3175,PMR4-KB03PM,2500498,2b1852bd7ec0c5cfbe8bb799dd12fc1f,2023-11-03T11:13:04+0100,2023-11-03T11:13:04+0100,media,blank,setup,,,human,2023-11-23T15:33:21+0000
3176,PMR4-KB03PM,2500499,2b1852bd7ec0c5cfbe8bb799dd12fc1f,2023-11-03T11:13:44+0100,2023-11-03T11:13:44+0100,media,human,setup,Homo sapiens,1,human,2023-11-23T15:33:30+0000
3177,PMR4-KB03PM,2500500,2b1852bd7ec0c5cfbe8bb799dd12fc1f,2023-11-03T11:13:52+0100,2023-11-03T11:13:52+0100,media,human,setup,Homo sapiens,1,human,2023-11-23T15:33:38+0000
3178,PMR4-KB04PM,2500501,871a9ba320079d25c37a4e64ac3f6312,2023-10-03T14:01:18+0200,2023-10-03T14:01:18+0200,media,human,setup,Homo sapiens,1,human,2023-11-20T15:17:43+0000
3179,PMR4-KB04PM,2500502,871a9ba320079d25c37a4e64ac3f6312,2023-10-03T14:04:16+0200,2023-10-03T14:04:16+0200,media,human,setup,Homo sapiens,1,human,2023-11-20T15:17:43+0000
3180,PMR4-KB04PM,2500503,871a9ba320079d25c37a4e64ac3f6312,2023-10-03T14:04:26+0200,2023-10-03T14:04:26+0200,media,blank,setup,,,human,2023-11-20T15:17:55+0000
3181,PMR4-KB04PM,2500504,7566454512449b8b26ce9fcdfe550c2b,2023-10-03T15:08:26+0200,2023-10-03T15:08:26+0200,media,animal,,Perisoreus infaustus,1,human,2023-11-20T15:20:13+0000
3182,PMR4-KB04PM,2500505,1d37e5505a1c0b6bcf9dc3b955ac1e2b,2023-10-04T12:00:00+0200,2023-10-04T12:00:00+0200,media,unclassified,,,,,
3183,PMR4-KB04PM,2500506,ae4a6e22f0b896e9611cf4ca5499c580,2023-10-05T12:00:00+0200,2023-10-05T12:00:00+0200,media,unclassified,,,,,
3184,PMR4-KB04PM,2500507,2aeaa8e07c82d7db51feb7a4283ac5d4,2023-10-06T12:00:00+0200,2023-10-06T12:00:00+0200,media,unclassified,,,,,
3185,PMR4-KB04PM,2500508,bc9fd733edf70e7e4561ce5332a8bb08,2023-10-07T12:00:00+0200,2023-10-07T12:00:00+0200,media,unclassified,,,,,
3186,PMR4-KB04PM,2500509,566c6a4df6694aadbff3c6d8869c8829,2023-10-08T04:15:12+0200,2023-10-08T04:15:12+0200,media,animal,,Martes martes,1,human,2023-11-20T15:47:59+0000
3187,PMR4-KB04PM,2500510,429c63bce56ab6584e6366c93690ebf2,2023-10-08T12:00:00+0200,2023-10-08T12:00:00+0200,media,unclassified,,,,,
3188,PMR4-KB04PM,2500511,6b616683ca9466137363ca01b74dfcea,2023-10-09T12:00:00+0200,2023-10-09T12:00:00+0200,media,unclassified,,,,,
3189,PMR4-KB04PM,2500512,2121ab9a4e996b04faa0892ccdb4a95e,2023-10-10T12:00:00+0200,2023-10-10T12:00:00+0200,media,unclassified,,,,,
3190,PMR4-KB04PM,2500513,33ceb1ce7edc1bfc251228896b0fdb51,2023-10-11T12:00:00+0200,2023-10-11T12:00:00+0200,media,unclassified,,,,,
3191,PMR4-KB04PM,2500514,41c888d635cb2a035e4e08c14e473842,2023-10-12T12:00:00+0200,2023-10-12T12:00:00+0200,media,unclassified,,,,,
3192,PMR4-KB04PM,2500515,bbba60cbf2637c7ef2fa45f19348250d,2023-10-12T20:12:04+0200,2023-10-12T20:12:04+0200,media,animal,,Martes martes,1,human,2023-11-22T11:02:45+0000
3193,PMR4-KB04PM,2500516,bbba60cbf2637c7ef2fa45f19348250d,2023-10-12T20:12:58+0200,2023-10-12T20:12:58+0200,media,animal,,Martes martes,1,human,2023-11-22T11:02:45+0000
3194,PMR4-KB04PM,2500517,e83b7b05cd4455b290432d438367467e,2023-10-13T12:00:00+0200,2023-10-13T12:00:00+0200,media,unclassified,,,,,
3195,PMR4-KB04PM,2500518,439db509a252dc693d48a715e7174cd2,2023-10-14T12:00:00+0200,2023-10-14T12:00:00+0200,media,unclassified,,,,,
3196,PMR4-KB04PM,2500519,222f13a34fb66e586762de7fe9424adb,2023-10-15T12:00:00+0200,2023-10-15T12:00:00+0200,media,unclassified,,,,,
3197,PMR4-KB04PM,2500520,f615771119888babe574f8473de090ca,2023-10-16T12:00:00+0200,2023-10-16T12:00:00+0200,media,unclassified,,,,,
3198,PMR4-KB04PM,2500521,df13599afb2f9d4cff8a59a0fc1ac25b,2023-10-17T12:00:00+0200,2023-10-17T12:00:00+0200,media,unclassified,,,,,
3199,PMR4-KB04PM,2500522,db90ea1ab571493bbafeede827e9be9b,2023-10-18T12:00:00+0200,2023-10-18T12:00:00+0200,media,unclassified,,,,,
3200,PMR4-KB04PM,2500523,d9192097ddc3a92f3a532d3b5d1de595,2023-10-19T12:00:00+0200,2023-10-19T12:00:00+0200,media,unclassified,,,,,
3201,PMR4-KB04PM,2500524,c0cfe37460d3d8fbd132826dc238874e,2023-10-20T12:00:00+0200,2023-10-20T12:00:00+0200,media,unclassified,,,,,
3202,PMR4-KB04PM,2500525,2155063604e01dba67859e4bbe7cb499,2023-10-21T12:00:00+0200,2023-10-21T12:00:00+0200,media,unclassified,,,,,
3203,PMR4-KB04PM,2500526,741a7ff76bddbe9ce6d16ba33a2ec569,2023-10-22T12:00:00+0200,2023-10-22T12:00:00+0200,media,unclassified,,,,,
3204,PMR4-KB04PM,2500527,4828dd1a1f9874947b1e8f967f5bca92,2023-10-23T12:00:00+0200,2023-10-23T12:00:00+0200,media,unclassified,,,,,
3205,PMR4-KB04PM,2500528,1ced10a83fe90ebed1176590fa57fe40,2023-10-24T12:00:00+0200,2023-10-24T12:00:00+0200,media,unclassified,,,,,
3206,PMR4-KB04PM,2500529,f745b20399b97e580e8364af1645b9f2,2023-10-25T12:00:00+0200,2023-10-25T12:00:00+0200,media,unclassified,,,,,
3207,PMR4-KB04PM,2500530,e6909a68879de4f127235d1811397610,2023-10-26T12:00:00+0200,2023-10-26T12:00:00+0200,media,unclassified,,,,,
3208,PMR4-KB04PM,2500531,a4e62e197e3bd1fc18d3e85418d4fbae,2023-10-27T12:00:00+0200,2023-10-27T12:00:00+0200,media,unclassified,,,,,
3209,PMR4-KB04PM,2500532,5a790102b6bd2019c6d9a6d5a671fcd3,2023-10-28T12:00:00+0200,2023-10-28T12:00:00+0200,media,unclassified,,,,,
3210,PMR4-KB04PM,2500533,9a1d495794e5f2e06a1ff24fb1047b94,2023-10-29T12:00:00+0100,2023-10-29T12:00:00+0100,media,unclassified,,,,,
3211,PMR4-KB04PM,2500534,3848220931508e6b25f15bbfe247d742,2023-10-30T12:00:00+0100,2023-10-30T12:00:00+0100,media,unclassified,,,,,
3212,PMR4-KB04PM,2500535,c26eb463abe5fbdfeb0bb03585f64116,2023-10-31T12:00:00+0100,2023-10-31T12:00:00+0100,media,unclassified,,,,,
3213,PMR4-KB04PM,2500536,3e18acd31ad3bfe51a3461ae294c66c2,2023-11-01T12:00:00+0100,2023-11-01T12:00:00+0100,media,unclassified,,,,,
3214,PMR4-KB04PM,2500537,2c1ee1f51fe3b268b204ae787c26a24e,2023-11-02T10:58:08+0100,2023-11-02T10:58:08+0100,media,human,setup,Homo sapiens,1,human,2023-11-23T15:19:14+0000
3215,PMR4-KB04PM,2500538,2c1ee1f51fe3b268b204ae787c26a24e,2023-11-02T10:58:16+0100,2023-11-02T10:58:16+0100,media,human,setup,Homo sapiens,1,human,2023-11-23T15:19:14+0000
3216,PMR4-KB04PM,2500539,2c1ee1f51fe3b268b204ae787c26a24e,2023-11-02T10:58:36+0100,2023-11-02T10:58:36+0100,media,human,setup,Homo sapiens,1,human,2023-11-23T15:19:14+0000
3217,PMR4-KB04PM,2500540,2c1ee1f51fe3b268b204ae787c26a24e,2023-11-02T10:58:40+0100,2023-11-02T10:58:40+0100,media,human,setup,Homo sapiens,1,human,2023-11-23T15:19:14+0000
3218,PMR4-KB04PM,2500541,2c1ee1f51fe3b268b204ae787c26a24e,2023-11-02T10:58:50+0100,2023-11-02T10:58:50+0100,media,human,setup,Homo sapiens,1,human,2023-11-23T15:19:14+0000
3219,PMR4-KB05PM,2500542,8b99dd9692edd771114be6d029c7737d,2023-10-03T14:53:04+0200,2023-10-03T14:53:04+0200,media,blank,setup,,,human,2023-11-20T15:18:34+0000
3220,PMR4-KB05PM,2500543,8b99dd9692edd771114be6d029c7737d,2023-10-03T14:56:00+0200,2023-10-03T14:56:00+0200,media,human,setup,Homo sapiens,1,human,2023-11-20T15:18:24+0000
3221,PMR4-KB05PM,2500544,8b99dd9692edd771114be6d029c7737d,2023-10-03T14:56:10+0200,2023-10-03T14:56:10+0200,media,human,setup,Homo sapiens,1,human,2023-11-20T15:18:24+0000
3222,PMR4-KB05PM,2500545,e8eebcf723cdcc10c0820d464db796ff,2023-10-04T12:00:00+0200,2023-10-04T12:00:00+0200,media,unclassified,,,,,
3223,PMR4-KB05PM,2500546,ee13978b55f5b39ea8703b634d7c62b1,2023-10-05T12:00:00+0200,2023-10-05T12:00:00+0200,media,unclassified,,,,,
3224,PMR4-KB05PM,2500547,58cc92226f57e8c3f1d096b230711d7b,2023-10-06T10:43:22+0200,2023-10-06T10:43:22+0200,media,animal,,Canis familiaris,1,human,2023-11-20T15:39:30+0000
3225,PMR4-KB05PM,2500548,58cc92226f57e8c3f1d096b230711d7b,2023-10-06T10:43:36+0200,2023-10-06T10:43:36+0200,media,animal,,Canis familiaris,1,human,2023-11-20T15:39:36+0000
3226,PMR4-KB05PM,2500549,58cc92226f57e8c3f1d096b230711d7b,2023-10-06T10:43:44+0200,2023-10-06T10:43:44+0200,media,blank,,,,human,2023-11-20T15:39:52+0000
3227,PMR4-KB05PM,2500550,c5587f106c2e977319123ab9ace34a6e,2023-10-06T12:00:00+0200,2023-10-06T12:00:00+0200,media,unclassified,,,,,
3228,PMR4-KB05PM,2500551,7d24675586dbf437002b8ab5912c997f,2023-10-07T12:00:00+0200,2023-10-07T12:00:00+0200,media,unclassified,,,,,
3229,PMR4-KB05PM,2500552,42a620b69cc26f43be938f099fbf3c86,2023-10-07T14:30:16+0200,2023-10-07T14:30:16+0200,media,human,,Homo sapiens,1,human,2023-11-20T15:46:57+0000
3230,PMR4-KB05PM,2500552,42a620b69cc26f43be938f099fbf3c86,2023-10-07T14:30:16+0200,2023-10-07T14:30:16+0200,media,animal,,Canis familiaris,1,human,2023-11-20T15:46:57+0000
3231,PMR4-KB05PM,2500553,cc0cf88d8431b279941341513ea7e06b,2023-10-08T12:00:00+0200,2023-10-08T12:00:00+0200,media,unclassified,,,,,
3232,PMR4-KB05PM,2500554,63cd7048806a2e2bcfd2a0f977f0f568,2023-10-09T12:00:00+0200,2023-10-09T12:00:00+0200,media,unclassified,,,,,
3233,PMR4-KB05PM,2500555,3cb931b57ff6e34762c7d82187effb15,2023-10-10T12:00:00+0200,2023-10-10T12:00:00+0200,media,unclassified,,,,,
3234,PMR4-KB05PM,2500556,c6e5cc5f5fef259a0c8165a1216777f4,2023-10-11T12:00:00+0200,2023-10-11T12:00:00+0200,media,unclassified,,,,,
3235,PMR4-KB05PM,2500557,accdb1d76c09afe42c136b111e22f3d2,2023-10-12T12:00:00+0200,2023-10-12T12:00:00+0200,media,unclassified,,,,,
3236,PMR4-KB05PM,2500558,b4d98b42d163f638afb5105993a4ba39,2023-10-13T12:00:00+0200,2023-10-13T12:00:00+0200,media,unclassified,,,,,
3237,PMR4-KB05PM,2500559,974d0a8b19211bc55391ab7fe6ad4ed1,2023-10-14T12:00:00+0200,2023-10-14T12:00:00+0200,media,unclassified,,,,,
3238,PMR4-KB05PM,2500560,a485f4a0a1e86162b103504c96e2483f,2023-10-15T12:00:00+0200,2023-10-15T12:00:00+0200,media,unclassified,,,,,
3239,PMR4-KB05PM,2500561,7b4ea8742dad08fd5c3b9d97d1e4ea7b,2023-10-16T12:00:00+0200,2023-10-16T12:00:00+0200,media,unclassified,,,,,
3240,PMR4-KB05PM,2500562,471cdae7f3f82843e8faa5e4b339b482,2023-10-17T12:00:00+0200,2023-10-17T12:00:00+0200,media,unclassified,,,,,
3241,PMR4-KB05PM,2500563,021fb19836435eecb9bbdccc303c3625,2023-10-18T12:00:00+0200,2023-10-18T12:00:00+0200,media,unclassified,,,,,
3242,PMR4-KB05PM,2500564,8f6df5ac366f9caeaf881064485b3d3a,2023-10-19T12:00:00+0200,2023-10-19T12:00:00+0200,media,unclassified,,,,,
3243,PMR4-KB05PM,2500565,eefaa33a4b28341864543f603fdf9df4,2023-10-20T12:00:00+0200,2023-10-20T12:00:00+0200,media,unclassified,,,,,
3244,PMR4-KB05PM,2500566,8d998c8b67386d6c0306e39f388e49fa,2023-10-21T12:00:00+0200,2023-10-21T12:00:00+0200,media,unclassified,,,,,
3245,PMR4-KB05PM,2500567,b5764c0a3c7bb6055ae108579c896483,2023-10-22T12:00:00+0200,2023-10-22T12:00:00+0200,media,unclassified,,,,,
3246,PMR4-KB05PM,2500568,fd7b234d63e81f22d65f1e45cfc25c3f,2023-10-23T12:00:00+0200,2023-10-23T12:00:00+0200,media,unclassified,,,,,
3247,PMR4-KB05PM,2500569,6c010c56a1527b455ac4463eebac724f,2023-10-24T12:00:00+0200,2023-10-24T12:00:00+0200,media,unclassified,,,,,
3248,PMR4-KB05PM,2500570,c48d3efe37098b6d0815a996d4e2a492,2023-10-25T12:00:00+0200,2023-10-25T12:00:00+0200,media,unclassified,,,,,
3249,PMR4-KB05PM,2500571,dc7957055d279a2aa6be579fe801c4fc,2023-10-26T12:00:00+0200,2023-10-26T12:00:00+0200,media,unclassified,,,,,
3250,PMR4-KB05PM,2500572,6e1957291a16f3c1e1833ec475ab2353,2023-10-27T12:00:00+0200,2023-10-27T12:00:00+0200,media,unclassified,,,,,
3251,PMR4-KB05PM,2500573,d21cf9a7f8f616f22a6afb000730d53d,2023-10-28T12:00:00+0200,2023-10-28T12:00:00+0200,media,unclassified,,,,,
3252,PMR4-KB05PM,2500574,a2fa2dfbe6a37dab9da97c301f78be34,2023-10-29T12:00:00+0100,2023-10-29T12:00:00+0100,media,unclassified,,,,,
3253,PMR4-KB05PM,2500575,3d4142c6bf1f162f911a779e3415cd07,2023-10-29T14:47:40+0100,2023-10-29T14:47:40+0100,media,animal,,Canis familiaris,1,human,2023-11-23T15:16:56+0000
3254,PMR4-KB05PM,2500576,51e532e204e71b8879e94444966688a5,2023-10-30T12:00:00+0100,2023-10-30T12:00:00+0100,media,unclassified,,,,,
3255,PMR4-KB05PM,2500577,dd186be32bc7a283fe052a13e14f7b30,2023-10-31T12:00:00+0100,2023-10-31T12:00:00+0100,media,unclassified,,,,,
3256,PMR4-KB05PM,2500578,41ef076bf2f0e713f8ca66b6ccea9d02,2023-11-01T12:00:00+0100,2023-11-01T12:00:00+0100,media,unclassified,,,,,
3257,PMR4-KB05PM,2500579,ad68a4f2c27b9e1e630820c0d750328e,2023-11-02T12:00:00+0100,2023-11-02T12:00:00+0100,media,unclassified,,,,,
3258,PMR4-KB05PM,2500580,80a730bbe7325c06272c39bdeef3ec88,2023-11-02T12:05:02+0100,2023-11-02T12:05:02+0100,media,human,setup,Homo sapiens,2,human,2023-11-23T15:21:52+0000
3259,PMR4-KB05PM,2500581,80a730bbe7325c06272c39bdeef3ec88,2023-11-02T12:05:46+0100,2023-11-02T12:05:46+0100,media,human,setup,Homo sapiens,1,human,2023-11-23T15:21:45+0000
3260,PMR4-KB05PM,2500582,80a730bbe7325c06272c39bdeef3ec88,2023-11-02T12:05:52+0100,2023-11-02T12:05:52+0100,media,human,setup,Homo sapiens,1,human,2023-11-23T15:21:45+0000
3261,PMR4-KB06PM,2500583,d4f23f553e0749ce96d94479c3648644,2023-10-03T16:28:28+0200,2023-10-03T16:28:28+0200,media,human,setup,Homo sapiens,1,human,2023-11-20T15:20:51+0000
3262,PMR4-KB06PM,2500584,d4f23f553e0749ce96d94479c3648644,2023-10-03T16:28:34+0200,2023-10-03T16:28:34+0200,media,blank,setup,,,human,2023-11-20T15:21:01+0000
3263,PMR4-KB06PM,2500585,d4f23f553e0749ce96d94479c3648644,2023-10-03T16:31:34+0200,2023-10-03T16:31:34+0200,media,human,setup,Homo sapiens,1,human,2023-11-20T15:20:51+0000
3264,PMR4-KB06PM,2500586,d4f23f553e0749ce96d94479c3648644,2023-10-03T16:31:42+0200,2023-10-03T16:31:42+0200,media,human,setup,Homo sapiens,1,human,2023-11-20T15:20:51+0000
3265,PMR4-KB06PM,2500587,d4f23f553e0749ce96d94479c3648644,2023-10-03T16:31:50+0200,2023-10-03T16:31:50+0200,media,blank,setup,,,human,2023-11-20T15:21:07+0000
3266,PMR4-KB06PM,2500588,9feac3953ed26e1f1c51f9ac1aaa654e,2023-10-04T12:00:00+0200,2023-10-04T12:00:00+0200,media,unclassified,,,,,
3267,PMR4-KB06PM,2500589,a028298030f8676a2bd6c2acc207775c,2023-10-05T12:00:00+0200,2023-10-05T12:00:00+0200,media,unclassified,,,,,
3268,PMR4-KB06PM,2500590,68acc8bd5422025ccd74903d2c96eeb6,2023-10-06T12:00:00+0200,2023-10-06T12:00:00+0200,media,unclassified,,,,,
3269,PMR4-KB06PM,2500591,dafa4391ebce997b4ac74ee441c18d0c,2023-10-07T12:00:00+0200,2023-10-07T12:00:00+0200,media,unclassified,,,,,
3270,PMR4-KB06PM,2500592,5cc0274461dcd8bd8aa2fcd3638a10e6,2023-10-08T12:00:00+0200,2023-10-08T12:00:00+0200,media,unclassified,,,,,
3271,PMR4-KB06PM,2500593,82cddd7922a998ced29716a5f3997b36,2023-10-09T12:00:00+0200,2023-10-09T12:00:00+0200,media,unclassified,,,,,
3272,PMR4-KB06PM,2500594,71a084eea378d43c57e982d47342e10e,2023-10-10T12:00:00+0200,2023-10-10T12:00:00+0200,media,unclassified,,,,,
3273,PMR4-KB06PM,2500595,79793fc1047bd77ad1ecdf516192c72e,2023-10-11T12:00:00+0200,2023-10-11T12:00:00+0200,media,unclassified,,,,,
3274,PMR4-KB06PM,2500596,3735da4ca037cf9fc710803bd2dae317,2023-10-12T12:00:00+0200,2023-10-12T12:00:00+0200,media,unclassified,,,,,
3275,PMR4-KB06PM,2500597,22c1d0331e7e27017633f54034aa5f05,2023-10-13T12:00:00+0200,2023-10-13T12:00:00+0200,media,unclassified,,,,,
3276,PMR4-KB06PM,2500598,94a24d88d0dde509cbcda166550ce9f3,2023-10-14T12:00:00+0200,2023-10-14T12:00:00+0200,media,unclassified,,,,,
3277,PMR4-KB06PM,2500599,288e13dfcdc4f4c8ceff5aef7411d0fa,2023-10-15T12:00:00+0200,2023-10-15T12:00:00+0200,media,unclassified,,,,,
3278,PMR4-KB06PM,2500600,19578335a404c944fd24db0941f6b5b0,2023-10-16T12:00:00+0200,2023-10-16T12:00:00+0200,media,unclassified,,,,,
3279,PMR4-KB06PM,2500601,30ba1ccd86294302caaee86c74a398d4,2023-10-17T12:00:00+0200,2023-10-17T12:00:00+0200,media,unclassified,,,,,
3280,PMR4-KB06PM,2500602,1be1dd19ab5c68242aedfdc0316cc83d,2023-10-18T12:00:00+0200,2023-10-18T12:00:00+0200,media,unclassified,,,,,
3281,PMR4-KB06PM,2500603,aee922c73606b585fef7e2ac15e7360f,2023-10-19T12:00:00+0200,2023-10-19T12:00:00+0200,media,unclassified,,,,,
3282,PMR4-KB06PM,2500604,2a96985d87574f051f2fa541ffe69867,2023-10-20T12:00:00+0200,2023-10-20T12:00:00+0200,media,unclassified,,,,,
3283,PMR4-KB06PM,2500605,dd7b625718ee25bbeedbbef679662f27,2023-10-21T12:00:00+0200,2023-10-21T12:00:00+0200,media,unclassified,,,,,
3284,PMR4-KB06PM,2500606,d622f4aef500017e3d177c18069a7043,2023-10-22T12:00:00+0200,2023-10-22T12:00:00+0200,media,unclassified,,,,,
3285,PMR4-KB06PM,2500607,7604c4e8a105bb8fecc9fc79568d8de9,2023-10-23T12:00:00+0200,2023-10-23T12:00:00+0200,media,unclassified,,,,,
3286,PMR4-KB06PM,2500608,ecf724bcd1f53b824951f7132399015e,2023-10-24T12:00:00+0200,2023-10-24T12:00:00+0200,media,unclassified,,,,,
3287,PMR4-KB06PM,2500609,2374f286f2188da2b7db6475d51ec7cd,2023-10-25T12:00:00+0200,2023-10-25T12:00:00+0200,media,unclassified,,,,,
3288,PMR4-KB06PM,2500610,5ae7e988e7a847f0bdaed3569ca8a625,2023-10-26T12:00:00+0200,2023-10-26T12:00:00+0200,media,unclassified,,,,,
3289,PMR4-KB06PM,2500611,d22b622076b23a260f88ba720ab57a47,2023-10-27T12:00:00+0200,2023-10-27T12:00:00+0200,media,unclassified,,,,,
3290,PMR4-KB06PM,2500612,9ab65824d54307b2ae0d5e21795fdf90,2023-10-28T12:00:00+0200,2023-10-28T12:00:00+0200,media,unclassified,,,,,
3291,PMR4-KB06PM,2500613,5fedeeb7da6c356b542a0c9073be9a08,2023-10-29T12:00:00+0100,2023-10-29T12:00:00+0100,media,unclassified,,,,,
3292,PMR4-KB06PM,2500614,d606aa9d9eae9fd428f7b5d88ce49e89,2023-10-30T12:00:00+0100,2023-10-30T12:00:00+0100,media,unclassified,,,,,
3293,PMR4-KB06PM,2500615,9a59bc162a835b9205b840b7ec98850c,2023-10-31T12:00:00+0100,2023-10-31T12:00:00+0100,media,unclassified,,,,,
3294,PMR4-KB06PM,2500616,89f047b3892a6a4c3d84e2c81d5e6a4b,2023-11-01T12:00:00+0100,2023-11-01T12:00:00+0100,media,unclassified,,,,,
3295,PMR4-KB06PM,2500617,b731e11de5c5491d0f4a88999cf12b64,2023-11-02T12:00:00+0100,2023-11-02T12:00:00+0100,media,unclassified,,,,,
3296,PMR4-KB06PM,2500618,e04f83713e621600c0c6b697d2341bd5,2023-11-02T12:41:14+0100,2023-11-02T12:41:14+0100,media,human,setup,Homo sapiens,1,human,2023-11-23T15:23:05+0000
3297,PMR4-KB06PM,2500619,e04f83713e621600c0c6b697d2341bd5,2023-11-02T12:41:28+0100,2023-11-02T12:41:28+0100,media,human,setup,Homo sapiens,1,human,2023-11-23T15:23:05+0000
3298,PMR4-KB06PM,2500620,e04f83713e621600c0c6b697d2341bd5,2023-11-02T12:41:36+0100,2023-11-02T12:41:36+0100,media,human,setup,Homo sapiens,1,human,2023-11-23T15:23:05+0000
3299,PMR4-KB07PM,2500621,b7e6237ed88bb56e112f2337a2a7cf82,2023-10-02T14:16:02+0200,2023-10-02T14:16:02+0200,media,blank,setup,,,human,2023-11-20T15:13:24+0000
3300,PMR4-KB07PM,2500622,b7e6237ed88bb56e112f2337a2a7cf82,2023-10-02T14:18:10+0200,2023-10-02T14:18:10+0200,media,human,setup,Homo sapiens,1,human,2023-11-20T15:13:15+0000
3301,PMR4-KB07PM,2500623,b7e6237ed88bb56e112f2337a2a7cf82,2023-10-02T14:18:22+0200,2023-10-02T14:18:22+0200,media,human,setup,Homo sapiens,1,human,2023-11-20T15:13:15+0000
3302,PMR4-KB07PM,2500624,866524a0a2496a2976f233078ae2af8c,2023-10-03T12:00:00+0200,2023-10-03T12:00:00+0200,media,unclassified,,,,,
3303,PMR4-KB07PM,2500625,218e2a1a752e95a81fe3ad3382c40132,2023-10-04T12:00:00+0200,2023-10-04T12:00:00+0200,media,unclassified,,,,,
3304,PMR4-KB07PM,2500626,05e003963c4df22a4cc1f20e7d5d6458,2023-10-05T12:00:00+0200,2023-10-05T12:00:00+0200,media,unclassified,,,,,
3305,PMR4-KB07PM,2500627,3996d5ec11ed4b35cee398652425e8c3,2023-10-06T12:00:00+0200,2023-10-06T12:00:00+0200,media,unclassified,,,,,
3306,PMR4-KB07PM,2500628,f7a77829d039bdddea4a4174a760f2ab,2023-10-07T12:00:00+0200,2023-10-07T12:00:00+0200,media,unclassified,,,,,
3307,PMR4-KB07PM,2500629,cba77a95ea33de85fbf3f39d9e711cdd,2023-10-08T12:00:00+0200,2023-10-08T12:00:00+0200,media,unclassified,,,,,
3308,PMR4-KB07PM,2500630,de7c41f2606d1d4f8abcfeeff8822889,2023-10-09T12:00:00+0200,2023-10-09T12:00:00+0200,media,unclassified,,,,,
3309,PMR4-KB07PM,2500631,1432df2deb289b762fd2ba5e489445b8,2023-10-10T12:00:00+0200,2023-10-10T12:00:00+0200,media,unclassified,,,,,
3310,PMR4-KB07PM,2500632,884b33f0d8031b65376d8548a5b6f0ee,2023-10-11T12:00:00+0200,2023-10-11T12:00:00+0200,media,unclassified,,,,,
3311,PMR4-KB07PM,2500633,bd8c1193176c7f3251fd2e93c86a82fa,2023-10-12T12:00:00+0200,2023-10-12T12:00:00+0200,media,unclassified,,,,,
3312,PMR4-KB07PM,2500634,9678dc57fbb5d321555a6dcff5b871f5,2023-10-13T12:00:00+0200,2023-10-13T12:00:00+0200,media,unclassified,,,,,
3313,PMR4-KB07PM,2500635,4433f1439d5efd481039f7d476259246,2023-10-13T18:44:34+0200,2023-10-13T18:44:34+0200,media,animal,,Tetrastes bonasia,1,human,2023-11-22T14:02:07+0000
3314,PMR4-KB07PM,2500636,b510b5e9f3a62541383b625efc2a6f6a,2023-10-14T12:00:00+0200,2023-10-14T12:00:00+0200,media,unclassified,,,,,
3315,PMR4-KB07PM,2500637,e85f0e11e4d79273a4bc83d51c40fdae,2023-10-15T12:00:00+0200,2023-10-15T12:00:00+0200,media,unclassified,,,,,
3316,PMR4-KB07PM,2500638,f9e62caec6965af84237aaa3bf9af805,2023-10-16T12:00:00+0200,2023-10-16T12:00:00+0200,media,unclassified,,,,,
3317,PMR4-KB07PM,2500639,0a897a853d1e6ffd6683f2b933897207,2023-10-16T15:55:36+0200,2023-10-16T15:55:36+0200,media,unclassified,,,,,
3318,PMR4-KB07PM,2500640,17614c23fc7b7a80f04b9e28639ca799,2023-10-17T12:00:00+0200,2023-10-17T12:00:00+0200,media,unclassified,,,,,
3319,PMR4-KB07PM,2500641,8ab28768ea85e3b955bdc69134ab0d15,2023-10-18T12:00:00+0200,2023-10-18T12:00:00+0200,media,unclassified,,,,,
3320,PMR4-KB07PM,2500642,b4b77000f5afb90e23a1a7e4bb9d96e3,2023-10-19T12:00:00+0200,2023-10-19T12:00:00+0200,media,unclassified,,,,,
3321,PMR4-KB07PM,2500643,46e14819cddce96b50ea34d31d92de1a,2023-10-20T12:00:00+0200,2023-10-20T12:00:00+0200,media,unclassified,,,,,
3322,PMR4-KB07PM,2500644,4d2e60de9241c59c6a69640e04b880a6,2023-10-21T12:00:00+0200,2023-10-21T12:00:00+0200,media,unclassified,,,,,
3323,PMR4-KB07PM,2500645,b75e86d8a3fb26d586c0abc7f5a106c6,2023-10-22T12:00:00+0200,2023-10-22T12:00:00+0200,media,unclassified,,,,,
3324,PMR4-KB07PM,2500646,51f602377693706ebbf1d4002dfe4a58,2023-10-23T12:00:00+0200,2023-10-23T12:00:00+0200,media,unclassified,,,,,
3325,PMR4-KB07PM,2500647,25d81e8f9e66325bb7b0d97f3c1191e1,2023-10-23T19:11:34+0200,2023-10-23T19:11:34+0200,media,animal,,Martes martes,1,human,2023-11-23T15:06:58+0000
3326,PMR4-KB07PM,2500648,f7092b4cd67a3c180124ba5a85d071d1,2023-10-24T12:00:00+0200,2023-10-24T12:00:00+0200,media,unclassified,,,,,
3327,PMR4-KB07PM,2500649,e51224422c42ffc552fcd3c35ce2a4d3,2023-10-25T12:00:00+0200,2023-10-25T12:00:00+0200,media,unclassified,,,,,
3328,PMR4-KB07PM,2500650,5ec0d3c043f754e34edf8caaffee7ebf,2023-10-26T12:00:00+0200,2023-10-26T12:00:00+0200,media,unclassified,,,,,
3329,PMR4-KB07PM,2500651,5b60f4bdd800cf84ec785c0d8730a147,2023-10-27T12:00:00+0200,2023-10-27T12:00:00+0200,media,unclassified,,,,,
3330,PMR4-KB07PM,2500652,0e5d2f60f00de5ba6cf6385b2f91e49e,2023-10-28T12:00:00+0200,2023-10-28T12:00:00+0200,media,unclassified,,,,,
3331,PMR4-KB07PM,2500653,e97578570d486eca4280f7a69205058b,2023-10-29T12:00:00+0100,2023-10-29T12:00:00+0100,media,unclassified,,,,,
3332,PMR4-KB07PM,2500654,c8b3195803d89a0893c7d63ab47c7f96,2023-10-30T12:00:00+0100,2023-10-30T12:00:00+0100,media,unclassified,,,,,
3333,PMR4-KB07PM,2500655,d647a1911ae663582eb87e00ed4a4a4b,2023-10-31T12:00:00+0100,2023-10-31T12:00:00+0100,media,unclassified,,,,,
3334,PMR4-KB07PM,2500656,bcab1e0f2fc8cb88168fa491f884bd2d,2023-11-01T12:00:00+0100,2023-11-01T12:00:00+0100,media,unclassified,,,,,
3335,PMR4-KB07PM,2500657,c2b7d8b12b4af388becf3f6dd478b10b,2023-11-02T12:00:00+0100,2023-11-02T12:00:00+0100,media,unclassified,,,,,
3336,PMR4-KB07PM,2500658,1a421c1453581dddf290eeb1cc6d996d,2023-11-03T11:41:18+0100,2023-11-03T11:41:18+0100,media,human,setup,Homo sapiens,1,human,2023-11-23T15:33:58+0000
3337,PMR4-KB08PM,2500663,291dbdaab512b78c466a38719743ced8,2023-10-06T12:00:00+0200,2023-10-06T12:00:00+0200,media,unclassified,,,,,
3338,PMR4-KB08PM,2500659,07b36db1025a0de378ad527006d9adf2,2023-10-06T12:34:30+0200,2023-10-06T12:34:30+0200,media,human,setup,Homo sapiens,1,human,2023-11-20T15:42:09+0000
3339,PMR4-KB08PM,2500660,07b36db1025a0de378ad527006d9adf2,2023-10-06T12:34:38+0200,2023-10-06T12:34:38+0200,media,blank,setup,,,human,2023-11-20T15:42:18+0000
3340,PMR4-KB08PM,2500661,07b36db1025a0de378ad527006d9adf2,2023-10-06T12:36:48+0200,2023-10-06T12:36:48+0200,media,human,setup,Homo sapiens,1,human,2023-11-20T15:42:09+0000
3341,PMR4-KB08PM,2500662,07b36db1025a0de378ad527006d9adf2,2023-10-06T12:36:56+0200,2023-10-06T12:36:56+0200,media,human,setup,Homo sapiens,1,human,2023-11-20T15:42:09+0000
3342,PMR4-KB08PM,2500664,7e6e07bd0b2be6a995140f8022131b2a,2023-10-07T12:00:00+0200,2023-10-07T12:00:00+0200,media,unclassified,,,,,
3343,PMR4-KB08PM,2500665,c616dc9d662eadab4f308804c1998c88,2023-10-08T12:00:00+0200,2023-10-08T12:00:00+0200,media,unclassified,,,,,
3344,PMR4-KB08PM,2500666,8546643648a9a161cafc938e8ff7c794,2023-10-09T12:00:00+0200,2023-10-09T12:00:00+0200,media,unclassified,,,,,
3345,PMR4-KB08PM,2500667,05eaddcd86b9da3b451c275fb4fb74d9,2023-10-10T12:00:00+0200,2023-10-10T12:00:00+0200,media,unclassified,,,,,
3346,PMR4-KB08PM,2500668,0bb3e5da3e6072e114a1608240649473,2023-10-11T12:00:00+0200,2023-10-11T12:00:00+0200,media,unclassified,,,,,
3347,PMR4-KB08PM,2500669,7d1aa05ce260bed15071c30e38cc0d52,2023-10-12T12:00:00+0200,2023-10-12T12:00:00+0200,media,unclassified,,,,,
3348,PMR4-KB08PM,2500670,c82c4da86c033116e2fd96e8700e2d00,2023-10-13T12:00:00+0200,2023-10-13T12:00:00+0200,media,unclassified,,,,,
3349,PMR4-KB08PM,2500671,0f4ffa0e1e231495bbad1e60676521e0,2023-10-14T12:00:00+0200,2023-10-14T12:00:00+0200,media,unclassified,,,,,
3350,PMR4-KB08PM,2500672,97e7edf2940b66373b53583e7ac4d3ee,2023-10-15T12:00:00+0200,2023-10-15T12:00:00+0200,media,unclassified,,,,,
3351,PMR4-KB08PM,2500673,a82c764239ce6dde6a895ca742f6cd84,2023-10-16T12:00:00+0200,2023-10-16T12:00:00+0200,media,unclassified,,,,,
3352,PMR4-KB08PM,2500674,a29135601a4e5e2648692ac366b064bc,2023-10-17T12:00:00+0200,2023-10-17T12:00:00+0200,media,unclassified,,,,,
3353,PMR4-KB08PM,2500675,fde3a92c25cd98dbaa25db941971fe0a,2023-10-18T12:00:00+0200,2023-10-18T12:00:00+0200,media,unclassified,,,,,
3354,PMR4-KB08PM,2500676,2722b51aa1a01bf8156088bd3670c761,2023-10-19T12:00:00+0200,2023-10-19T12:00:00+0200,media,unclassified,,,,,
3355,PMR4-KB08PM,2500677,b785b019f4031a13f58cf5f98416d584,2023-10-20T12:00:00+0200,2023-10-20T12:00:00+0200,media,unclassified,,,,,
3356,PMR4-KB08PM,2500678,e13bbf3e5143ddabea5e32cc670e5453,2023-10-21T12:00:00+0200,2023-10-21T12:00:00+0200,media,unclassified,,,,,
3357,PMR4-KB08PM,2500679,9d4e1783792f5a33cdb4798adde68114,2023-10-22T12:00:00+0200,2023-10-22T12:00:00+0200,media,unclassified,,,,,
3358,PMR4-KB08PM,2500680,7e3ad6f8b3a75d1f730695a178e47e42,2023-10-23T12:00:00+0200,2023-10-23T12:00:00+0200,media,unclassified,,,,,
3359,PMR4-KB08PM,2500681,286e34894750dee955e33f912bc3fb58,2023-10-24T12:00:00+0200,2023-10-24T12:00:00+0200,media,unclassified,,,,,
3360,PMR4-KB08PM,2500682,5324ea75f7f1d0d79c958b9464364936,2023-10-25T12:00:00+0200,2023-10-25T12:00:00+0200,media,unclassified,,,,,
3361,PMR4-KB08PM,2500683,6a9f0379cdbe120eb60b78b0b730ca2d,2023-10-26T12:00:00+0200,2023-10-26T12:00:00+0200,media,unclassified,,,,,
3362,PMR4-KB08PM,2500684,9a80c5e1d0a2419b56cd218925ec2367,2023-10-27T12:00:00+0200,2023-10-27T12:00:00+0200,media,unclassified,,,,,
3363,PMR4-KB08PM,2500685,243c4a08a1af09126f9534359ec5ad06,2023-10-28T12:00:00+0200,2023-10-28T12:00:00+0200,media,unclassified,,,,,
3364,PMR4-KB08PM,2500686,f1d883bf9956d6c61c88808cfb5fac61,2023-10-29T12:00:00+0100,2023-10-29T12:00:00+0100,media,unclassified,,,,,
3365,PMR4-KB08PM,2500687,b22581436bbe2b0c191bcd56fb6b8f85,2023-10-30T12:00:00+0100,2023-10-30T12:00:00+0100,media,unclassified,,,,,
3366,PMR4-KB08PM,2500688,8270d3c20844409f3097a5c866bd37f2,2023-10-31T12:00:00+0100,2023-10-31T12:00:00+0100,media,unclassified,,,,,
3367,PMR4-KB08PM,2500689,195cc77bf2afcc345d99a00497ecba59,2023-11-01T12:00:00+0100,2023-11-01T12:00:00+0100,media,unclassified,,,,,
3368,PMR4-KB08PM,2500690,13caf5ffc923426b29bdb3f0413174e7,2023-11-02T11:52:48+0100,2023-11-02T11:52:48+0100,media,human,setup,Homo sapiens,1,human,2023-11-23T15:21:15+0000
3369,PMR4-KB09PM,2500691,60a5b6fbee7e7ed733b7ad25633b36a7,2023-10-03T17:39:08+0200,2023-10-03T17:39:08+0200,media,human,setup,Homo sapiens,1,human,2023-11-20T15:21:21+0000
3370,PMR4-KB09PM,2500692,60a5b6fbee7e7ed733b7ad25633b36a7,2023-10-03T17:41:48+0200,2023-10-03T17:41:48+0200,media,human,setup,Homo sapiens,1,human,2023-11-20T15:21:21+0000
3371,PMR4-KB09PM,2500693,33c61434907c117395611ca857fd1c4c,2023-10-04T12:00:00+0200,2023-10-04T12:00:00+0200,media,unclassified,,,,,
3372,PMR4-KB09PM,2500694,f2320bec4841e817e8a763758d307c8c,2023-10-05T12:00:00+0200,2023-10-05T12:00:00+0200,media,unclassified,,,,,
3373,PMR4-KB09PM,2500695,fdad38bd583d8085d66565cb03e4fd9a,2023-10-06T12:00:00+0200,2023-10-06T12:00:00+0200,media,unclassified,,,,,
3374,PMR4-KB09PM,2500696,d006f231388147bb0e98c6bbacac84ee,2023-10-07T12:00:00+0200,2023-10-07T12:00:00+0200,media,unclassified,,,,,
3375,PMR4-KB09PM,2500697,ac3c0020bf2b614f325a107dcff6c506,2023-10-08T12:00:00+0200,2023-10-08T12:00:00+0200,media,unclassified,,,,,
3376,PMR4-KB09PM,2500698,3edecbc069b352b0bbb72845b4170571,2023-10-09T12:00:00+0200,2023-10-09T12:00:00+0200,media,unclassified,,,,,
3377,PMR4-KB09PM,2500699,d3c14e21e28d8934123293ee527848e2,2023-10-10T12:00:00+0200,2023-10-10T12:00:00+0200,media,unclassified,,,,,
3378,PMR4-KB09PM,2500700,97602a4b324f63b6d681ed69cef86cab,2023-10-11T12:00:00+0200,2023-10-11T12:00:00+0200,media,unclassified,,,,,
3379,PMR4-KB09PM,2500701,4d27c911964a0ae4842cf8625ad7ca60,2023-10-12T12:00:00+0200,2023-10-12T12:00:00+0200,media,unclassified,,,,,
3380,PMR4-KB09PM,2500702,8bfa77672be797ef1613995cde25c189,2023-10-13T12:00:00+0200,2023-10-13T12:00:00+0200,media,unclassified,,,,,
3381,PMR4-KB09PM,2500703,4a9ff8d18c92de54cc399f8299c43fe2,2023-10-14T12:00:00+0200,2023-10-14T12:00:00+0200,media,unclassified,,,,,
3382,PMR4-KB09PM,2500704,aa254b08d17b5ab2e931d1705518e8e4,2023-10-15T12:00:00+0200,2023-10-15T12:00:00+0200,media,unclassified,,,,,
3383,PMR4-KB09PM,2500705,54cb3e9578cc7387d803baa5a1e95f18,2023-10-16T12:00:00+0200,2023-10-16T12:00:00+0200,media,unclassified,,,,,
3384,PMR4-KB09PM,2500706,2eb1b341ba84759e8790c081a198c56d,2023-10-17T12:00:00+0200,2023-10-17T12:00:00+0200,media,unclassified,,,,,
3385,PMR4-KB09PM,2500707,6294097689b3caea3006597d4cf4600d,2023-10-18T12:00:00+0200,2023-10-18T12:00:00+0200,media,unclassified,,,,,
3386,PMR4-KB09PM,2500708,da6790512503e69f4aa93bb754a4ca6e,2023-10-19T12:00:00+0200,2023-10-19T12:00:00+0200,media,unclassified,,,,,
3387,PMR4-KB09PM,2500709,2e6199d9c32a91d33a00241e28ab8153,2023-10-20T12:00:00+0200,2023-10-20T12:00:00+0200,media,unclassified,,,,,
3388,PMR4-KB09PM,2500710,4aa2bbefe8917887f6e32fcbff870b9f,2023-10-21T12:00:00+0200,2023-10-21T12:00:00+0200,media,unclassified,,,,,
3389,PMR4-KB09PM,2500711,f32873eac9d495b6a8fb405860864594,2023-10-22T12:00:00+0200,2023-10-22T12:00:00+0200,media,unclassified,,,,,
3390,PMR4-KB09PM,2500712,e72ca83f30930621879a4222a0286d5c,2023-10-23T12:00:00+0200,2023-10-23T12:00:00+0200,media,unclassified,,,,,
3391,PMR4-KB09PM,2500713,7faff69ab7a1ba8c986a5f29abd6590b,2023-10-24T12:00:00+0200,2023-10-24T12:00:00+0200,media,unclassified,,,,,
3392,PMR4-KB09PM,2500714,cc8d350f4451ef7bc059267645029fb0,2023-10-25T12:00:00+0200,2023-10-25T12:00:00+0200,media,unclassified,,,,,
3393,PMR4-KB09PM,2500715,3e805c33747fe2eefaeaa05b78a41048,2023-10-26T12:00:00+0200,2023-10-26T12:00:00+0200,media,unclassified,,,,,
3394,PMR4-KB09PM,2500716,d4961b87a389b1ac3abc2d4bfee6f6e0,2023-10-27T12:00:00+0200,2023-10-27T12:00:00+0200,media,unclassified,,,,,
3395,PMR4-KB09PM,2500717,362e91a87c8442054a3a97b230992a23,2023-10-28T12:00:00+0200,2023-10-28T12:00:00+0200,media,unclassified,,,,,
3396,PMR4-KB09PM,2500718,aa0d782aa979245a08a09ddb831cf5d9,2023-10-29T12:00:00+0100,2023-10-29T12:00:00+0100,media,unclassified,,,,,
3397,PMR4-KB09PM,2500719,32a740aaa574eb0ea2bf4bbd081a5206,2023-10-30T12:00:00+0100,2023-10-30T12:00:00+0100,media,unclassified,,,,,
3398,PMR4-KB09PM,2500720,a7c521f8fcea2f7308ee305cc1814a76,2023-10-31T12:00:00+0100,2023-10-31T12:00:00+0100,media,unclassified,,,,,
3399,PMR4-KB09PM,2500721,a57f1cbdc36014fb001db8b37b8f5126,2023-11-01T12:00:00+0100,2023-11-01T12:00:00+0100,media,unclassified,,,,,
3400,PMR4-KB09PM,2500722,2d6255efef432f0f474836b45f276cda,2023-11-02T12:00:00+0100,2023-11-02T12:00:00+0100,media,unclassified,,,,,
3401,PMR4-KB09PM,2500723,63481b0f2a8cf4f97336ac00c8e9cf59,2023-11-02T13:19:00+0100,2023-11-02T13:19:00+0100,media,human,setup,Homo sapiens,1,human,2023-11-23T15:24:24+0000
3402,PMR4-KB09PM,2500724,63481b0f2a8cf4f97336ac00c8e9cf59,2023-11-02T13:19:08+0100,2023-11-02T13:19:08+0100,media,human,setup,Homo sapiens,1,human,2023-11-23T15:24:24+0000
3403,PMR4-KB10PM,2500727,662b2dbee6875282792023a34d6d28ca,2023-10-04T12:00:00+0200,2023-10-04T12:00:00+0200,media,unclassified,,,,,
3404,PMR4-KB10PM,2500725,57b0f6780946f05883ad914154b2348c,2023-10-04T12:13:58+0200,2023-10-04T12:13:58+0200,media,human,setup,Homo sapiens,1,human,2023-11-20T15:24:36+0000
3405,PMR4-KB10PM,2500726,57b0f6780946f05883ad914154b2348c,2023-10-04T12:14:06+0200,2023-10-04T12:14:06+0200,media,human,setup,Homo sapiens,1,human,2023-11-20T15:24:36+0000
3406,PMR4-KB10PM,2500728,3c95cb31136b04380a26f64ef913d9e0,2023-10-05T12:00:00+0200,2023-10-05T12:00:00+0200,media,unclassified,,,,,
3407,PMR4-KB10PM,2500729,e3d540424d95f3a3bd6d358b5a205188,2023-10-06T12:00:00+0200,2023-10-06T12:00:00+0200,media,unclassified,,,,,
3408,PMR4-KB10PM,2500730,3a687606678657ee6e13ddc305830d28,2023-10-07T12:00:00+0200,2023-10-07T12:00:00+0200,media,unclassified,,,,,
3409,PMR4-KB10PM,2500731,c07adce5f63766f3f8aa53df17fad5cc,2023-10-08T12:00:00+0200,2023-10-08T12:00:00+0200,media,unclassified,,,,,
3410,PMR4-KB10PM,2500732,0cbcbd34432343df856020ecd304195c,2023-10-09T12:00:00+0200,2023-10-09T12:00:00+0200,media,unclassified,,,,,
3411,PMR4-KB10PM,2500733,4385f03350f1c9ec09a2a0ba865bad4c,2023-10-10T12:00:00+0200,2023-10-10T12:00:00+0200,media,unclassified,,,,,
3412,PMR4-KB10PM,2500734,6465ae42d638b6280b0f0145442577bd,2023-10-11T12:00:00+0200,2023-10-11T12:00:00+0200,media,unclassified,,,,,
3413,PMR4-KB10PM,2500735,490a2bbf5b967e86999b7349c46e29e4,2023-10-12T12:00:00+0200,2023-10-12T12:00:00+0200,media,unclassified,,,,,
3414,PMR4-KB10PM,2500736,708558a84541146a2fe5930c0921471a,2023-10-13T12:00:00+0200,2023-10-13T12:00:00+0200,media,unclassified,,,,,
3415,PMR4-KB10PM,2500737,4a6e44808b8569349d1932cda3f5d3e3,2023-10-14T12:00:00+0200,2023-10-14T12:00:00+0200,media,unclassified,,,,,
3416,PMR4-KB10PM,2500738,1b49c4309d824480234f661ec6798762,2023-10-15T12:00:00+0200,2023-10-15T12:00:00+0200,media,unclassified,,,,,
3417,PMR4-KB10PM,2500739,d4a3069d345f66b67bf3ced82a5f9553,2023-10-16T12:00:00+0200,2023-10-16T12:00:00+0200,media,unclassified,,,,,
3418,PMR4-KB10PM,2500740,18ce00a2d39e701132b01a94c1cecff1,2023-10-17T12:00:00+0200,2023-10-17T12:00:00+0200,media,unclassified,,,,,
3419,PMR4-KB10PM,2500741,decfe22a40b02f821d2b10fa88b54241,2023-10-18T12:00:00+0200,2023-10-18T12:00:00+0200,media,unclassified,,,,,
3420,PMR4-KB10PM,2500742,4d2f73484eecbc30fce65b2b68f96155,2023-10-19T12:00:00+0200,2023-10-19T12:00:00+0200,media,unclassified,,,,,
3421,PMR4-KB10PM,2500743,72ca4b0981d2edb7efd693f0f3784fa4,2023-10-20T12:00:00+0200,2023-10-20T12:00:00+0200,media,unclassified,,,,,
3422,PMR4-KB10PM,2500744,90c361126b9918ec2c454de67a9e0204,2023-10-21T12:00:00+0200,2023-10-21T12:00:00+0200,media,unclassified,,,,,
3423,PMR4-KB10PM,2500745,f7a7f06473f8d69675dfaf7280e5843d,2023-10-22T12:00:00+0200,2023-10-22T12:00:00+0200,media,unclassified,,,,,
3424,PMR4-KB10PM,2500746,7cf559c79901df6452e579c111ecc008,2023-10-23T12:00:00+0200,2023-10-23T12:00:00+0200,media,unclassified,,,,,
3425,PMR4-KB10PM,2500747,bd36b7ca7a83cb654e74fff86700fc7c,2023-10-24T12:00:00+0200,2023-10-24T12:00:00+0200,media,unclassified,,,,,
3426,PMR4-KB10PM,2500748,7ae513deacd056b6b9901b1755eb5f02,2023-10-25T12:00:00+0200,2023-10-25T12:00:00+0200,media,unclassified,,,,,
3427,PMR4-KB10PM,2500749,7b7eef114253759fbf4a93d72acc9362,2023-10-26T12:00:00+0200,2023-10-26T12:00:00+0200,media,unclassified,,,,,
3428,PMR4-KB10PM,2500750,b59cb4f7307358c6f71d51265ecadf78,2023-10-27T12:00:00+0200,2023-10-27T12:00:00+0200,media,unclassified,,,,,
3429,PMR4-KB10PM,2500751,a48c8b5d60ec101c540f7d0f82fd92f0,2023-10-28T12:00:00+0200,2023-10-28T12:00:00+0200,media,unclassified,,,,,
3430,PMR4-KB10PM,2500752,287c326544e3f5932063f9b794004ac6,2023-10-29T12:00:00+0100,2023-10-29T12:00:00+0100,media,unclassified,,,,,
3431,PMR4-KB10PM,2500753,d9b7f96036d57d6da8cd801f20fb60a4,2023-10-30T12:00:00+0100,2023-10-30T12:00:00+0100,media,unclassified,,,,,
3432,PMR4-KB10PM,2500754,4c857e8d970f3e048f45d18f851935ed,2023-10-31T12:00:00+0100,2023-10-31T12:00:00+0100,media,unclassified,,,,,
3433,PMR4-KB10PM,2500755,edc3a4f5429a8b0a82263fd953c57809,2023-11-01T12:00:00+0100,2023-11-01T12:00:00+0100,media,unclassified,,,,,
3434,PMR4-KB10PM,2500756,8148fe67bfb744bd0f6501b1e527b86c,2023-11-02T12:00:00+0100,2023-11-02T12:00:00+0100,media,unclassified,,,,,
3435,PMR4-KB10PM,2500757,8a0b4e7f72f698ab7939fa1cb7121306,2023-11-02T13:58:16+0100,2023-11-02T13:58:16+0100,media,human,setup,Homo sapiens,1,human,2023-11-23T15:25:06+0000
3436,PMR4-KB10PM,2500758,8a0b4e7f72f698ab7939fa1cb7121306,2023-11-02T13:58:32+0100,2023-11-02T13:58:32+0100,media,human,setup,Homo sapiens,1,human,2023-11-23T15:25:06+0000
3437,PMR4-KB10PM,2500759,8a0b4e7f72f698ab7939fa1cb7121306,2023-11-02T13:58:40+0100,2023-11-02T13:58:40+0100,media,human,setup,Homo sapiens,1,human,2023-11-23T15:25:06+0000
3438,PMR4-KB11PM,2500760,80c5e09ef26d09a342cc7b31b9600fac,2023-10-02T16:11:54+0200,2023-10-02T16:11:54+0200,media,blank,setup,,,human,2023-11-20T15:14:04+0000
3439,PMR4-KB11PM,2500761,80c5e09ef26d09a342cc7b31b9600fac,2023-10-02T16:16:12+0200,2023-10-02T16:16:12+0200,media,human,setup,Homo sapiens,1,human,2023-11-20T15:13:57+0000
3440,PMR4-KB11PM,2500762,80c5e09ef26d09a342cc7b31b9600fac,2023-10-02T16:16:32+0200,2023-10-02T16:16:32+0200,media,human,setup,Homo sapiens,1,human,2023-11-20T15:13:57+0000
3441,PMR4-KB11PM,2500763,d99bd7d8c69e5371dfbca706edb678af,2023-10-03T12:00:00+0200,2023-10-03T12:00:00+0200,media,unclassified,,,,,
3442,PMR4-KB11PM,2500764,c8e46158603441fa2f7cb8e4d103cdad,2023-10-04T12:00:00+0200,2023-10-04T12:00:00+0200,media,unclassified,,,,,
3443,PMR4-KB11PM,2500765,6e99c11525a72fae68b15522e398a8b9,2023-10-05T12:00:00+0200,2023-10-05T12:00:00+0200,media,unclassified,,,,,
3444,PMR4-KB11PM,2500766,a7c5e709c851e4a2e529bd57151547bc,2023-10-06T12:00:00+0200,2023-10-06T12:00:00+0200,media,unclassified,,,,,
3445,PMR4-KB11PM,2500767,1aaa5b118b48ce41503c90a4016ab7c8,2023-10-07T12:00:00+0200,2023-10-07T12:00:00+0200,media,unclassified,,,,,
3446,PMR4-KB11PM,2500768,3594177de4653e8ca019c836e39984ce,2023-10-08T12:00:00+0200,2023-10-08T12:00:00+0200,media,unclassified,,,,,
3447,PMR4-KB11PM,2500769,f89158078447152417e3d0c3b5cea20d,2023-10-09T12:00:00+0200,2023-10-09T12:00:00+0200,media,unclassified,,,,,
3448,PMR4-KB11PM,2500770,9910e743738633df5d7eaadda79509ae,2023-10-10T12:00:00+0200,2023-10-10T12:00:00+0200,media,unclassified,,,,,
3449,PMR4-KB11PM,2500771,9c2721aa607852dcdb8b868e7665f88a,2023-10-11T12:00:00+0200,2023-10-11T12:00:00+0200,media,unclassified,,,,,
3450,PMR4-KB11PM,2500772,5d33b6c523ffc6d420e7dfdfc477dc01,2023-10-12T12:00:00+0200,2023-10-12T12:00:00+0200,media,unclassified,,,,,
3451,PMR4-KB11PM,2500773,4d1c480ebd6ed7e7478a24335ee3e6e0,2023-10-13T12:00:00+0200,2023-10-13T12:00:00+0200,media,unclassified,,,,,
3452,PMR4-KB11PM,2500774,b06d51926d529f522481a5a76791c0d8,2023-10-14T12:00:00+0200,2023-10-14T12:00:00+0200,media,unclassified,,,,,
3453,PMR4-KB11PM,2500775,1ecc9094b0ae2a12861e6d41c92290ab,2023-10-15T12:00:00+0200,2023-10-15T12:00:00+0200,media,unclassified,,,,,
3454,PMR4-KB11PM,2500776,0de2a70b129e5048719135965e21688f,2023-10-16T12:00:00+0200,2023-10-16T12:00:00+0200,media,unclassified,,,,,
3455,PMR4-KB11PM,2500777,8b8fe2fc69cac52b64f8ff5ea7161a8e,2023-10-17T12:00:00+0200,2023-10-17T12:00:00+0200,media,unclassified,,,,,
3456,PMR4-KB11PM,2500778,1553a61c7332aa125c196b8b26e18f2d,2023-10-18T12:00:00+0200,2023-10-18T12:00:00+0200,media,unclassified,,,,,
3457,PMR4-KB11PM,2500779,6e87a9f28d800b68309abcb66daa8ad0,2023-10-19T12:00:00+0200,2023-10-19T12:00:00+0200,media,unclassified,,,,,
3458,PMR4-KB11PM,2500780,c66975b2eb7ba8ef194a47b6216358c8,2023-10-20T12:00:00+0200,2023-10-20T12:00:00+0200,media,unclassified,,,,,
3459,PMR4-KB11PM,2500781,273318a85b2e0a04269141527028afcb,2023-10-21T12:00:00+0200,2023-10-21T12:00:00+0200,media,unclassified,,,,,
3460,PMR4-KB11PM,2500782,5454e47220ef224ac878c17cdadb60aa,2023-10-22T12:00:00+0200,2023-10-22T12:00:00+0200,media,unclassified,,,,,
3461,PMR4-KB11PM,2500783,2e6d7605e2e18bb758a24f67c42d65aa,2023-10-23T12:00:00+0200,2023-10-23T12:00:00+0200,media,unclassified,,,,,
3462,PMR4-KB11PM,2500784,1be3efb1dffbded9448c41c59cf30c72,2023-10-24T12:00:00+0200,2023-10-24T12:00:00+0200,media,unclassified,,,,,
3463,PMR4-KB11PM,2500785,7dcdc46aa74580ed16dcb70617c91ebd,2023-10-25T12:00:00+0200,2023-10-25T12:00:00+0200,media,unclassified,,,,,
3464,PMR4-KB11PM,2500786,4313da4f4cfb7ccfd894795f5b3dd6a3,2023-10-26T12:00:00+0200,2023-10-26T12:00:00+0200,media,unclassified,,,,,
3465,PMR4-KB11PM,2500787,c37f6cc8d235b3dfea8cc831a9aa4bfa,2023-10-27T12:00:00+0200,2023-10-27T12:00:00+0200,media,unclassified,,,,,
3466,PMR4-KB11PM,2500788,affe424c5716b106b5fd0783c444fcd1,2023-10-28T12:00:00+0200,2023-10-28T12:00:00+0200,media,unclassified,,,,,
3467,PMR4-KB11PM,2500789,e2e5116df1c41455e3a4a5be09670d1a,2023-10-29T12:00:00+0100,2023-10-29T12:00:00+0100,media,unclassified,,,,,
3468,PMR4-KB11PM,2500790,e84b45543e200093b48acf2ac25029d7,2023-10-30T12:00:00+0100,2023-10-30T12:00:00+0100,media,unclassified,,,,,
3469,PMR4-KB11PM,2500791,c2fdc22dea40f00a71694c1973637c72,2023-10-31T12:00:00+0100,2023-10-31T12:00:00+0100,media,unclassified,,,,,
3470,PMR4-KB11PM,2500792,cac1c964bfbd5d3644417ed84dc97df1,2023-11-01T12:00:00+0100,2023-11-01T12:00:00+0100,media,unclassified,,,,,
3471,PMR4-KB11PM,2500793,f2a69d6d1db2b40755a332fb37e4ff4c,2023-11-02T12:00:00+0100,2023-11-02T12:00:00+0100,media,unclassified,,,,,
3472,PMR4-KB11PM,2500794,301cdb1ef2dd6c6946408e4ef3dfcd03,2023-11-03T12:00:00+0100,2023-11-03T12:00:00+0100,media,unclassified,,,,,
3473,PMR4-KB11PM,2500795,9b5b53c3a62c663472a0c3cb53b177d3,2023-11-03T13:12:58+0100,2023-11-03T13:12:58+0100,media,human,setup,Homo sapiens,1,human,2023-11-23T15:35:23+0000
3474,PMR4-KB12PM,2500796,5326fe52fe085f4acb774aa0c3bb6945,2023-10-02T17:22:18+0200,2023-10-02T17:22:18+0200,media,human,setup,Homo sapiens,1,human,2023-11-20T15:14:22+0000
3475,PMR4-KB12PM,2500797,5326fe52fe085f4acb774aa0c3bb6945,2023-10-02T17:22:26+0200,2023-10-02T17:22:26+0200,media,human,setup,Homo sapiens,1,human,2023-11-20T15:14:22+0000
3476,PMR4-KB12PM,2500798,328287a0d37442b6cb9c312012917dd3,2023-10-03T12:00:00+0200,2023-10-03T12:00:00+0200,media,unclassified,,,,,
3477,PMR4-KB12PM,2500799,c1e624f986baf390166cf0fa8da72151,2023-10-04T12:00:00+0200,2023-10-04T12:00:00+0200,media,unclassified,,,,,
3478,PMR4-KB12PM,2500800,d0c11d4253888b82a70c04b4aa5b331c,2023-10-05T12:00:00+0200,2023-10-05T12:00:00+0200,media,unclassified,,,,,
3479,PMR4-KB12PM,2500801,f4a3c209dd608498fd5085b504833fa6,2023-10-06T12:00:00+0200,2023-10-06T12:00:00+0200,media,unclassified,,,,,
3480,PMR4-KB12PM,2500802,60442dd075a90598b439ff1016e56340,2023-10-07T12:00:00+0200,2023-10-07T12:00:00+0200,media,unclassified,,,,,
3481,PMR4-KB12PM,2500803,bf46577cee30b4296ad17db1c4324c7c,2023-10-08T12:00:00+0200,2023-10-08T12:00:00+0200,media,unclassified,,,,,
3482,PMR4-KB12PM,2500804,9b5a99e7786219e55c63eada43f8ffc2,2023-10-09T12:00:00+0200,2023-10-09T12:00:00+0200,media,unclassified,,,,,
3483,PMR4-KB12PM,2500805,280b0365bf1e58ad5f78713e3b87f78d,2023-10-10T12:00:00+0200,2023-10-10T12:00:00+0200,media,unclassified,,,,,
3484,PMR4-KB12PM,2500806,16e8a1320670b19a7f2812968ddc1870,2023-10-11T12:00:00+0200,2023-10-11T12:00:00+0200,media,unclassified,,,,,
3485,PMR4-KB12PM,2500807,6a83ff917433af99f4c7ae0fab274229,2023-10-12T12:00:00+0200,2023-10-12T12:00:00+0200,media,unclassified,,,,,
3486,PMR4-KB12PM,2500808,0215bcbbc89eaf52653c1a0464c1dfb4,2023-10-13T12:00:00+0200,2023-10-13T12:00:00+0200,media,unclassified,,,,,
3487,PMR4-KB12PM,2500809,f36e786d9c0b3c4b047d92504137cd9c,2023-10-14T12:00:00+0200,2023-10-14T12:00:00+0200,media,unclassified,,,,,
3488,PMR4-KB12PM,2500810,2b255fbc2dd14db4a6dc2f7492f448c8,2023-10-15T12:00:00+0200,2023-10-15T12:00:00+0200,media,unclassified,,,,,
3489,PMR4-KB12PM,2500811,c6c89aaab3d2274f0bc6340581afcc9f,2023-10-16T12:00:00+0200,2023-10-16T12:00:00+0200,media,unclassified,,,,,
3490,PMR4-KB12PM,2500812,6f00bab281d1eed6fe3c61fafc93bf6f,2023-10-17T12:00:00+0200,2023-10-17T12:00:00+0200,media,unclassified,,,,,
3491,PMR4-KB12PM,2500813,ddff3509376f11ff936e93af92f00299,2023-10-17T22:52:56+0200,2023-10-17T22:52:56+0200,media,blank,,,,human,2023-11-22T15:30:43+0000
3492,PMR4-KB12PM,2500814,592d1d6b4783e971553ed0f6f3455fbe,2023-10-18T12:00:00+0200,2023-10-18T12:00:00+0200,media,unclassified,,,,,
3493,PMR4-KB12PM,2500815,5dd67c8d5df4461445de573abacefcbc,2023-10-19T12:00:00+0200,2023-10-19T12:00:00+0200,media,unclassified,,,,,
3494,PMR4-KB12PM,2500816,0bca7ac00052e639c6b0eadaa58e2c99,2023-10-20T12:00:00+0200,2023-10-20T12:00:00+0200,media,unclassified,,,,,
3495,PMR4-KB12PM,2500817,245540608db91e9178926899f13d2334,2023-10-21T12:00:00+0200,2023-10-21T12:00:00+0200,media,unclassified,,,,,
3496,PMR4-KB12PM,2500818,cd074fded4a47fed86f82b376bf8e29a,2023-10-22T12:00:00+0200,2023-10-22T12:00:00+0200,media,unclassified,,,,,
3497,PMR4-KB12PM,2500819,303aa3a5f2870d9b98f25143c16dd5db,2023-10-23T12:00:00+0200,2023-10-23T12:00:00+0200,media,unclassified,,,,,
3498,PMR4-KB12PM,2500820,40baab8af310bf9ca6871a564147c7e5,2023-10-24T12:00:00+0200,2023-10-24T12:00:00+0200,media,unclassified,,,,,
3499,PMR4-KB12PM,2500821,c126de1f76edaf90cee3334825cd8dd3,2023-10-25T12:00:00+0200,2023-10-25T12:00:00+0200,media,unclassified,,,,,
3500,PMR4-KB12PM,2500822,fc6a51e68f3750654b4d5b9c940cb93a,2023-10-26T12:00:00+0200,2023-10-26T12:00:00+0200,media,unclassified,,,,,
3501,PMR4-KB12PM,2500823,1e166e28c9b96fdb22ef1bd1c9940a8a,2023-10-27T12:00:00+0200,2023-10-27T12:00:00+0200,media,unclassified,,,,,
3502,PMR4-KB12PM,2500824,e1b7726ed0c4b39ca5f06aa3aba8864f,2023-10-28T12:00:00+0200,2023-10-28T12:00:00+0200,media,unclassified,,,,,
3503,PMR4-KB12PM,2500825,164f8fca40a3a3fe751b7b78b5be1ba3,2023-10-29T12:00:00+0100,2023-10-29T12:00:00+0100,media,unclassified,,,,,
3504,PMR4-KB12PM,2500826,0afb2beda4755851704dd45cd6a4f6f3,2023-10-30T12:00:00+0100,2023-10-30T12:00:00+0100,media,unclassified,,,,,
3505,PMR4-KB12PM,2500827,4f37f2f826f1af052411096c1469e023,2023-10-31T12:00:00+0100,2023-10-31T12:00:00+0100,media,unclassified,,,,,
3506,PMR4-KB12PM,2500828,c68c09a90427b5c4db6a1a42edab7147,2023-11-01T12:00:00+0100,2023-11-01T12:00:00+0100,media,unclassified,,,,,
3507,PMR4-KB12PM,2500829,87dbb1329d42d9f45e994e04bc59b06c,2023-11-02T12:00:00+0100,2023-11-02T12:00:00+0100,media,unclassified,,,,,
3508,PMR4-KB12PM,2500830,0f5890e8d7123cf8fa0260710cc9f2ca,2023-11-02T15:17:28+0100,2023-11-02T15:17:28+0100,media,human,setup,Homo sapiens,1,human,2023-11-23T15:28:42+0000
3509,PMR4-KB12PM,2500831,0f5890e8d7123cf8fa0260710cc9f2ca,2023-11-02T15:20:36+0100,2023-11-02T15:20:36+0100,media,human,setup,Homo sapiens,1,human,2023-11-23T15:28:51+0000
3510,PMR4-KB12PM,2500832,0f5890e8d7123cf8fa0260710cc9f2ca,2023-11-02T15:21:04+0100,2023-11-02T15:21:04+0100,media,blank,setup,,,human,2023-11-23T15:28:58+0000
3511,PMR4-KB12PM,2500833,0f5890e8d7123cf8fa0260710cc9f2ca,2023-11-02T15:21:12+0100,2023-11-02T15:21:12+0100,media,human,setup,Homo sapiens,1,human,2023-11-23T15:29:07+0000
3512,PMR4-KB13PM,2500834,4396dc35fbe347910ae6f81a3bc035f4,2023-10-06T13:49:04+0200,2023-10-06T13:49:04+0200,media,human,setup,Homo sapiens,1,human,2023-11-20T15:42:31+0000
3513,PMR4-KB13PM,2500835,4396dc35fbe347910ae6f81a3bc035f4,2023-10-06T13:49:56+0200,2023-10-06T13:49:56+0200,media,human,setup,Homo sapiens,1,human,2023-11-20T15:42:31+0000
3514,PMR4-KB13PM,2500836,4396dc35fbe347910ae6f81a3bc035f4,2023-10-06T13:50:04+0200,2023-10-06T13:50:04+0200,media,human,setup,Homo sapiens,1,human,2023-11-20T15:42:31+0000
3515,PMR4-KB13PM,2500837,8f37eae2a896fbcf13f208c070d9a256,2023-10-07T12:00:00+0200,2023-10-07T12:00:00+0200,media,unclassified,,,,,
3516,PMR4-KB13PM,2500838,7f3f683d74437a7fd6956a1743fba0a2,2023-10-08T12:00:00+0200,2023-10-08T12:00:00+0200,media,unclassified,,,,,
3517,PMR4-KB13PM,2500839,1d666330f990bcd25b8520c8fabad1a9,2023-10-09T12:00:00+0200,2023-10-09T12:00:00+0200,media,unclassified,,,,,
3518,PMR4-KB13PM,2500840,f4e1f53076b56cbc27d4d964444bb685,2023-10-10T12:00:00+0200,2023-10-10T12:00:00+0200,media,unclassified,,,,,
3519,PMR4-KB13PM,2500841,258cd9b6a7f4f12e3081aafb9eceb9be,2023-10-11T12:00:00+0200,2023-10-11T12:00:00+0200,media,unclassified,,,,,
3520,PMR4-KB13PM,2500842,84de9bc99549d1835e148236817dc021,2023-10-12T12:00:00+0200,2023-10-12T12:00:00+0200,media,unclassified,,,,,
3521,PMR4-KB13PM,2500843,d68271eddf00822991cab331f888de04,2023-10-13T12:00:00+0200,2023-10-13T12:00:00+0200,media,unclassified,,,,,
3522,PMR4-KB13PM,2500844,e0f2bec4c321058f105dd4f971cb2a47,2023-10-14T12:00:00+0200,2023-10-14T12:00:00+0200,media,unclassified,,,,,
3523,PMR4-KB13PM,2500845,a8b0c27139967859e294339f03a1e702,2023-10-15T12:00:00+0200,2023-10-15T12:00:00+0200,media,unclassified,,,,,
3524,PMR4-KB13PM,2500846,8e9b571cdec4961704c13ddcdcb58987,2023-10-16T12:00:00+0200,2023-10-16T12:00:00+0200,media,unclassified,,,,,
3525,PMR4-KB13PM,2500847,027da20c1063e5c19bdb430753275360,2023-10-17T12:00:00+0200,2023-10-17T12:00:00+0200,media,unclassified,,,,,
3526,PMR4-KB13PM,2500848,c42b3343aba8e76e3de2a4c148621cb7,2023-10-18T12:00:00+0200,2023-10-18T12:00:00+0200,media,unclassified,,,,,
3527,PMR4-KB13PM,2500849,190927f4f49acc4211c2a385c4bdadee,2023-10-19T12:00:00+0200,2023-10-19T12:00:00+0200,media,unclassified,,,,,
3528,PMR4-KB13PM,2500850,71db0e74f32e175b8a9595f0f6ffc1b3,2023-10-20T12:00:00+0200,2023-10-20T12:00:00+0200,media,unclassified,,,,,
3529,PMR4-KB13PM,2500851,53d9756b0129135416adb5ece8765032,2023-10-21T12:00:00+0200,2023-10-21T12:00:00+0200,media,unclassified,,,,,
3530,PMR4-KB13PM,2500852,3a27dc3f1809f85bf0fc3a17130253c9,2023-10-22T12:00:00+0200,2023-10-22T12:00:00+0200,media,unclassified,,,,,
3531,PMR4-KB13PM,2500853,4dc6334e4f95552ed10bf1f0fb2b9c61,2023-10-23T12:00:00+0200,2023-10-23T12:00:00+0200,media,unclassified,,,,,
3532,PMR4-KB13PM,2500854,5713b819f03a94080cdd8e095f81576a,2023-10-24T12:00:00+0200,2023-10-24T12:00:00+0200,media,unclassified,,,,,
3533,PMR4-KB13PM,2500855,21ca091e5db0086ea0cc8de2e216c914,2023-10-25T12:00:00+0200,2023-10-25T12:00:00+0200,media,unclassified,,,,,
3534,PMR4-KB13PM,2500856,1c6f786080f52e52469b8088f3070e68,2023-10-26T12:00:00+0200,2023-10-26T12:00:00+0200,media,unclassified,,,,,
3535,PMR4-KB13PM,2500857,24a897c70b309f3444464a4e9cc8c26c,2023-10-27T12:00:00+0200,2023-10-27T12:00:00+0200,media,unclassified,,,,,
3536,PMR4-KB13PM,2500858,e3b65eb211e8ba9f26f681dbc3e0035c,2023-10-28T12:00:00+0200,2023-10-28T12:00:00+0200,media,unclassified,,,,,
3537,PMR4-KB13PM,2500859,1e593aba5a755b0e7587c0f475053138,2023-10-29T12:00:00+0100,2023-10-29T12:00:00+0100,media,unclassified,,,,,
3538,PMR4-KB13PM,2500860,939acf8d5faed2c8d30a46792cf915b1,2023-10-30T12:00:00+0100,2023-10-30T12:00:00+0100,media,unclassified,,,,,
3539,PMR4-KB13PM,2500861,1054c34bcebc80583a45008f88903fdb,2023-10-31T12:00:00+0100,2023-10-31T12:00:00+0100,media,unclassified,,,,,
3540,PMR4-KB13PM,2500862,a4193d0af02291df44e9d277fdf4707e,2023-11-01T12:00:00+0100,2023-11-01T12:00:00+0100,media,unclassified,,,,,
3541,PMR4-KB13PM,2500863,88fcf6611fd0f2fb3f2f6e1fd7783470,2023-11-02T12:00:00+0100,2023-11-02T12:00:00+0100,media,unclassified,,,,,
3542,PMR4-KB13PM,2500864,8d5eaef2341a0b5f67729563ec90f521,2023-11-02T12:31:08+0100,2023-11-02T12:31:08+0100,media,human,setup,Homo sapiens,2,human,2023-11-23T15:22:16+0000
3543,PMR4-KB14PM,2500865,48e84101644478f0cc9dbe3faaff1d18,2023-10-06T15:55:16+0200,2023-10-06T15:55:16+0200,media,human,setup,Homo sapiens,1,human,2023-11-20T15:43:21+0000
3544,PMR4-KB14PM,2500866,48e84101644478f0cc9dbe3faaff1d18,2023-10-06T15:57:50+0200,2023-10-06T15:57:50+0200,media,human,setup,Homo sapiens,1,human,2023-11-20T15:43:21+0000
3545,PMR4-KB14PM,2500867,48e84101644478f0cc9dbe3faaff1d18,2023-10-06T15:58:06+0200,2023-10-06T15:58:06+0200,media,blank,setup,,,human,2023-11-20T15:43:30+0000
3546,PMR4-KB14PM,2500868,1faa7e0663cfb6f5f813c40f5d438c6a,2023-10-07T12:00:00+0200,2023-10-07T12:00:00+0200,media,unclassified,,,,,
3547,PMR4-KB14PM,2500869,149cfb0c2ab1110bdc7613ba38c4af3e,2023-10-08T12:00:00+0200,2023-10-08T12:00:00+0200,media,unclassified,,,,,
3548,PMR4-KB14PM,2500870,a4c5cbec52a96fcbc5f5dcb71922c6c2,2023-10-09T12:00:00+0200,2023-10-09T12:00:00+0200,media,unclassified,,,,,
3549,PMR4-KB14PM,2500871,e23906cbd1c384b8685e55f276c12adc,2023-10-10T12:00:00+0200,2023-10-10T12:00:00+0200,media,unclassified,,,,,
3550,PMR4-KB14PM,2500872,974455c9140129a559126e3b6892ff4f,2023-10-11T12:00:00+0200,2023-10-11T12:00:00+0200,media,unclassified,,,,,
3551,PMR4-KB14PM,2500873,44dc5cd847ec26e016494c8d670754b2,2023-10-12T12:00:00+0200,2023-10-12T12:00:00+0200,media,unclassified,,,,,
3552,PMR4-KB14PM,2500874,5b3d928b61751006f43037af37c4eea2,2023-10-13T12:00:00+0200,2023-10-13T12:00:00+0200,media,unclassified,,,,,
3553,PMR4-KB14PM,2500875,834bf90daecd4ca9aa37f55bf6b42810,2023-10-14T12:00:00+0200,2023-10-14T12:00:00+0200,media,unclassified,,,,,
3554,PMR4-KB14PM,2500876,b09eabc5e4191ca922f935c8743df67f,2023-10-15T12:00:00+0200,2023-10-15T12:00:00+0200,media,unclassified,,,,,
3555,PMR4-KB14PM,2500877,ae088a27b0c52f14096dda6cd6b47a7a,2023-10-16T12:00:00+0200,2023-10-16T12:00:00+0200,media,unclassified,,,,,
3556,PMR4-KB14PM,2500878,3012b6776e8725bb9ab102aade69a689,2023-10-17T12:00:00+0200,2023-10-17T12:00:00+0200,media,unclassified,,,,,
3557,PMR4-KB14PM,2500879,21db1f5e54234f0d382a49d2073e7254,2023-10-18T12:00:00+0200,2023-10-18T12:00:00+0200,media,unclassified,,,,,
3558,PMR4-KB14PM,2500880,9a19b3afa9842d008cddd94f21e8c1f6,2023-10-19T12:00:00+0200,2023-10-19T12:00:00+0200,media,unclassified,,,,,
3559,PMR4-KB14PM,2500881,0bab2422a9b0bd91494208cb8546ece4,2023-10-20T12:00:00+0200,2023-10-20T12:00:00+0200,media,unclassified,,,,,
3560,PMR4-KB14PM,2500882,c3023c82266a9e79ad41da003009dd41,2023-10-21T12:00:00+0200,2023-10-21T12:00:00+0200,media,unclassified,,,,,
3561,PMR4-KB14PM,2500883,a35a85f265427f7fbf07dd42bbcba3bd,2023-10-22T12:00:00+0200,2023-10-22T12:00:00+0200,media,unclassified,,,,,
3562,PMR4-KB14PM,2500884,ad774ecefb25d2aae8f00f5c46c71915,2023-10-23T12:00:00+0200,2023-10-23T12:00:00+0200,media,unclassified,,,,,
3563,PMR4-KB14PM,2500885,bd1be995b752fc8e38c16d816c5eaf6f,2023-10-24T12:00:00+0200,2023-10-24T12:00:00+0200,media,unclassified,,,,,
3564,PMR4-KB14PM,2500886,d5d4e3ca71c5ac45bedc6c0a2ba625b5,2023-10-25T12:00:00+0200,2023-10-25T12:00:00+0200,media,unclassified,,,,,
3565,PMR4-KB14PM,2500887,2b47977ed9d2d6ae1c817a8ba1aa98e0,2023-10-26T12:00:00+0200,2023-10-26T12:00:00+0200,media,unclassified,,,,,
3566,PMR4-KB14PM,2500888,2bcae183738f1d1221675b67fe040588,2023-10-27T12:00:00+0200,2023-10-27T12:00:00+0200,media,unclassified,,,,,
3567,PMR4-KB14PM,2500889,e62956bf66bd86b4ab6d32f1226c8913,2023-10-28T12:00:00+0200,2023-10-28T12:00:00+0200,media,unclassified,,,,,
3568,PMR4-KB14PM,2500890,98cac441d3a8e1a18852f542530baeb7,2023-10-29T12:00:00+0100,2023-10-29T12:00:00+0100,media,unclassified,,,,,
3569,PMR4-KB14PM,2500891,4e73195251e61c5a122bc24bf3f9a564,2023-10-30T12:00:00+0100,2023-10-30T12:00:00+0100,media,unclassified,,,,,
3570,PMR4-KB14PM,2500892,ffb3703b2c66be1a8d5ace21da3b9f13,2023-10-31T12:00:00+0100,2023-10-31T12:00:00+0100,media,unclassified,,,,,
3571,PMR4-KB14PM,2500893,a2d1122a9c77dfa28fd11f17df3caf37,2023-11-01T12:00:00+0100,2023-11-01T12:00:00+0100,media,unclassified,,,,,
3572,PMR4-KB14PM,2500894,f570c20fa543e822779f62443d28b2cb,2023-11-02T12:00:00+0100,2023-11-02T12:00:00+0100,media,unclassified,,,,,
3573,PMR4-KB14PM,2500895,7f89f5a8bfaa5030a22cc1bb377da279,2023-11-02T14:05:14+0100,2023-11-02T14:05:14+0100,media,human,setup,Homo sapiens,2,human,2023-11-23T15:25:45+0000
3574,PMR4-KB14PM,2500896,7f89f5a8bfaa5030a22cc1bb377da279,2023-11-02T14:05:26+0100,2023-11-02T14:05:26+0100,media,human,setup,Homo sapiens,1,human,2023-11-23T15:26:12+0000
3575,PMR4-KB14PM,2500897,7f89f5a8bfaa5030a22cc1bb377da279,2023-11-02T14:05:52+0100,2023-11-02T14:05:52+0100,media,blank,setup,,,human,2023-11-23T15:26:01+0000
3576,PMR4-KB14PM,2500898,7f89f5a8bfaa5030a22cc1bb377da279,2023-11-02T14:06:30+0100,2023-11-02T14:06:30+0100,media,human,setup,Homo sapiens,1,human,2023-11-23T15:26:20+0000
3577,PMR4-KB15PM,2500899,6101ca0894855c3a96f25ce006d95511,2023-10-04T12:00:00+0200,2023-10-04T12:00:00+0200,media,unclassified,,,,,
3578,PMR4-KB15PM,2500900,d99bb4c588b458f25f424264cceff441,2023-10-04T13:00:02+0200,2023-10-04T13:00:02+0200,media,human,setup,Homo sapiens,1,human,2023-11-20T15:25:12+0000
3579,PMR4-KB15PM,2500901,d99bb4c588b458f25f424264cceff441,2023-10-04T13:00:14+0200,2023-10-04T13:00:14+0200,media,human,setup,Homo sapiens,1,human,2023-11-20T15:25:12+0000
3580,PMR4-KB15PM,2500902,d99bb4c588b458f25f424264cceff441,2023-10-04T13:01:40+0200,2023-10-04T13:01:40+0200,media,human,setup,Homo sapiens,1,human,2023-11-20T15:25:12+0000
3581,PMR4-KB15PM,2500903,c05f1f0f0e2a7f621c2e35ff1e3ddca6,2023-10-05T12:00:00+0200,2023-10-05T12:00:00+0200,media,unclassified,,,,,
3582,PMR4-KB15PM,2500904,0bec2581328a97f4d907a3de38dc4f67,2023-10-06T12:00:00+0200,2023-10-06T12:00:00+0200,media,unclassified,,,,,
3583,PMR4-KB15PM,2500905,24d9bc6e733d9c4d24d4078ed1f355b4,2023-10-07T12:00:00+0200,2023-10-07T12:00:00+0200,media,unclassified,,,,,
3584,PMR4-KB15PM,2500906,63e76fb614a16d614629837a114a821f,2023-10-08T12:00:00+0200,2023-10-08T12:00:00+0200,media,unclassified,,,,,
3585,PMR4-KB15PM,2500907,07cc18265915b115475f079d23c744ef,2023-10-08T19:23:20+0200,2023-10-08T19:23:20+0200,media,animal,,Martes martes,1,human,2023-11-20T15:50:53+0000
3586,PMR4-KB15PM,2500908,1158a6af589af9269af60460bb4223fc,2023-10-09T12:00:00+0200,2023-10-09T12:00:00+0200,media,unclassified,,,,,
3587,PMR4-KB15PM,2500909,d3a8f6c863d6757ebe201e0e504e8d85,2023-10-10T12:00:00+0200,2023-10-10T12:00:00+0200,media,unclassified,,,,,
3588,PMR4-KB15PM,2500910,a0d75d15aa7ab3b2d0857b574bba3479,2023-10-11T12:00:00+0200,2023-10-11T12:00:00+0200,media,unclassified,,,,,
3589,PMR4-KB15PM,2500911,494b3f83975e4c9cc960b9a9fc4f60fb,2023-10-12T12:00:00+0200,2023-10-12T12:00:00+0200,media,unclassified,,,,,
3590,PMR4-KB15PM,2500912,9f5f6438dc4b00475230fece8982410a,2023-10-13T12:00:00+0200,2023-10-13T12:00:00+0200,media,unclassified,,,,,
3591,PMR4-KB15PM,2500913,3aec702e041a333b241f7eaa28ef7c01,2023-10-14T12:00:00+0200,2023-10-14T12:00:00+0200,media,unclassified,,,,,
3592,PMR4-KB15PM,2500914,1f8945a7a2b0ef71b405980e0f25a4ff,2023-10-15T12:00:00+0200,2023-10-15T12:00:00+0200,media,unclassified,,,,,
3593,PMR4-KB15PM,2500915,3ea06c2b6e72e062dfe6ae85184b0612,2023-10-16T12:00:00+0200,2023-10-16T12:00:00+0200,media,unclassified,,,,,
3594,PMR4-KB15PM,2500916,84ca5b332b16aad486c6c44da925421d,2023-10-17T12:00:00+0200,2023-10-17T12:00:00+0200,media,unclassified,,,,,
3595,PMR4-KB15PM,2500917,85265d50862cc0595f06114022c9cdda,2023-10-18T12:00:00+0200,2023-10-18T12:00:00+0200,media,unclassified,,,,,
3596,PMR4-KB15PM,2500918,b95968f128cc1be19f1bc2c87feb293c,2023-10-19T12:00:00+0200,2023-10-19T12:00:00+0200,media,unclassified,,,,,
3597,PMR4-KB15PM,2500919,3b94c2f6dc2df8b69deb3e294d5975a6,2023-10-20T12:00:00+0200,2023-10-20T12:00:00+0200,media,unclassified,,,,,
3598,PMR4-KB15PM,2500920,46d077f4dffa6b91e6926074206f40a6,2023-10-21T12:00:00+0200,2023-10-21T12:00:00+0200,media,unclassified,,,,,
3599,PMR4-KB15PM,2500921,e4be79760196b0cbffec356746b7ccf2,2023-10-22T12:00:00+0200,2023-10-22T12:00:00+0200,media,unclassified,,,,,
3600,PMR4-KB15PM,2500922,c698a1fd7f01008e28f8003b2c5a85ac,2023-10-23T12:00:00+0200,2023-10-23T12:00:00+0200,media,unclassified,,,,,
3601,PMR4-KB15PM,2500923,ef02fc90193cca1a4f0b1d7f0e05eef3,2023-10-24T12:00:00+0200,2023-10-24T12:00:00+0200,media,unclassified,,,,,
3602,PMR4-KB15PM,2500924,a7e55a488f4178abf1b4d5db786c708e,2023-10-25T12:00:00+0200,2023-10-25T12:00:00+0200,media,unclassified,,,,,
3603,PMR4-KB15PM,2500925,09f93cb6cce1338a2b14112e353a1517,2023-10-26T12:00:00+0200,2023-10-26T12:00:00+0200,media,unclassified,,,,,
3604,PMR4-KB15PM,2500926,c768eebbb3d54458861a9fed0015972b,2023-10-26T14:20:00+0200,2023-10-26T14:20:00+0200,media,animal,,Tetrao urogallus,1,human,2023-11-23T15:13:01+0000
3605,PMR4-KB15PM,2500927,c768eebbb3d54458861a9fed0015972b,2023-10-26T14:20:14+0200,2023-10-26T14:20:14+0200,media,animal,,Tetrao urogallus,1,human,2023-11-23T15:13:01+0000
3606,PMR4-KB15PM,2500929,b1469dc6fe45eca15a893efbf6488dd2,2023-10-27T12:00:00+0200,2023-10-27T12:00:00+0200,media,unclassified,,,,,
3607,PMR4-KB15PM,2500928,7c7d3235be92706301e3c97124e845be,2023-10-27T12:47:48+0200,2023-10-27T12:47:48+0200,media,animal,,Sciurus vulgaris,1,human,2023-11-23T15:14:10+0000
3608,PMR4-KB15PM,2500930,07c98f849257adbd8a8d19f63bc406a0,2023-10-28T12:00:00+0200,2023-10-28T12:00:00+0200,media,unclassified,,,,,
3609,PMR4-KB15PM,2500931,9d257b29c06132ff5902cc45ccb9e009,2023-10-29T12:00:00+0100,2023-10-29T12:00:00+0100,media,unclassified,,,,,
3610,PMR4-KB15PM,2500932,135ce1f3a354370c02b0a98d1e2d41a6,2023-10-30T12:00:00+0100,2023-10-30T12:00:00+0100,media,unclassified,,,,,
3611,PMR4-KB15PM,2500933,448f1542216a45b873dba495967ea016,2023-10-31T12:00:00+0100,2023-10-31T12:00:00+0100,media,unclassified,,,,,
3612,PMR4-KB15PM,2500934,acf16ef74b267df0fc90cf9b5cb39ac4,2023-11-01T12:00:00+0100,2023-11-01T12:00:00+0100,media,unclassified,,,,,
3613,PMR4-KB15PM,2500935,e66e7d9f68312f41a18786bbef3721f6,2023-11-02T12:00:00+0100,2023-11-02T12:00:00+0100,media,unclassified,,,,,
3614,PMR4-KB15PM,2500936,f486d09e762bd75c6cc92b6b3a9ae06c,2023-11-02T14:23:06+0100,2023-11-02T14:23:06+0100,media,human,setup,Homo sapiens,1,human,2023-11-23T15:26:52+0000
3615,PMR4-KB15PM,2500937,f486d09e762bd75c6cc92b6b3a9ae06c,2023-11-02T14:24:14+0100,2023-11-02T14:24:14+0100,media,human,setup,Homo sapiens,1,human,2023-11-23T15:26:52+0000
3616,PMR4-KB16PM,2500938,b2fbfa1a07192458e302f795eb0f0f75,2023-10-04T14:15:58+0200,2023-10-04T14:15:58+0200,media,human,setup,Homo sapiens,1,human,2023-11-20T15:26:01+0000
3617,PMR4-KB16PM,2500939,b2fbfa1a07192458e302f795eb0f0f75,2023-10-04T14:16:14+0200,2023-10-04T14:16:14+0200,media,human,setup,Homo sapiens,1,human,2023-11-20T15:26:01+0000
3618,PMR4-KB16PM,2500940,b2fbfa1a07192458e302f795eb0f0f75,2023-10-04T14:16:28+0200,2023-10-04T14:16:28+0200,media,human,setup,Homo sapiens,1,human,2023-11-20T15:26:01+0000
3619,PMR4-KB16PM,2500941,b2fbfa1a07192458e302f795eb0f0f75,2023-10-04T14:17:12+0200,2023-10-04T14:17:12+0200,media,blank,setup,,,human,2023-11-20T15:26:09+0000
3620,PMR4-KB16PM,2500942,b2fbfa1a07192458e302f795eb0f0f75,2023-10-04T14:17:30+0200,2023-10-04T14:17:30+0200,media,human,setup,Homo sapiens,1,human,2023-11-20T15:26:01+0000
3621,PMR4-KB16PM,2500943,b2fbfa1a07192458e302f795eb0f0f75,2023-10-04T14:17:50+0200,2023-10-04T14:17:50+0200,media,human,setup,Homo sapiens,1,human,2023-11-20T15:26:01+0000
3622,PMR4-KB16PM,2500944,a72d4cf770b3a3f9411703778c62aa7c,2023-10-05T05:47:38+0200,2023-10-05T05:47:38+0200,media,animal,,Alces alces,1,human,2023-11-20T15:29:37+0000
3623,PMR4-KB16PM,2500945,65c54b97a8677f9806878a956713fa83,2023-10-05T09:40:08+0200,2023-10-05T09:40:08+0200,media,animal,,Alces alces,1,human,2023-11-20T15:30:15+0000
3624,PMR4-KB16PM,2500946,fef034be5eb8bdecd1641aa23aff2ce8,2023-10-05T12:00:00+0200,2023-10-05T12:00:00+0200,media,unclassified,,,,,
3625,PMR4-KB16PM,2500947,46ec8dd3e90e546d4767d340d149fb8c,2023-10-06T12:00:00+0200,2023-10-06T12:00:00+0200,media,unclassified,,,,,
3626,PMR4-KB16PM,2500948,92113a9216b5a9b5ff88796c5920c643,2023-10-07T12:00:00+0200,2023-10-07T12:00:00+0200,media,unclassified,,,,,
3627,PMR4-KB16PM,2500949,24c9a37de0f035cec082bbaa98940c8f,2023-10-08T12:00:00+0200,2023-10-08T12:00:00+0200,media,unclassified,,,,,
3628,PMR4-KB16PM,2500950,4bfb5744f4eb837918d0268bebed3c1b,2023-10-09T12:00:00+0200,2023-10-09T12:00:00+0200,media,unclassified,,,,,
3629,PMR4-KB16PM,2500951,707377b510da5dade02bc67bad9211a5,2023-10-10T12:00:00+0200,2023-10-10T12:00:00+0200,media,unclassified,,,,,
3630,PMR4-KB16PM,2500952,6cbf0438e15c9e288992b5773c1467c6,2023-10-11T12:00:00+0200,2023-10-11T12:00:00+0200,media,unclassified,,,,,
3631,PMR4-KB16PM,2500953,948e591e41e4a9273767372914445ba6,2023-10-12T12:00:00+0200,2023-10-12T12:00:00+0200,media,unclassified,,,,,
3632,PMR4-KB16PM,2500954,94aba4ee33a862033f54248871daa908,2023-10-13T12:00:00+0200,2023-10-13T12:00:00+0200,media,unclassified,,,,,
3633,PMR4-KB16PM,2500955,ebfd9d5b06baebd6819dc6db3151ec8e,2023-10-14T12:00:00+0200,2023-10-14T12:00:00+0200,media,unclassified,,,,,
3634,PMR4-KB16PM,2500956,e4cad35e1608d97740b8267856333f25,2023-10-15T12:00:00+0200,2023-10-15T12:00:00+0200,media,unclassified,,,,,
3635,PMR4-KB16PM,2500957,6d8146bd93fc370538152deac90ba48c,2023-10-16T12:00:00+0200,2023-10-16T12:00:00+0200,media,unclassified,,,,,
3636,PMR4-KB16PM,2500958,e3774c41c150899d7dc2a5d673479ee2,2023-10-17T12:00:00+0200,2023-10-17T12:00:00+0200,media,unclassified,,,,,
3637,PMR4-KB16PM,2500959,6899b8c5c7199b12d8c5881b1b4107ca,2023-10-18T12:00:00+0200,2023-10-18T12:00:00+0200,media,unclassified,,,,,
3638,PMR4-KB16PM,2500960,3110e7cf8d84b53d2a5f325f8bc0f917,2023-10-19T12:00:00+0200,2023-10-19T12:00:00+0200,media,unclassified,,,,,
3639,PMR4-KB16PM,2500961,bf3877657e4f4599d10d78124ddbca3b,2023-10-20T12:00:00+0200,2023-10-20T12:00:00+0200,media,unclassified,,,,,
3640,PMR4-KB16PM,2500962,8c2e6f9482bab5df2f557f98fe61bbf9,2023-10-21T12:00:00+0200,2023-10-21T12:00:00+0200,media,unclassified,,,,,
3641,PMR4-KB16PM,2500963,582e875cd640df3e1256984c085cc0ea,2023-10-22T12:00:00+0200,2023-10-22T12:00:00+0200,media,unclassified,,,,,
3642,PMR4-KB16PM,2500964,8cd037536dae58530e88ef7e4ba50870,2023-10-23T12:00:00+0200,2023-10-23T12:00:00+0200,media,unclassified,,,,,
3643,PMR4-KB16PM,2500965,f10a285aeb2e69ae72eb899e29915079,2023-10-23T18:46:46+0200,2023-10-23T18:46:46+0200,media,animal,,Lepus timidus,1,human,2023-11-23T15:06:38+0000
3644,PMR4-KB16PM,2500966,a4e4051a97fa3dc99a41abb6ce68ef22,2023-10-24T12:00:00+0200,2023-10-24T12:00:00+0200,media,unclassified,,,,,
3645,PMR4-KB16PM,2500967,dc3ded11a083d4ff2f37f21cd8d4b7d5,2023-10-24T14:07:28+0200,2023-10-24T14:07:28+0200,media,animal,,Sciurus vulgaris,1,human,2023-11-23T15:08:20+0000
3646,PMR4-KB16PM,2500968,9b3d3d0e6ded70ad9ddbe87e56ecf8ca,2023-10-25T12:00:00+0200,2023-10-25T12:00:00+0200,media,unclassified,,,,,
3647,PMR4-KB16PM,2500969,3f061558132df13e46a198857ea189ec,2023-10-26T12:00:00+0200,2023-10-26T12:00:00+0200,media,unclassified,,,,,
3648,PMR4-KB16PM,2500970,c51fb00e4b67f4f1f445649be73b4fda,2023-10-27T12:00:00+0200,2023-10-27T12:00:00+0200,media,unclassified,,,,,
3649,PMR4-KB16PM,2500971,80ddd39b12067b710b5114c9e0c2fac4,2023-10-28T12:00:00+0200,2023-10-28T12:00:00+0200,media,unclassified,,,,,
3650,PMR4-KB16PM,2500972,c4d6175bcae0c848aafd47aab5c24a75,2023-10-29T12:00:00+0100,2023-10-29T12:00:00+0100,media,unclassified,,,,,
3651,PMR4-KB16PM,2500973,334d984ef517a84d5dd79154b65f9856,2023-10-30T12:00:00+0100,2023-10-30T12:00:00+0100,media,unclassified,,,,,
3652,PMR4-KB16PM,2500974,a801cf337ca9103669bdad2ea9a4d8a5,2023-10-31T12:00:00+0100,2023-10-31T12:00:00+0100,media,unclassified,,,,,
3653,PMR4-KB16PM,2500975,3ec2dc940dd0e15b4b4f22c77d679892,2023-11-01T12:00:00+0100,2023-11-01T12:00:00+0100,media,unclassified,,,,,
3654,PMR4-KB16PM,2500976,a74a485ac10146f8c06697fd14f4c5b1,2023-11-02T12:00:00+0100,2023-11-02T12:00:00+0100,media,unclassified,,,,,
3655,PMR4-KB16PM,2500977,f2c966ba9616e15da0760f9d882af5b8,2023-11-03T12:00:00+0100,2023-11-03T12:00:00+0100,media,unclassified,,,,,
3656,PMR4-KB16PM,2500978,ffcfd4c5b1da2efdcf7bb0aafad1f8af,2023-11-03T12:46:20+0100,2023-11-03T12:46:20+0100,media,human,setup,Homo sapiens,1,human,2023-11-23T15:34:38+0000
3657,PMR4-KB16PM,2500979,ffcfd4c5b1da2efdcf7bb0aafad1f8af,2023-11-03T12:46:32+0100,2023-11-03T12:46:32+0100,media,human,setup,Homo sapiens,2,human,2023-11-23T15:34:50+0000
3658,PMR4-KB16PM,2500980,ffcfd4c5b1da2efdcf7bb0aafad1f8af,2023-11-03T12:46:48+0100,2023-11-03T12:46:48+0100,media,human,setup,Homo sapiens,1,human,2023-11-23T15:35:07+0000
3659,PMR4-KB17PM,2500981,8e6e460a46e9b171a93f3484604aaf3b,2023-10-02T18:06:14+0200,2023-10-02T18:06:14+0200,media,human,setup,Homo sapiens,1,human,2023-11-20T15:14:55+0000
3660,PMR4-KB17PM,2500982,8e6e460a46e9b171a93f3484604aaf3b,2023-10-02T18:06:24+0200,2023-10-02T18:06:24+0200,media,human,setup,Homo sapiens,1,human,2023-11-20T15:14:55+0000
3661,PMR4-KB17PM,2500983,b41b13997f61fd572d98b4bcc6a38276,2023-10-02T19:38:32+0200,2023-10-02T19:38:32+0200,media,animal,,Martes martes,1,human,2023-11-20T15:15:43+0000
3662,PMR4-KB17PM,2500984,b41b13997f61fd572d98b4bcc6a38276,2023-10-02T19:38:44+0200,2023-10-02T19:38:44+0200,media,animal,,Martes martes,1,human,2023-11-20T15:15:43+0000
3663,PMR4-KB17PM,2500985,ad687eb62d981ae2b8993d5f32c6d7f5,2023-10-03T12:00:00+0200,2023-10-03T12:00:00+0200,media,unclassified,,,,,
3664,PMR4-KB17PM,2500986,3806b6ffce956fa4bbd2ffb129629274,2023-10-04T12:00:00+0200,2023-10-04T12:00:00+0200,media,unclassified,,,,,
3665,PMR4-KB17PM,2500987,cffe66db7a8329d841c40ba4e48c05d9,2023-10-05T12:00:00+0200,2023-10-05T12:00:00+0200,media,unclassified,,,,,
3666,PMR4-KB17PM,2500988,13166cd2ddf46a9706b5e88d7689a91f,2023-10-06T12:00:00+0200,2023-10-06T12:00:00+0200,media,unclassified,,,,,
3667,PMR4-KB17PM,2500989,7b5bedb7ff7a8bf25cdf9d2bbf765ab6,2023-10-07T12:00:00+0200,2023-10-07T12:00:00+0200,media,unclassified,,,,,
3668,PMR4-KB17PM,2500990,986c41e8cc551148b97385d344d27356,2023-10-08T12:00:00+0200,2023-10-08T12:00:00+0200,media,unclassified,,,,,
3669,PMR4-KB17PM,2500991,496b9ac6c4da7526ede6b857903c0d11,2023-10-09T12:00:00+0200,2023-10-09T12:00:00+0200,media,unclassified,,,,,
3670,PMR4-KB17PM,2500992,352238060877916fd977b99cda4d9a62,2023-10-10T12:00:00+0200,2023-10-10T12:00:00+0200,media,unclassified,,,,,
3671,PMR4-KB17PM,2500993,fc4b6cd585faaae6f7a42d7c6d7ff630,2023-10-11T12:00:00+0200,2023-10-11T12:00:00+0200,media,unclassified,,,,,
3672,PMR4-KB17PM,2500994,2c1fe41464b27b0abd5ee7ebbf24f652,2023-10-12T12:00:00+0200,2023-10-12T12:00:00+0200,media,unclassified,,,,,
3673,PMR4-KB17PM,2500995,05d41aa8b013e4599944fbaebe4aa5a0,2023-10-13T12:00:00+0200,2023-10-13T12:00:00+0200,media,unclassified,,,,,
3674,PMR4-KB17PM,2500996,c41d44b832a038e10a4163186194b9dc,2023-10-14T12:00:00+0200,2023-10-14T12:00:00+0200,media,unclassified,,,,,
3675,PMR4-KB17PM,2500997,f511cdce285d8c273f4c43005dbcf93e,2023-10-15T12:00:00+0200,2023-10-15T12:00:00+0200,media,unclassified,,,,,
3676,PMR4-KB17PM,2500998,041f7794ec1c5efcd22ad100532b9e49,2023-10-16T12:00:00+0200,2023-10-16T12:00:00+0200,media,unclassified,,,,,
3677,PMR4-KB17PM,2500999,2595065cb8e84fcb8d6a2629d8cc0cca,2023-10-17T12:00:00+0200,2023-10-17T12:00:00+0200,media,unclassified,,,,,
3678,PMR4-KB17PM,2501000,74d62ff627e81a9424c8bbf625640dc3,2023-10-18T12:00:00+0200,2023-10-18T12:00:00+0200,media,unclassified,,,,,
3679,PMR4-KB17PM,2501001,e8b4f274bb67a705e49a0755322d989b,2023-10-19T12:00:00+0200,2023-10-19T12:00:00+0200,media,unclassified,,,,,
3680,PMR4-KB17PM,2501002,5e66761cf6a93a5df6f7fb81d0a2b6b2,2023-10-20T12:00:00+0200,2023-10-20T12:00:00+0200,media,unclassified,,,,,
3681,PMR4-KB17PM,2501003,52acc1c060d6243dcd29329ef6a2c62c,2023-10-21T12:00:00+0200,2023-10-21T12:00:00+0200,media,unclassified,,,,,
3682,PMR4-KB17PM,2501004,d0205f9ec0394766ffbc663baeaec85c,2023-10-22T12:00:00+0200,2023-10-22T12:00:00+0200,media,unclassified,,,,,
3683,PMR4-KB17PM,2501005,4c060408a85164304f7df03c599c9db0,2023-10-23T12:00:00+0200,2023-10-23T12:00:00+0200,media,unclassified,,,,,
3684,PMR4-KB17PM,2501006,30b7302de9ae1696a546291d34d273e7,2023-10-24T12:00:00+0200,2023-10-24T12:00:00+0200,media,unclassified,,,,,
3685,PMR4-KB17PM,2501007,c9e19353659e48e8e8972ce6433548a1,2023-10-25T12:00:00+0200,2023-10-25T12:00:00+0200,media,unclassified,,,,,
3686,PMR4-KB17PM,2501008,6ea38b9a75c2a112b7860fa8f03e8b2b,2023-10-26T12:00:00+0200,2023-10-26T12:00:00+0200,media,unclassified,,,,,
3687,PMR4-KB17PM,2501009,fd2eaa6d66f00c8091d14b435098e4aa,2023-10-27T12:00:00+0200,2023-10-27T12:00:00+0200,media,unclassified,,,,,
3688,PMR4-KB17PM,2501010,6c3fc9cb27e0157e6058afdb40251496,2023-10-28T12:00:00+0200,2023-10-28T12:00:00+0200,media,unclassified,,,,,
3689,PMR4-KB17PM,2501011,b8e6b786398651ef3bdcce6ffaa879e0,2023-10-29T12:00:00+0100,2023-10-29T12:00:00+0100,media,unclassified,,,,,
3690,PMR4-KB17PM,2501012,53aa9f5956fde84832bb4b24f8d4d386,2023-10-30T12:00:00+0100,2023-10-30T12:00:00+0100,media,unclassified,,,,,
3691,PMR4-KB17PM,2501013,b10bbd151e3bb71004cff5300259b077,2023-10-31T12:00:00+0100,2023-10-31T12:00:00+0100,media,unclassified,,,,,
3692,PMR4-KB17PM,2501014,9da9588a6b42ae6aa448c39a2b8362e0,2023-11-01T12:00:00+0100,2023-11-01T12:00:00+0100,media,unclassified,,,,,
3693,PMR4-KB17PM,2501015,da46dc33a1563578b024cc3e53769771,2023-11-02T12:00:00+0100,2023-11-02T12:00:00+0100,media,unclassified,,,,,
3694,PMR4-KB17PM,2501016,2ff2de9e5aa7f1eaec168679ea9e59d5,2023-11-02T15:44:32+0100,2023-11-02T15:44:32+0100,media,human,setup,Homo sapiens,1,human,2023-11-23T15:30:27+0000
3695,PMR4-KB17PM,2501017,2ff2de9e5aa7f1eaec168679ea9e59d5,2023-11-02T15:44:44+0100,2023-11-02T15:44:44+0100,media,human,setup,Homo sapiens,1,human,2023-11-23T15:30:27+0000
3696,PMR4-KB18PM,2501018,932538def14ee07f2f3510c0ad366993,2023-10-06T14:50:28+0200,2023-10-06T14:50:28+0200,media,human,setup,Homo sapiens,1,human,2023-11-20T15:43:01+0000
3697,PMR4-KB18PM,2501019,932538def14ee07f2f3510c0ad366993,2023-10-06T14:52:50+0200,2023-10-06T14:52:50+0200,media,human,setup,Homo sapiens,1,human,2023-11-20T15:43:01+0000
3698,PMR4-KB18PM,2501020,932538def14ee07f2f3510c0ad366993,2023-10-06T14:53:02+0200,2023-10-06T14:53:02+0200,media,human,setup,Homo sapiens,1,human,2023-11-20T15:43:01+0000
3699,PMR4-KB18PM,2501021,932538def14ee07f2f3510c0ad366993,2023-10-06T14:56:00+0200,2023-10-06T14:56:00+0200,media,human,setup,Homo sapiens,1,human,2023-11-20T15:43:01+0000
3700,PMR4-KB18PM,2501022,5cba1c24bc6ee1a8f12bd86856bce816,2023-10-07T12:00:00+0200,2023-10-07T12:00:00+0200,media,unclassified,,,,,
3701,PMR4-KB18PM,2501023,39ad9de92175efbb552c2db814148258,2023-10-08T12:00:00+0200,2023-10-08T12:00:00+0200,media,unclassified,,,,,
3702,PMR4-KB18PM,2501024,499e045c8801dfb6be995ce8d8dd8cad,2023-10-08T13:40:04+0200,2023-10-08T13:40:04+0200,media,blank,,,,human,2023-11-20T15:49:07+0000
3703,PMR4-KB18PM,2501025,ca6b4f810b3eb1b7edd5bfdce85a8fde,2023-10-09T12:00:00+0200,2023-10-09T12:00:00+0200,media,unclassified,,,,,
3704,PMR4-KB18PM,2501026,05b10350f4a41691b85c86f03851e8f8,2023-10-10T12:00:00+0200,2023-10-10T12:00:00+0200,media,unclassified,,,,,
3705,PMR4-KB18PM,2501027,ed805f6b4f191523131594f2b560c6b3,2023-10-11T12:00:00+0200,2023-10-11T12:00:00+0200,media,unclassified,,,,,
3706,PMR4-KB18PM,2501028,5f0e1da60bf1ddd1cf9390edaed11b72,2023-10-12T12:00:00+0200,2023-10-12T12:00:00+0200,media,unclassified,,,,,
3707,PMR4-KB18PM,2501029,5706b66ed67299523b3d67ca37ea241d,2023-10-13T12:00:00+0200,2023-10-13T12:00:00+0200,media,unclassified,,,,,
3708,PMR4-KB18PM,2501030,f080da417e522dab870a4dc7d5250b83,2023-10-14T12:00:00+0200,2023-10-14T12:00:00+0200,media,unclassified,,,,,
3709,PMR4-KB18PM,2501031,571157259fdd789500ffe93be7cf3af1,2023-10-15T12:00:00+0200,2023-10-15T12:00:00+0200,media,unclassified,,,,,
3710,PMR4-KB18PM,2501032,d023e939c9e6ce1db295b7ff52754cd6,2023-10-16T12:00:00+0200,2023-10-16T12:00:00+0200,media,unclassified,,,,,
3711,PMR4-KB18PM,2501033,c4b5c9c34a05773466e14a57ac1d4d73,2023-10-17T12:00:00+0200,2023-10-17T12:00:00+0200,media,unclassified,,,,,
3712,PMR4-KB18PM,2501034,898776bd9dc042454090fc9102cad82c,2023-10-18T12:00:00+0200,2023-10-18T12:00:00+0200,media,unclassified,,,,,
3713,PMR4-KB18PM,2501035,708b48c2b1a3db97a936eec659c4ffd9,2023-10-19T12:00:00+0200,2023-10-19T12:00:00+0200,media,unclassified,,,,,
3714,PMR4-KB18PM,2501036,2bb1b5c1ea632fb2e86c23357b4e4d5d,2023-10-20T12:00:00+0200,2023-10-20T12:00:00+0200,media,unclassified,,,,,
3715,PMR4-KB18PM,2501037,f932e5081e7a57e61cfdb2a2f711118b,2023-10-21T12:00:00+0200,2023-10-21T12:00:00+0200,media,unclassified,,,,,
3716,PMR4-KB18PM,2501038,a54622b150deb3ec0e9ce3e27ecc1c89,2023-10-22T12:00:00+0200,2023-10-22T12:00:00+0200,media,unclassified,,,,,
3717,PMR4-KB18PM,2501039,e2d8f2ab5b5e01c68458a68ae88a9753,2023-10-23T12:00:00+0200,2023-10-23T12:00:00+0200,media,unclassified,,,,,
3718,PMR4-KB18PM,2501040,b40e09e517f415e53182da4e411df860,2023-10-24T12:00:00+0200,2023-10-24T12:00:00+0200,media,unclassified,,,,,
3719,PMR4-KB18PM,2501041,a67d97fa478c538da899af39405f2caf,2023-10-25T12:00:00+0200,2023-10-25T12:00:00+0200,media,unclassified,,,,,
3720,PMR4-KB18PM,2501042,704d6e8f0dc3878c6be024e019e193af,2023-10-26T12:00:00+0200,2023-10-26T12:00:00+0200,media,unclassified,,,,,
3721,PMR4-KB18PM,2501043,f88b2e70954fb3c4c52568bca8ffff87,2023-10-27T12:00:00+0200,2023-10-27T12:00:00+0200,media,unclassified,,,,,
3722,PMR4-KB18PM,2501044,2c945cf57a69ccf94799153db496706f,2023-10-28T12:00:00+0200,2023-10-28T12:00:00+0200,media,unclassified,,,,,
3723,PMR4-KB18PM,2501045,9c5b8fc4c9103b2faf6adf1dbb53ca85,2023-10-29T12:00:00+0100,2023-10-29T12:00:00+0100,media,unclassified,,,,,
3724,PMR4-KB18PM,2501046,7d2c636e55121c04b5956bcfe1d9a6b8,2023-10-30T12:00:00+0100,2023-10-30T12:00:00+0100,media,unclassified,,,,,
3725,PMR4-KB18PM,2501047,fa62a32ef634953aa8e7fe8dd553bb47,2023-10-31T12:00:00+0100,2023-10-31T12:00:00+0100,media,unclassified,,,,,
3726,PMR4-KB18PM,2501048,a7fd0f724b3dd8899891ad7a4b23a816,2023-10-31T13:01:46+0100,2023-10-31T13:01:46+0100,media,animal,,Canis familiaris,1,human,2023-11-23T15:17:51+0000
3727,PMR4-KB18PM,2501049,a7fd0f724b3dd8899891ad7a4b23a816,2023-10-31T13:04:46+0100,2023-10-31T13:04:46+0100,media,animal,,Canis familiaris,1,human,2023-11-23T15:17:51+0000
3728,PMR4-KB18PM,2501050,50c99e9f636e6f9e16c05a15106576ee,2023-11-01T12:00:00+0100,2023-11-01T12:00:00+0100,media,unclassified,,,,,
3729,PMR4-KB18PM,2501051,a08de7a3d745d38f33a6aeec49fa39e5,2023-11-02T12:00:00+0100,2023-11-02T12:00:00+0100,media,unclassified,,,,,
3730,PMR4-KB18PM,2501052,d9aa19d9de989a3ff1892fd8143a98dd,2023-11-02T13:06:02+0100,2023-11-02T13:06:02+0100,media,blank,setup,,,human,2023-11-23T15:23:47+0000
3731,PMR4-KB18PM,2501053,d9aa19d9de989a3ff1892fd8143a98dd,2023-11-02T13:06:36+0100,2023-11-02T13:06:36+0100,media,blank,setup,,,human,2023-11-23T15:23:47+0000
3732,PMR4-KB18PM,2501054,d9aa19d9de989a3ff1892fd8143a98dd,2023-11-02T13:06:44+0100,2023-11-02T13:06:44+0100,media,human,setup,Homo sapiens,1,human,2023-11-23T15:24:00+0000
3733,PMR4-KB19PM,2501055,0813bc97cda9b4404ba475e7b9245c64,2023-10-04T17:53:34+0200,2023-10-04T17:53:34+0200,media,human,setup,Homo sapiens,1,human,2023-11-20T15:27:30+0000
3734,PMR4-KB19PM,2501056,0813bc97cda9b4404ba475e7b9245c64,2023-10-04T17:53:50+0200,2023-10-04T17:53:50+0200,media,human,setup,Homo sapiens,1,human,2023-11-20T15:27:30+0000
3735,PMR4-KB19PM,2501057,0813bc97cda9b4404ba475e7b9245c64,2023-10-04T17:54:04+0200,2023-10-04T17:54:04+0200,media,human,setup,Homo sapiens,1,human,2023-11-20T15:27:30+0000
3736,PMR4-KB19PM,2501058,0813bc97cda9b4404ba475e7b9245c64,2023-10-04T17:54:14+0200,2023-10-04T17:54:14+0200,media,human,setup,Homo sapiens,1,human,2023-11-20T15:27:30+0000
3737,PMR4-KB19PM,2501059,0813bc97cda9b4404ba475e7b9245c64,2023-10-04T17:54:24+0200,2023-10-04T17:54:24+0200,media,human,setup,Homo sapiens,1,human,2023-11-20T15:27:30+0000
3738,PMR4-KB19PM,2501060,0813bc97cda9b4404ba475e7b9245c64,2023-10-04T17:57:02+0200,2023-10-04T17:57:02+0200,media,human,setup,Homo sapiens,1,human,2023-11-20T15:27:30+0000
3739,PMR4-KB19PM,2501061,0813bc97cda9b4404ba475e7b9245c64,2023-10-04T17:57:12+0200,2023-10-04T17:57:12+0200,media,human,setup,Homo sapiens,1,human,2023-11-20T15:27:30+0000
3740,PMR4-KB19PM,2501062,0813bc97cda9b4404ba475e7b9245c64,2023-10-04T17:57:20+0200,2023-10-04T17:57:20+0200,media,human,setup,Homo sapiens,1,human,2023-11-20T15:27:30+0000
3741,PMR4-KB19PM,2501063,0813bc97cda9b4404ba475e7b9245c64,2023-10-04T17:57:34+0200,2023-10-04T17:57:34+0200,media,human,setup,Homo sapiens,1,human,2023-11-20T15:27:30+0000
3742,PMR4-KB19PM,2501064,a8b2254ed2ba5f900f42948efe81b501,2023-10-05T12:00:00+0200,2023-10-05T12:00:00+0200,media,unclassified,,,,,
3743,PMR4-KB19PM,2501065,b8f60c17e7bb0acfe1dede401699b58c,2023-10-06T12:00:00+0200,2023-10-06T12:00:00+0200,media,unclassified,,,,,
3744,PMR4-KB19PM,2501066,5f7577ec2484a94ee3b7009bed91cdd9,2023-10-07T12:00:00+0200,2023-10-07T12:00:00+0200,media,unclassified,,,,,
3745,PMR4-KB19PM,2501067,000653a8de06c6caa7482950d65ce806,2023-10-08T12:00:00+0200,2023-10-08T12:00:00+0200,media,unclassified,,,,,
3746,PMR4-KB19PM,2501068,f810a8c4895a659246b13679123f35b9,2023-10-09T12:00:00+0200,2023-10-09T12:00:00+0200,media,unclassified,,,,,
3747,PMR4-KB19PM,2501069,9acfbe409f162e8f8fa5e98ca7ac00bd,2023-10-10T12:00:00+0200,2023-10-10T12:00:00+0200,media,unclassified,,,,,
3748,PMR4-KB19PM,2501070,a2acb182e5d06ca51539a9de5d1ab15e,2023-10-11T12:00:00+0200,2023-10-11T12:00:00+0200,media,unclassified,,,,,
3749,PMR4-KB19PM,2501071,007efcdaff20cb539f9c3a55c443c610,2023-10-12T12:00:00+0200,2023-10-12T12:00:00+0200,media,unclassified,,,,,
3750,PMR4-KB19PM,2501072,7d709bbd9c9d18d391b8475bd858de7b,2023-10-13T09:10:12+0200,2023-10-13T09:10:12+0200,media,unclassified,,,,,
3751,PMR4-KB19PM,2501073,349e95f7278334a21f66dfc903808eb7,2023-10-13T12:00:00+0200,2023-10-13T12:00:00+0200,media,unclassified,,,,,
3752,PMR4-KB19PM,2501074,c8a783fcfa1d8642f63de019c2452bd5,2023-10-14T12:00:00+0200,2023-10-14T12:00:00+0200,media,unclassified,,,,,
3753,PMR4-KB19PM,2501075,74f171b7e66eb5782a2d354df4cd2cc0,2023-10-15T12:00:00+0200,2023-10-15T12:00:00+0200,media,unclassified,,,,,
3754,PMR4-KB19PM,2501076,1b7b001e50082ca1754d57a925e8b610,2023-10-16T03:25:34+0200,2023-10-16T03:25:34+0200,media,animal,,Myodes glareolus,1,human,2023-11-22T14:53:52+0000
3755,PMR4-KB19PM,2501077,1b7b001e50082ca1754d57a925e8b610,2023-10-16T03:26:24+0200,2023-10-16T03:26:24+0200,media,animal,,Myodes glareolus,1,human,2023-11-22T14:53:52+0000
3756,PMR4-KB19PM,2501078,31f3c09e29beabf96f0a1759583c1de1,2023-10-16T12:00:00+0200,2023-10-16T12:00:00+0200,media,unclassified,,,,,
3757,PMR4-KB19PM,2501079,b914d25047c64ea4a02caea56058322d,2023-10-17T01:01:44+0200,2023-10-17T01:01:44+0200,media,animal,,Myodes glareolus,1,human,2023-11-22T14:57:48+0000
3758,PMR4-KB19PM,2501080,733adbd478c93858765e671aad5cccf2,2023-10-17T02:17:04+0200,2023-10-17T02:17:04+0200,media,animal,,Myodes glareolus,1,human,2023-11-22T14:59:05+0000
3759,PMR4-KB19PM,2501081,67e91f42042a9746afbf14b632c6822c,2023-10-17T04:55:20+0200,2023-10-17T04:55:20+0200,media,animal,,Myodes glareolus,1,human,2023-11-22T14:59:13+0000
3760,PMR4-KB19PM,2501082,a68cab67985734d0ff0bb338d659541c,2023-10-17T12:00:00+0200,2023-10-17T12:00:00+0200,media,unclassified,,,,,
3761,PMR4-KB19PM,2501083,e7416825899c175afbb279a84c65e6bc,2023-10-18T12:00:00+0200,2023-10-18T12:00:00+0200,media,unclassified,,,,,
3762,PMR4-KB19PM,2501084,e993e9cfcf7d4e0e9058b30a71cc545b,2023-10-18T21:36:54+0200,2023-10-18T21:36:54+0200,media,animal,,Myodes glareolus,1,human,2023-11-22T16:08:20+0000
3763,PMR4-KB19PM,2501085,ab5426a444e0d10ca756b6daf467ba9f,2023-10-19T07:55:50+0200,2023-10-19T07:55:50+0200,media,animal,,Myodes glareolus,1,human,2023-11-22T16:08:29+0000
3764,PMR4-KB19PM,2501086,401c611b6be392dd1ac8a457b3c6d097,2023-10-19T12:00:00+0200,2023-10-19T12:00:00+0200,media,unclassified,,,,,
3765,PMR4-KB19PM,2501087,608f95f179bb4608627dcad7a090e75a,2023-10-20T08:22:50+0200,2023-10-20T08:22:50+0200,media,animal,,Myodes glareolus,1,human,2023-11-22T16:47:19+0000
3766,PMR4-KB19PM,2501088,608f95f179bb4608627dcad7a090e75a,2023-10-20T08:24:20+0200,2023-10-20T08:24:20+0200,media,animal,,Myodes glareolus,1,human,2023-11-22T16:47:19+0000
3767,PMR4-KB19PM,2501089,df785f8315e49f9026bdb06a575889c5,2023-10-20T12:00:00+0200,2023-10-20T12:00:00+0200,media,unclassified,,,,,
3768,PMR4-KB19PM,2501090,7a2294987429dea62f6f92423a00c601,2023-10-21T12:00:00+0200,2023-10-21T12:00:00+0200,media,unclassified,,,,,
3769,PMR4-KB19PM,2501091,dd9fd06763ec6154c1d89a15d2544814,2023-10-22T12:00:00+0200,2023-10-22T12:00:00+0200,media,unclassified,,,,,
3770,PMR4-KB19PM,2501092,1251443789495f6d1a92d883df1165c2,2023-10-23T12:00:00+0200,2023-10-23T12:00:00+0200,media,unclassified,,,,,
3771,PMR4-KB19PM,2501093,8fffa6d45cb7a78fd2e1a6ad4bc76c23,2023-10-24T12:00:00+0200,2023-10-24T12:00:00+0200,media,unclassified,,,,,
3772,PMR4-KB19PM,2501094,05245666c6d2db4ab78d944639369f68,2023-10-24T21:00:24+0200,2023-10-24T21:00:24+0200,media,animal,,Myodes glareolus,1,human,2023-11-23T15:08:36+0000
3773,PMR4-KB19PM,2501095,0b33cdf7005258c11cd40e1a897cc26b,2023-10-25T12:00:00+0200,2023-10-25T12:00:00+0200,media,unclassified,,,,,
3774,PMR4-KB19PM,2501096,b8858f52aefaa8d888027e692bd322e5,2023-10-26T06:02:16+0200,2023-10-26T06:02:16+0200,media,animal,,Martes martes,1,human,2023-11-23T15:10:27+0000
3775,PMR4-KB19PM,2501097,b8858f52aefaa8d888027e692bd322e5,2023-10-26T06:02:30+0200,2023-10-26T06:02:30+0200,media,animal,,Martes martes,1,human,2023-11-23T15:10:27+0000
3776,PMR4-KB19PM,2501098,b8858f52aefaa8d888027e692bd322e5,2023-10-26T06:02:36+0200,2023-10-26T06:02:36+0200,media,animal,,Martes martes,1,human,2023-11-23T15:10:27+0000
3777,PMR4-KB19PM,2501099,b8858f52aefaa8d888027e692bd322e5,2023-10-26T06:02:44+0200,2023-10-26T06:02:44+0200,media,animal,,Martes martes,1,human,2023-11-23T15:10:27+0000
3778,PMR4-KB19PM,2501100,4917480f251f05817f42ec756b4ff17a,2023-10-26T12:00:00+0200,2023-10-26T12:00:00+0200,media,unclassified,,,,,
3779,PMR4-KB19PM,2501101,6c2d81417b90244069e485b818cd61eb,2023-10-27T12:00:00+0200,2023-10-27T12:00:00+0200,media,unclassified,,,,,
3780,PMR4-KB19PM,2501102,6a835793f383b4ff7a8efa3ceceae56b,2023-10-27T23:42:44+0200,2023-10-27T23:42:44+0200,media,animal,,Myodes glareolus,1,human,2023-11-23T15:14:19+0000
3781,PMR4-KB19PM,2501103,8080205a74a126a22f0ef79e462fab87,2023-10-28T12:00:00+0200,2023-10-28T12:00:00+0200,media,unclassified,,,,,
3782,PMR4-KB19PM,2501104,7f6e46f1fff481b76b631821978fb39e,2023-10-28T18:26:54+0200,2023-10-28T18:26:54+0200,media,animal,,Myodes glareolus,1,human,2023-11-23T15:16:21+0000
3783,PMR4-KB19PM,2501105,0f59104798031fa028c7f5bfa23c269e,2023-10-29T12:00:00+0100,2023-10-29T12:00:00+0100,media,unclassified,,,,,
3784,PMR4-KB19PM,2501106,de38d94a676c47046017618a4eec0c90,2023-10-30T12:00:00+0100,2023-10-30T12:00:00+0100,media,unclassified,,,,,
3785,PMR4-KB19PM,2501107,183cf984c04275412e61aaa6a7e34816,2023-10-31T12:00:00+0100,2023-10-31T12:00:00+0100,media,unclassified,,,,,
3786,PMR4-KB19PM,2501108,237c3bb5cb83704e7b43c913315b6fb3,2023-11-01T12:00:00+0100,2023-11-01T12:00:00+0100,media,unclassified,,,,,
3787,PMR4-KB19PM,2501109,3a221966343adb399edcf4ab768ddfec,2023-11-02T12:00:00+0100,2023-11-02T12:00:00+0100,media,unclassified,,,,,
3788,PMR4-KB19PM,2501110,07ae7db27712a6caed4923eb4d175334,2023-11-02T14:30:32+0100,2023-11-02T14:30:32+0100,media,human,setup,Homo sapiens,1,human,2023-11-23T15:27:15+0000
3789,PMR4-KB20PM,2501111,66e1f4cf4609f53928ffe45577d051cf,2023-10-04T15:17:16+0200,2023-10-04T15:17:16+0200,media,human,setup,Homo sapiens,1,human,2023-11-20T15:26:29+0000
3790,PMR4-KB20PM,2501112,66e1f4cf4609f53928ffe45577d051cf,2023-10-04T15:17:26+0200,2023-10-04T15:17:26+0200,media,human,setup,Homo sapiens,1,human,2023-11-20T15:26:29+0000
3791,PMR4-KB20PM,2501113,66e1f4cf4609f53928ffe45577d051cf,2023-10-04T15:17:32+0200,2023-10-04T15:17:32+0200,media,human,setup,Homo sapiens,1,human,2023-11-20T15:26:29+0000
3792,PMR4-KB20PM,2501114,66e1f4cf4609f53928ffe45577d051cf,2023-10-04T15:17:44+0200,2023-10-04T15:17:44+0200,media,human,setup,Homo sapiens,1,human,2023-11-20T15:26:29+0000
3793,PMR4-KB20PM,2501115,a50bcf7db48298eadd752b6da6688a10,2023-10-05T12:00:00+0200,2023-10-05T12:00:00+0200,media,unclassified,,,,,
3794,PMR4-KB20PM,2501116,aff52bff1183ae5e0ef6a0ac6091a3b4,2023-10-06T12:00:00+0200,2023-10-06T12:00:00+0200,media,unclassified,,,,,
3795,PMR4-KB20PM,2501117,a2f0ec2f58733a729465d49dc10cfc00,2023-10-07T12:00:00+0200,2023-10-07T12:00:00+0200,media,unclassified,,,,,
3796,PMR4-KB20PM,2501118,24d3fc40b28d77fbcf36991a4c9c44a9,2023-10-08T12:00:00+0200,2023-10-08T12:00:00+0200,media,unclassified,,,,,
3797,PMR4-KB20PM,2501119,7ffc4c39cda8830d1af0eddfea9a2aa5,2023-10-09T12:00:00+0200,2023-10-09T12:00:00+0200,media,unclassified,,,,,
3798,PMR4-KB20PM,2501120,04b24bfd81812f94b5abd297e9f3aa90,2023-10-10T12:00:00+0200,2023-10-10T12:00:00+0200,media,unclassified,,,,,
3799,PMR4-KB20PM,2501121,1ceead1bf9b18c78469d2d4419609bdb,2023-10-11T12:00:00+0200,2023-10-11T12:00:00+0200,media,unclassified,,,,,
3800,PMR4-KB20PM,2501122,506eda80261ce83eebc30029ef432406,2023-10-12T12:00:00+0200,2023-10-12T12:00:00+0200,media,unclassified,,,,,
3801,PMR4-KB20PM,2501123,7dee0ea77519d29440662b89543c0458,2023-10-13T12:00:00+0200,2023-10-13T12:00:00+0200,media,unclassified,,,,,
3802,PMR4-KB20PM,2501124,61149a2bda8fbd5256c2022c9d7e0731,2023-10-14T12:00:00+0200,2023-10-14T12:00:00+0200,media,unclassified,,,,,
3803,PMR4-KB20PM,2501125,7575116389c750c9675e45fcb4fe6f13,2023-10-15T12:00:00+0200,2023-10-15T12:00:00+0200,media,unclassified,,,,,
3804,PMR4-KB20PM,2501126,9831bebc2027f9f67556062f693dfd87,2023-10-16T12:00:00+0200,2023-10-16T12:00:00+0200,media,unclassified,,,,,
3805,PMR4-KB20PM,2501127,0f17a1b385ac1eba6378fdd566061b36,2023-10-17T12:00:00+0200,2023-10-17T12:00:00+0200,media,unclassified,,,,,
3806,PMR4-KB20PM,2501128,6da3b16bdcf8f10a335f6ccaca98ed59,2023-10-18T12:00:00+0200,2023-10-18T12:00:00+0200,media,unclassified,,,,,
3807,PMR4-KB20PM,2501129,b408a125418a614e5f162177885ad2c3,2023-10-19T12:00:00+0200,2023-10-19T12:00:00+0200,media,unclassified,,,,,
3808,PMR4-KB20PM,2501130,d69f1d76f5c60713b7bb69cd32641bc5,2023-10-20T12:00:00+0200,2023-10-20T12:00:00+0200,media,unclassified,,,,,
3809,PMR4-KB20PM,2501131,dfd77f27e36876edc26e0e9fb47dfac9,2023-10-21T12:00:00+0200,2023-10-21T12:00:00+0200,media,unclassified,,,,,
3810,PMR4-KB20PM,2501132,11668ecc01d901b8948b6a03bd885c75,2023-10-22T12:00:00+0200,2023-10-22T12:00:00+0200,media,unclassified,,,,,
3811,PMR4-KB20PM,2501133,fbdf1a839ebab263a520b76068aa0ff3,2023-10-23T12:00:00+0200,2023-10-23T12:00:00+0200,media,unclassified,,,,,
3812,PMR4-KB20PM,2501134,7d00da70bc4eb33d64ee86a13242600d,2023-10-24T12:00:00+0200,2023-10-24T12:00:00+0200,media,unclassified,,,,,
3813,PMR4-KB20PM,2501135,24212fee00d193902cacad58cc8a9509,2023-10-25T12:00:00+0200,2023-10-25T12:00:00+0200,media,unclassified,,,,,
3814,PMR4-KB20PM,2501136,6aa3cad24c442028c1fa87fb52c0c61e,2023-10-26T12:00:00+0200,2023-10-26T12:00:00+0200,media,unclassified,,,,,
3815,PMR4-KB20PM,2501137,600c5a39ca4bf9595dfffaaa1ba3c4f9,2023-10-27T12:00:00+0200,2023-10-27T12:00:00+0200,media,unclassified,,,,,
3816,PMR4-KB20PM,2501138,129d6f37aae7f7f45cc59d3fb3f12955,2023-10-28T12:00:00+0200,2023-10-28T12:00:00+0200,media,unclassified,,,,,
3817,PMR4-KB20PM,2501139,7c5cfeea7fbf1f5fa3574a9de67db259,2023-10-29T12:00:00+0100,2023-10-29T12:00:00+0100,media,unclassified,,,,,
3818,PMR4-KB20PM,2501140,7913d7c251c3ef693db36f98e9819a2a,2023-10-30T12:00:00+0100,2023-10-30T12:00:00+0100,media,unclassified,,,,,
3819,PMR4-KB20PM,2501141,3bf776155191b1075125bba5d6f9ef8e,2023-10-31T12:00:00+0100,2023-10-31T12:00:00+0100,media,unclassified,,,,,
3820,PMR4-KB20PM,2501142,0060dc8047f7ff1c5d576f5a039b629a,2023-11-01T12:00:00+0100,2023-11-01T12:00:00+0100,media,unclassified,,,,,
3821,PMR4-KB20PM,2501143,84b0f191d8d9d8ea25ce93bdcae13df9,2023-11-02T11:27:30+0100,2023-11-02T11:27:30+0100,media,human,setup,Homo sapiens,1,human,2023-11-23T15:20:58+0000
3822,PMR4-KB21PM,2501146,4d8b9fb0e03677aabeafd3f2a9ba8026,2023-10-05T12:00:00+0200,2023-10-05T12:00:00+0200,media,unclassified,,,,,
3823,PMR4-KB21PM,2501144,fb076337b6d369efea6ad507e9c943de,2023-10-05T12:23:26+0200,2023-10-05T12:23:26+0200,media,blank,setup,,,human,2023-11-20T15:31:07+0000
3824,PMR4-KB21PM,2501145,fb076337b6d369efea6ad507e9c943de,2023-10-05T12:24:58+0200,2023-10-05T12:24:58+0200,media,human,setup,Homo sapiens,1,human,2023-11-20T15:31:01+0000
3825,PMR4-KB21PM,2501147,d64456690a15eb6882fc0e1374288abf,2023-10-06T05:11:36+0200,2023-10-06T05:11:36+0200,media,animal,,Alces alces,1,human,2023-11-20T15:34:38+0000
3826,PMR4-KB21PM,2501148,256f4cf3b64a0716d3c01774b16ae8d4,2023-10-06T12:00:00+0200,2023-10-06T12:00:00+0200,media,unclassified,,,,,
3827,PMR4-KB21PM,2501149,a717db306a4041ce17aea1f42fe72950,2023-10-07T12:00:00+0200,2023-10-07T12:00:00+0200,media,unclassified,,,,,
3828,PMR4-KB21PM,2501150,53a321c86aaa0eb5ffdb8cc22b51b103,2023-10-08T12:00:00+0200,2023-10-08T12:00:00+0200,media,unclassified,,,,,
3829,PMR4-KB21PM,2501151,f05b93c42b15c2327662c819f57e4322,2023-10-09T12:00:00+0200,2023-10-09T12:00:00+0200,media,unclassified,,,,,
3830,PMR4-KB21PM,2501152,40110b4b9dec3302b93ea72698339052,2023-10-10T12:00:00+0200,2023-10-10T12:00:00+0200,media,unclassified,,,,,
3831,PMR4-KB21PM,2501153,d99277cbcae08846fe4e34ae141187a4,2023-10-11T12:00:00+0200,2023-10-11T12:00:00+0200,media,unclassified,,,,,
3832,PMR4-KB21PM,2501154,baaa700d30074e8c7ca2c67336be6939,2023-10-12T12:00:00+0200,2023-10-12T12:00:00+0200,media,unclassified,,,,,
3833,PMR4-KB21PM,2501155,238409623382c0325c514234ae5d664d,2023-10-13T12:00:00+0200,2023-10-13T12:00:00+0200,media,unclassified,,,,,
3834,PMR4-KB21PM,2501156,96791472b003a6e77c0902866edf1e75,2023-10-14T12:00:00+0200,2023-10-14T12:00:00+0200,media,unclassified,,,,,
3835,PMR4-KB21PM,2501157,05eb2121eacb674d2e2d01cbe00c8bbf,2023-10-15T12:00:00+0200,2023-10-15T12:00:00+0200,media,unclassified,,,,,
3836,PMR4-KB21PM,2501158,b86e6fd10cf244dde45618a06d003370,2023-10-16T12:00:00+0200,2023-10-16T12:00:00+0200,media,unclassified,,,,,
3837,PMR4-KB21PM,2501159,fbdae56cc80a6e6d75147018d12ff606,2023-10-17T12:00:00+0200,2023-10-17T12:00:00+0200,media,unclassified,,,,,
3838,PMR4-KB21PM,2501160,5927acc821d0c849f798b5e16cab124b,2023-10-18T12:00:00+0200,2023-10-18T12:00:00+0200,media,unclassified,,,,,
3839,PMR4-KB21PM,2501161,a5da2ffdebe49051a6c852d86dad64ce,2023-10-19T12:00:00+0200,2023-10-19T12:00:00+0200,media,unclassified,,,,,
3840,PMR4-KB21PM,2501162,6af20d90609d16ef956fb8d13d0e7a9d,2023-10-20T12:00:00+0200,2023-10-20T12:00:00+0200,media,unclassified,,,,,
3841,PMR4-KB21PM,2501163,b645393d6e233dd42caed95d603007ea,2023-10-21T12:00:00+0200,2023-10-21T12:00:00+0200,media,unclassified,,,,,
3842,PMR4-KB21PM,2501164,5c0744b69c2cf8f41f5723bf26343551,2023-10-22T12:00:00+0200,2023-10-22T12:00:00+0200,media,unclassified,,,,,
3843,PMR4-KB21PM,2501165,283c2fc06dcf28595de610b0216c4aea,2023-10-23T11:54:02+0200,2023-10-23T11:54:02+0200,media,blank,,,,human,2023-11-23T13:03:15+0000
3844,PMR4-KB21PM,2501166,20458a2263464a134d366b94c73b7e7a,2023-10-23T12:00:00+0200,2023-10-23T12:00:00+0200,media,unclassified,,,,,
3845,PMR4-KB21PM,2501167,fb9d9fc9d82c445b4150e58f7d398cf7,2023-10-24T12:00:00+0200,2023-10-24T12:00:00+0200,media,unclassified,,,,,
3846,PMR4-KB21PM,2501168,c4011b319ea9a1f1a3ff417e1656189a,2023-10-25T12:00:00+0200,2023-10-25T12:00:00+0200,media,unclassified,,,,,
3847,PMR4-KB21PM,2501169,93711868d75ade9b4e8ac4995af95cbe,2023-10-26T12:00:00+0200,2023-10-26T12:00:00+0200,media,unclassified,,,,,
3848,PMR4-KB21PM,2501170,92f6d09484a747a9a68a7c068d0a223d,2023-10-27T12:00:00+0200,2023-10-27T12:00:00+0200,media,unclassified,,,,,
3849,PMR4-KB21PM,2501171,eb1f36b6c92cd76521d5bd1353271df4,2023-10-28T12:00:00+0200,2023-10-28T12:00:00+0200,media,unclassified,,,,,
3850,PMR4-KB21PM,2501172,52459bf0e5f3705a4988e76d0bdd3dfc,2023-10-29T12:00:00+0100,2023-10-29T12:00:00+0100,media,unclassified,,,,,
3851,PMR4-KB21PM,2501173,9c025443b63548ab12dbdf73463ff05e,2023-10-30T12:00:00+0100,2023-10-30T12:00:00+0100,media,unclassified,,,,,
3852,PMR4-KB21PM,2501174,d1e389eacea1376c5ce8c040cf4743f1,2023-10-31T12:00:00+0100,2023-10-31T12:00:00+0100,media,unclassified,,,,,
3853,PMR4-KB21PM,2501175,aff02c0da75ee6e708752ac9a4a69699,2023-10-31T13:30:48+0100,2023-10-31T13:30:48+0100,media,animal,,Canis familiaris,1,human,2023-11-23T15:18:19+0000
3854,PMR4-KB21PM,2501176,aff02c0da75ee6e708752ac9a4a69699,2023-10-31T13:33:54+0100,2023-10-31T13:33:54+0100,media,animal,,Canis familiaris,1,human,2023-11-23T15:18:19+0000
3855,PMR4-KB21PM,2501177,03a57aee62f560375a5ffd7b0d9f4d22,2023-11-01T12:00:00+0100,2023-11-01T12:00:00+0100,media,unclassified,,,,,
3856,PMR4-KB21PM,2501178,fd11dda59e6a39ad6d7788ff3d221da1,2023-11-02T12:00:00+0100,2023-11-02T12:00:00+0100,media,unclassified,,,,,
3857,PMR4-KB21PM,2501179,c18113e6177ef2edecc264826273e19a,2023-11-02T15:14:38+0100,2023-11-02T15:14:38+0100,media,human,setup,Homo sapiens,1,human,2023-11-23T15:27:59+0000
3858,PMR4-KB22PM,2501180,5b731e2ced47f41b930c92d12f8f0d52,2023-10-05T15:02:02+0200,2023-10-05T15:02:02+0200,media,unclassified,,,,,
3859,PMR4-KB22PM,2501181,5b731e2ced47f41b930c92d12f8f0d52,2023-10-05T15:04:24+0200,2023-10-05T15:04:24+0200,media,human,setup,Homo sapiens,1,human,2023-11-20T15:31:55+0000
3860,PMR4-KB22PM,2501182,020749f1b52d2d5b637916d352e64e10,2023-10-06T12:00:00+0200,2023-10-06T12:00:00+0200,media,unclassified,,,,,
3861,PMR4-KB22PM,2501183,bed500e4cc012f5a0e3c2aab5a9831f2,2023-10-07T12:00:00+0200,2023-10-07T12:00:00+0200,media,unclassified,,,,,
3862,PMR4-KB22PM,2501184,91e97d7714ab60b8df87b0b94c5d4a34,2023-10-08T12:00:00+0200,2023-10-08T12:00:00+0200,media,unclassified,,,,,
3863,PMR4-KB22PM,2501185,249a17d6cac8ffa840ab78ad38c3aa6c,2023-10-09T12:00:00+0200,2023-10-09T12:00:00+0200,media,unclassified,,,,,
3864,PMR4-KB22PM,2501186,144754abdaa5494004dee2cf0323daf0,2023-10-10T12:00:00+0200,2023-10-10T12:00:00+0200,media,unclassified,,,,,
3865,PMR4-KB22PM,2501187,cf49e1cb287ad139582c73a6f4b66132,2023-10-10T17:21:58+0200,2023-10-10T17:21:58+0200,media,blank,,,,human,2023-11-22T10:35:11+0000
3866,PMR4-KB22PM,2501188,1c5f6275297c472cb38dd134c52aad3e,2023-10-10T17:27:02+0200,2023-10-10T17:27:02+0200,media,blank,,,,human,2023-11-22T10:36:58+0000
3867,PMR4-KB22PM,2501189,1c5f6275297c472cb38dd134c52aad3e,2023-10-10T17:31:58+0200,2023-10-10T17:31:58+0200,media,animal,,Garrulus glandarius,1,human,2023-11-22T10:37:08+0000
3868,PMR4-KB22PM,2501190,6ffd1332fa3ab9bdff465945183f2a80,2023-10-10T17:42:48+0200,2023-10-10T17:42:48+0200,media,blank,,,,human,2023-11-22T10:37:21+0000
3869,PMR4-KB22PM,2501191,6ffd1332fa3ab9bdff465945183f2a80,2023-10-10T17:44:10+0200,2023-10-10T17:44:10+0200,media,blank,,,,human,2023-11-22T10:37:21+0000
3870,PMR4-KB22PM,2501192,8d49550577f5a51d9a02b0bb1133efe2,2023-10-10T18:04:26+0200,2023-10-10T18:04:26+0200,media,blank,,,,human,2023-11-22T10:37:31+0000
3871,PMR4-KB22PM,2501193,8d49550577f5a51d9a02b0bb1133efe2,2023-10-10T18:09:08+0200,2023-10-10T18:09:08+0200,media,blank,,,,human,2023-11-22T10:37:31+0000
3872,PMR4-KB22PM,2501194,d1776de7d8f7e879bab5a8f8df7e11e7,2023-10-11T12:00:00+0200,2023-10-11T12:00:00+0200,media,unclassified,,,,,
3873,PMR4-KB22PM,2501195,338ae38ba05cd0466af978c83f626e26,2023-10-12T12:00:00+0200,2023-10-12T12:00:00+0200,media,unclassified,,,,,
3874,PMR4-KB22PM,2501196,99dcce938c3745419e86109a120ac307,2023-10-12T15:35:36+0200,2023-10-12T15:35:36+0200,media,animal,,Garrulus glandarius,1,human,2023-11-22T10:40:05+0000
3875,PMR4-KB22PM,2501197,2b10b9df8e668efe069364a99193c129,2023-10-13T12:00:00+0200,2023-10-13T12:00:00+0200,media,unclassified,,,,,
3876,PMR4-KB22PM,2501198,c0ad5b5d9833901a834d1b3572b6dbe3,2023-10-13T14:15:42+0200,2023-10-13T14:15:42+0200,media,animal,,Garrulus glandarius,1,human,2023-11-22T14:01:08+0000
3877,PMR4-KB22PM,2501199,d134ce797947ddbbb6e357469b66bdf9,2023-10-13T14:21:20+0200,2023-10-13T14:21:20+0200,media,animal,,Garrulus glandarius,1,human,2023-11-22T14:01:17+0000
3878,PMR4-KB22PM,2501200,ad9cf0058685aeed95b49667304794e7,2023-10-14T12:00:00+0200,2023-10-14T12:00:00+0200,media,unclassified,,,,,
3879,PMR4-KB22PM,2501201,01acb173fbb01c8714483d3c85fc6e0a,2023-10-15T12:00:00+0200,2023-10-15T12:00:00+0200,media,unclassified,,,,,
3880,PMR4-KB22PM,2501202,b46170781b307a21a21679b37d1ace30,2023-10-16T12:00:00+0200,2023-10-16T12:00:00+0200,media,unclassified,,,,,
3881,PMR4-KB22PM,2501203,ec0d9ec50a5dca4f3016453bb8d798dd,2023-10-17T12:00:00+0200,2023-10-17T12:00:00+0200,media,unclassified,,,,,
3882,PMR4-KB22PM,2501204,18a736d12e9dde40c4cc3b1b7c50652d,2023-10-18T12:00:00+0200,2023-10-18T12:00:00+0200,media,unclassified,,,,,
3883,PMR4-KB22PM,2501205,c5940145c32a54f3cc3bdce47d1cfea5,2023-10-19T12:00:00+0200,2023-10-19T12:00:00+0200,media,unclassified,,,,,
3884,PMR4-KB22PM,2501206,b45e835abb5cdd37f71f45628af56b63,2023-10-19T16:22:52+0200,2023-10-19T16:22:52+0200,media,animal,,Garrulus glandarius,1,human,2023-11-22T16:23:09+0000
3885,PMR4-KB22PM,2501207,b45e835abb5cdd37f71f45628af56b63,2023-10-19T16:23:06+0200,2023-10-19T16:23:06+0200,media,animal,,Garrulus glandarius,1,human,2023-11-22T16:23:09+0000
3886,PMR4-KB22PM,2501208,ef178df8b6c6496fd8a2b174b48c9d4e,2023-10-20T12:00:00+0200,2023-10-20T12:00:00+0200,media,unclassified,,,,,
3887,PMR4-KB22PM,2501209,bfb4b50310b481be13b5e4b0b65794f7,2023-10-20T14:23:12+0200,2023-10-20T14:23:12+0200,media,animal,,Garrulus glandarius,1,human,2023-11-22T17:00:36+0000
3888,PMR4-KB22PM,2501210,028d5c9a2a75b7708f1b80ea46747723,2023-10-21T12:00:00+0200,2023-10-21T12:00:00+0200,media,unclassified,,,,,
3889,PMR4-KB22PM,2501211,483b7a6a235d0faff53696a36444e2ce,2023-10-22T12:00:00+0200,2023-10-22T12:00:00+0200,media,unclassified,,,,,
3890,PMR4-KB22PM,2501212,3c32a9c9be4b24a13201659de1152cf6,2023-10-23T12:00:00+0200,2023-10-23T12:00:00+0200,media,unclassified,,,,,
3891,PMR4-KB22PM,2501213,52e28ab5f49efd5990394f20ea3e8da7,2023-10-24T12:00:00+0200,2023-10-24T12:00:00+0200,media,unclassified,,,,,
3892,PMR4-KB22PM,2501214,e5e50d2d8fcab8c70af8167b51753be9,2023-10-24T14:03:52+0200,2023-10-24T14:03:52+0200,media,animal,,Garrulus glandarius,1,human,2023-11-23T15:07:36+0000
3893,PMR4-KB22PM,2501215,e5e50d2d8fcab8c70af8167b51753be9,2023-10-24T14:04:08+0200,2023-10-24T14:04:08+0200,media,animal,,Garrulus glandarius,1,human,2023-11-23T15:07:36+0000
3894,PMR4-KB22PM,2501216,f81120e5a908445d6c620e9264f7ab4b,2023-10-24T17:05:10+0200,2023-10-24T17:05:10+0200,media,blank,,,,human,2023-11-23T15:08:25+0000
3895,PMR4-KB22PM,2501217,65a45e45a0e114ebb87fa37adba19560,2023-10-25T10:21:58+0200,2023-10-25T10:21:58+0200,media,animal,,Garrulus glandarius,1,human,2023-11-23T15:09:28+0000
3896,PMR4-KB22PM,2501218,741ff3c77e07ca5027e0136c7be07e6a,2023-10-25T12:00:00+0200,2023-10-25T12:00:00+0200,media,unclassified,,,,,
3897,PMR4-KB22PM,2501219,5ac2f5afd6e229267de875d6996fbc66,2023-10-26T09:46:54+0200,2023-10-26T09:46:54+0200,media,animal,,Garrulus glandarius,1,human,2023-11-23T15:10:46+0000
3898,PMR4-KB22PM,2501220,7d86a2a82c510cb7e7bb107e6f41d3fe,2023-10-26T12:00:00+0200,2023-10-26T12:00:00+0200,media,unclassified,,,,,
3899,PMR4-KB22PM,2501221,b40285664cb2d27facb33aab7a4880cf,2023-10-26T19:33:06+0200,2023-10-26T19:33:06+0200,media,animal,,Lepus timidus,1,human,2023-11-23T15:13:33+0000
3900,PMR4-KB22PM,2501222,2f5711fda9952fb6a3106f173a6da2e2,2023-10-27T12:00:00+0200,2023-10-27T12:00:00+0200,media,unclassified,,,,,
3901,PMR4-KB22PM,2501223,75c6006649c964fdb3de042ff84db98d,2023-10-28T12:00:00+0200,2023-10-28T12:00:00+0200,media,unclassified,,,,,
3902,PMR4-KB22PM,2501224,db37f80619ff5aedb330e5a5fc857c3d,2023-10-29T12:00:00+0100,2023-10-29T12:00:00+0100,media,unclassified,,,,,
3903,PMR4-KB22PM,2501225,52f66f2463f8403cd2164a13d2d70aaf,2023-10-30T12:00:00+0100,2023-10-30T12:00:00+0100,media,unclassified,,,,,
3904,PMR4-KB22PM,2501226,78f9f63e277cb7fbf9cf6a3bfb3c446d,2023-10-31T12:00:00+0100,2023-10-31T12:00:00+0100,media,unclassified,,,,,
3905,PMR4-KB22PM,2501227,f4a8233653e20e807b899811fc086fc5,2023-11-01T12:00:00+0100,2023-11-01T12:00:00+0100,media,unclassified,,,,,
3906,PMR4-KB22PM,2501228,5234a2a08ec2a9571eee22bda1db3a68,2023-11-02T12:00:00+0100,2023-11-02T12:00:00+0100,media,unclassified,,,,,
3907,PMR4-KB22PM,2501229,11987f6e12dccd087130075ed29dd23f,2023-11-02T14:50:30+0100,2023-11-02T14:50:30+0100,media,human,setup,Homo sapiens,1,human,2023-11-23T15:27:43+0000
3908,PMR4-KB22PM,2501230,11987f6e12dccd087130075ed29dd23f,2023-11-02T14:50:36+0100,2023-11-02T14:50:36+0100,media,blank,setup,,,human,2023-11-23T15:27:50+0000
3909,PMR4-KB23PM,2501231,ca3f35ee9ec514f8ec0e85eef86cb6d4,2023-10-05T16:20:54+0200,2023-10-05T16:20:54+0200,media,human,setup,Homo sapiens,1,human,2023-11-20T15:32:55+0000
3910,PMR4-KB23PM,2501232,ca3f35ee9ec514f8ec0e85eef86cb6d4,2023-10-05T16:23:02+0200,2023-10-05T16:23:02+0200,media,human,setup,Homo sapiens,1,human,2023-11-20T15:32:55+0000
3911,PMR4-KB23PM,2501233,ca3f35ee9ec514f8ec0e85eef86cb6d4,2023-10-05T16:23:10+0200,2023-10-05T16:23:10+0200,media,blank,setup,,,human,2023-11-20T15:33:02+0000
3912,PMR4-KB23PM,2501234,872b72e1e68806f7bf74cc4987ccf5ec,2023-10-06T12:00:00+0200,2023-10-06T12:00:00+0200,media,unclassified,,,,,
3913,PMR4-KB23PM,2501235,3f5e56091ae73e99412c6adc3fd101b3,2023-10-07T12:00:00+0200,2023-10-07T12:00:00+0200,media,unclassified,,,,,
3914,PMR4-KB23PM,2501236,3777f25eeecd3fca936e83bdcaecdda0,2023-10-08T12:00:00+0200,2023-10-08T12:00:00+0200,media,unclassified,,,,,
3915,PMR4-KB23PM,2501237,6fdba111d25127bf361b503f48162bde,2023-10-08T19:01:56+0200,2023-10-08T19:01:56+0200,media,animal,,Capreolus capreolus,1,human,2023-11-20T15:50:34+0000
3916,PMR4-KB23PM,2501238,43979464c89bea7e32d612ebd089697a,2023-10-09T12:00:00+0200,2023-10-09T12:00:00+0200,media,unclassified,,,,,
3917,PMR4-KB23PM,2501239,bd9b95e83fad57856315bea34ae789d5,2023-10-10T12:00:00+0200,2023-10-10T12:00:00+0200,media,unclassified,,,,,
3918,PMR4-KB23PM,2501240,5533cfc5411afa8fb92b5adfdcf3cb22,2023-10-11T12:00:00+0200,2023-10-11T12:00:00+0200,media,unclassified,,,,,
3919,PMR4-KB23PM,2501241,be1e9eade3bf6cd02d070dee72430bc6,2023-10-12T12:00:00+0200,2023-10-12T12:00:00+0200,media,unclassified,,,,,
3920,PMR4-KB23PM,2501242,61c352e605e191fc2aaf2d49fb84c205,2023-10-13T12:00:00+0200,2023-10-13T12:00:00+0200,media,unclassified,,,,,
3921,PMR4-KB23PM,2501243,ff6f6318daf049f3aef37518b084bd2a,2023-10-14T12:00:00+0200,2023-10-14T12:00:00+0200,media,unclassified,,,,,
3922,PMR4-KB23PM,2501244,881e62d6fd403b3a95c1d64443c8b640,2023-10-15T10:24:42+0200,2023-10-15T10:24:42+0200,media,animal,,Canis familiaris,1,human,2023-11-22T14:51:21+0000
3923,PMR4-KB23PM,2501245,2e49d634aa6ace03f9ef6449ed841612,2023-10-15T10:57:36+0200,2023-10-15T10:57:36+0200,media,animal,,Canis familiaris,1,human,2023-11-22T14:51:39+0000
3924,PMR4-KB23PM,2501246,ba526fe00e8fc3ae1ab0e0b51a25d29e,2023-10-15T12:00:00+0200,2023-10-15T12:00:00+0200,media,unclassified,,,,,
3925,PMR4-KB23PM,2501247,8ed929b114c0f18e65a06192dba6bc37,2023-10-16T12:00:00+0200,2023-10-16T12:00:00+0200,media,unclassified,,,,,
3926,PMR4-KB23PM,2501248,fd1a319c4434371d1ef7b55005e88cba,2023-10-17T12:00:00+0200,2023-10-17T12:00:00+0200,media,unclassified,,,,,
3927,PMR4-KB23PM,2501249,f40363944da98bc5385784383c29c535,2023-10-18T12:00:00+0200,2023-10-18T12:00:00+0200,media,unclassified,,,,,
3928,PMR4-KB23PM,2501250,98aaf15d765a0827a792426f6c830843,2023-10-19T12:00:00+0200,2023-10-19T12:00:00+0200,media,unclassified,,,,,
3929,PMR4-KB23PM,2501251,1535716da3eaa45c9fc77ef43b1c0671,2023-10-20T12:00:00+0200,2023-10-20T12:00:00+0200,media,unclassified,,,,,
3930,PMR4-KB23PM,2501252,fbffdeb4719afcd0409f76e0e348c7ae,2023-10-20T19:51:04+0200,2023-10-20T19:51:04+0200,media,blank,,,,human,2023-11-22T17:01:24+0000
3931,PMR4-KB23PM,2501253,27842d15a0cd17e36f10df40fb1f86ae,2023-10-21T12:00:00+0200,2023-10-21T12:00:00+0200,media,unclassified,,,,,
3932,PMR4-KB23PM,2501254,2164a17c8868061422eaa7557ae81e25,2023-10-22T12:00:00+0200,2023-10-22T12:00:00+0200,media,unclassified,,,,,
3933,PMR4-KB23PM,2501255,a8ba3735ff3e8da687b5f911b11bc401,2023-10-23T12:00:00+0200,2023-10-23T12:00:00+0200,media,unclassified,,,,,
3934,PMR4-KB23PM,2501256,3be96b27e2f3c7a1e22f81ef6227f9bd,2023-10-24T12:00:00+0200,2023-10-24T12:00:00+0200,media,unclassified,,,,,
3935,PMR4-KB23PM,2501257,0481797690f61bd1def546e7fa7f7ffb,2023-10-25T12:00:00+0200,2023-10-25T12:00:00+0200,media,unclassified,,,,,
3936,PMR4-KB23PM,2501258,123affdc7162b7d60aaf688508127f32,2023-10-26T12:00:00+0200,2023-10-26T12:00:00+0200,media,unclassified,,,,,
3937,PMR4-KB23PM,2501259,e9845caf0f0b4cd8c8a7b5003cf0e89c,2023-10-27T12:00:00+0200,2023-10-27T12:00:00+0200,media,unclassified,,,,,
3938,PMR4-KB23PM,2501260,09c550732d5938ef3412d3fe50301e9e,2023-10-28T12:00:00+0200,2023-10-28T12:00:00+0200,media,unclassified,,,,,
3939,PMR4-KB23PM,2501261,af44188e44496dc017941e1517afba39,2023-10-29T12:00:00+0100,2023-10-29T12:00:00+0100,media,unclassified,,,,,
3940,PMR4-KB23PM,2501262,b8fbffd40fd2ce461abac04ef778e6ac,2023-10-30T12:00:00+0100,2023-10-30T12:00:00+0100,media,unclassified,,,,,
3941,PMR4-KB23PM,2501263,549c4f29f8031b2bc632abb90bc88701,2023-10-31T12:00:00+0100,2023-10-31T12:00:00+0100,media,unclassified,,,,,
3942,PMR4-KB23PM,2501264,870f79df16b408be9abec7c5f6b0820f,2023-11-01T12:00:00+0100,2023-11-01T12:00:00+0100,media,unclassified,,,,,
3943,PMR4-KB23PM,2501265,8093f6e02054544699d9d590bfd4eda5,2023-11-02T12:00:00+0100,2023-11-02T12:00:00+0100,media,unclassified,,,,,
3944,PMR4-KB23PM,2501266,f8cb3077ea5215e961b76cd699c4b637,2023-11-03T12:00:00+0100,2023-11-03T12:00:00+0100,media,unclassified,,,,,
3945,PMR4-KB23PM,2501267,32b0ec71d81599130935fff62000f846,2023-11-03T16:16:34+0100,2023-11-03T16:16:34+0100,media,human,setup,Homo sapiens,1,human,2023-11-23T15:37:06+0000
3946,PMR4-KB23PM,2501268,32b0ec71d81599130935fff62000f846,2023-11-03T16:16:48+0100,2023-11-03T16:16:48+0100,media,human,setup,Homo sapiens,1,human,2023-11-23T15:37:06+0000
3947,PMR4-KB24PM,2501269,91fbfbc3aed1e3209c6cd7944b34def3,2023-10-05T13:04:06+0200,2023-10-05T13:04:06+0200,media,human,setup,Homo sapiens,1,human,2023-11-20T15:31:27+0000
3948,PMR4-KB24PM,2501270,91fbfbc3aed1e3209c6cd7944b34def3,2023-10-05T13:06:30+0200,2023-10-05T13:06:30+0200,media,human,setup,Homo sapiens,1,human,2023-11-20T15:31:27+0000
3949,PMR4-KB24PM,2501271,91fbfbc3aed1e3209c6cd7944b34def3,2023-10-05T13:09:58+0200,2023-10-05T13:09:58+0200,media,human,setup,Homo sapiens,1,human,2023-11-20T15:31:27+0000
3950,PMR4-KB24PM,2501272,87a216888708b7ea62d7a2ad38b2f283,2023-10-06T08:48:28+0200,2023-10-06T08:48:28+0200,media,animal,,Garrulus glandarius,1,human,2023-11-20T15:41:30+0000
3951,PMR4-KB24PM,2501273,f945e04510b93345087fc71369e7183d,2023-10-06T12:00:00+0200,2023-10-06T12:00:00+0200,media,unclassified,,,,,
3952,PMR4-KB24PM,2501274,cb31a5b9e531930694c85b63206583b2,2023-10-07T12:00:00+0200,2023-10-07T12:00:00+0200,media,unclassified,,,,,
3953,PMR4-KB24PM,2501275,f5d7c92a1871f5ae7f75229a1450fdad,2023-10-08T08:24:36+0200,2023-10-08T08:24:36+0200,media,blank,,,,human,2023-11-20T15:48:24+0000
3954,PMR4-KB24PM,2501276,1efebfc5b08eeaca640acb329fdf5998,2023-10-08T12:00:00+0200,2023-10-08T12:00:00+0200,media,unclassified,,,,,
3955,PMR4-KB24PM,2501277,24384f4c40e20223eabf900d37f8d2dd,2023-10-09T12:00:00+0200,2023-10-09T12:00:00+0200,media,unclassified,,,,,
3956,PMR4-KB24PM,2501278,2fb18be55c5eed52db97a2c34284ed16,2023-10-09T15:31:38+0200,2023-10-09T15:31:38+0200,media,animal,,Garrulus glandarius,1,human,2023-11-21T13:27:35+0000
3957,PMR4-KB24PM,2501279,4e3d779d9d6ed9e05ca3288a38b3c425,2023-10-10T08:35:18+0200,2023-10-10T08:35:18+0200,media,blank,,,,human,2023-11-22T10:32:39+0000
3958,PMR4-KB24PM,2501280,d2e355eea068cdb437cff12c972f42c4,2023-10-10T12:00:00+0200,2023-10-10T12:00:00+0200,media,unclassified,,,,,
3959,PMR4-KB24PM,2501281,a1fb41c937acf633230abe206fed78bd,2023-10-11T12:00:00+0200,2023-10-11T12:00:00+0200,media,unclassified,,,,,
3960,PMR4-KB24PM,2501282,9508c1f6a52a3c6d5bbb33f4ff9af666,2023-10-12T12:00:00+0200,2023-10-12T12:00:00+0200,media,unclassified,,,,,
3961,PMR4-KB24PM,2501283,b41a5cfb7c116cf49bd3fc9befa0dedd,2023-10-12T17:09:48+0200,2023-10-12T17:09:48+0200,media,animal,,Garrulus glandarius,1,human,2023-11-22T10:40:45+0000
3962,PMR4-KB24PM,2501284,b41a5cfb7c116cf49bd3fc9befa0dedd,2023-10-12T17:10:44+0200,2023-10-12T17:10:44+0200,media,animal,,Garrulus glandarius,1,human,2023-11-22T10:40:45+0000
3963,PMR4-KB24PM,2501285,5035696cb3d83c4f35b850e60b2b1558,2023-10-13T08:28:16+0200,2023-10-13T08:28:16+0200,media,animal,,Garrulus glandarius,1,human,2023-11-22T13:58:53+0000
3964,PMR4-KB24PM,2501286,7d65205447415e357ba9605d1310a187,2023-10-13T12:00:00+0200,2023-10-13T12:00:00+0200,media,unclassified,,,,,
3965,PMR4-KB24PM,2501287,427bf709968937be30043a7f7ec147e4,2023-10-14T12:00:00+0200,2023-10-14T12:00:00+0200,media,unclassified,,,,,
3966,PMR4-KB24PM,2501288,f346c966869ddbb3d94dca90e0587c95,2023-10-15T12:00:00+0200,2023-10-15T12:00:00+0200,media,unclassified,,,,,
3967,PMR4-KB24PM,2501289,37509da2c7d604893bb97b13c84152e5,2023-10-16T12:00:00+0200,2023-10-16T12:00:00+0200,media,unclassified,,,,,
3968,PMR4-KB24PM,2501290,f3e843909ec874dc6151601893c58831,2023-10-17T12:00:00+0200,2023-10-17T12:00:00+0200,media,unclassified,,,,,
3969,PMR4-KB24PM,2501291,fdaf05b0d64ab1a6929409b6899ac064,2023-10-18T12:00:00+0200,2023-10-18T12:00:00+0200,media,unclassified,,,,,
3970,PMR4-KB24PM,2501292,933af0bfed2e9a0d6a2bfc6107c354b7,2023-10-19T12:00:00+0200,2023-10-19T12:00:00+0200,media,unclassified,,,,,
3971,PMR4-KB24PM,2501293,c6c8ae333c061d42934884c44d3ffac9,2023-10-19T18:29:28+0200,2023-10-19T18:29:28+0200,media,animal,,Alces alces,1,human,2023-11-22T16:23:54+0000
3972,PMR4-KB24PM,2501293,c6c8ae333c061d42934884c44d3ffac9,2023-10-19T18:29:28+0200,2023-10-19T18:29:28+0200,media,animal,,Alces alces,1,human,2023-11-22T16:23:54+0000
3973,PMR4-KB24PM,2501294,c6c8ae333c061d42934884c44d3ffac9,2023-10-19T18:29:48+0200,2023-10-19T18:29:48+0200,media,animal,,Alces alces,1,human,2023-11-22T16:23:54+0000
3974,PMR4-KB24PM,2501294,c6c8ae333c061d42934884c44d3ffac9,2023-10-19T18:29:48+0200,2023-10-19T18:29:48+0200,media,animal,,Alces alces,1,human,2023-11-22T16:23:54+0000
3975,PMR4-KB24PM,2501295,a79c29c8679acae5bff1d0fb56b72d4e,2023-10-20T12:00:00+0200,2023-10-20T12:00:00+0200,media,unclassified,,,,,
3976,PMR4-KB24PM,2501296,8924bd0de70141cba532c2a49dda83fd,2023-10-21T12:00:00+0200,2023-10-21T12:00:00+0200,media,unclassified,,,,,
3977,PMR4-KB24PM,2501298,41cd7aad314de5935a18eb3b6590d0b9,2023-10-22T12:00:04+0200,2023-10-22T12:00:04+0200,media,unclassified,,,,,
3978,PMR4-KB24PM,2501297,2c237a8fa75523beb242f7ae196fa252,2023-10-22T12:59:56+0200,2023-10-22T12:59:56+0200,media,blank,,,,human,2023-11-23T13:01:30+0000
3979,PMR4-KB24PM,2501299,2c237a8fa75523beb242f7ae196fa252,2023-10-22T13:00:06+0200,2023-10-22T13:00:06+0200,media,animal,,Alces alces,1,human,2023-11-23T13:02:06+0000
3980,PMR4-KB24PM,2501300,2e190567d31cf6d3d699f2bfec7dcfa5,2023-10-22T13:19:06+0200,2023-10-22T13:19:06+0200,media,animal,,Alces alces,1,human,2023-11-23T13:02:31+0000
3981,PMR4-KB24PM,2501301,11e2b36eb33ee52306c9e8d16d600012,2023-10-23T12:00:00+0200,2023-10-23T12:00:00+0200,media,unclassified,,,,,
3982,PMR4-KB24PM,2501302,273f0dcde1e26711c92fbbf480c8c56c,2023-10-24T12:00:00+0200,2023-10-24T12:00:00+0200,media,unclassified,,,,,
3983,PMR4-KB24PM,2501303,ce2b3a16c92ea9d95c7b3c41573404d8,2023-10-25T12:00:00+0200,2023-10-25T12:00:00+0200,media,unclassified,,,,,
3984,PMR4-KB24PM,2501304,40a403466db725cec2cb6a282dac6cca,2023-10-26T12:00:00+0200,2023-10-26T12:00:00+0200,media,unclassified,,,,,
3985,PMR4-KB24PM,2501305,5b0497ad32aab9ef02981d9e9e9c51e5,2023-10-27T12:00:00+0200,2023-10-27T12:00:00+0200,media,unclassified,,,,,
3986,PMR4-KB24PM,2501306,78fd8b5c96cce12db8bac17af7366752,2023-10-28T12:00:00+0200,2023-10-28T12:00:00+0200,media,unclassified,,,,,
3987,PMR4-KB24PM,2501307,eb84e206e34347c8f196ed3c996d25b8,2023-10-28T13:37:08+0200,2023-10-28T13:37:08+0200,media,animal,,Alces alces,1,human,2023-11-23T15:15:45+0000
3988,PMR4-KB24PM,2501307,eb84e206e34347c8f196ed3c996d25b8,2023-10-28T13:37:08+0200,2023-10-28T13:37:08+0200,media,animal,,Alces alces,1,human,2023-11-23T15:15:45+0000
3989,PMR4-KB24PM,2501308,1b5c4ba7255be1fdffaa183a24cc140f,2023-10-28T14:33:10+0200,2023-10-28T14:33:10+0200,media,animal,,Alces alces,1,human,2023-11-23T15:16:02+0000
3990,PMR4-KB24PM,2501309,1b5c4ba7255be1fdffaa183a24cc140f,2023-10-28T14:33:22+0200,2023-10-28T14:33:22+0200,media,animal,,Alces alces,1,human,2023-11-23T15:16:02+0000
3991,PMR4-KB24PM,2501310,a92969e6b74db7e5027d7605b82ec587,2023-10-29T12:00:00+0100,2023-10-29T12:00:00+0100,media,unclassified,,,,,
3992,PMR4-KB24PM,2501311,58cf1d0fc81f1e6ae765537ee05e7891,2023-10-30T12:00:00+0100,2023-10-30T12:00:00+0100,media,unclassified,,,,,
3993,PMR4-KB24PM,2501312,771faac4e45ac784ec1fe1e380645278,2023-10-31T12:00:00+0100,2023-10-31T12:00:00+0100,media,unclassified,,,,,
3994,PMR4-KB24PM,2501313,3ad6dc501a45ce77cd374d5fe7faa9ea,2023-11-01T12:00:00+0100,2023-11-01T12:00:00+0100,media,unclassified,,,,,
3995,PMR4-KB24PM,2501314,3f3874ba978603a9f8b22d4bdf91472e,2023-11-02T12:00:00+0100,2023-11-02T12:00:00+0100,media,unclassified,,,,,
3996,PMR4-KB24PM,2501315,bd6dcbea8b84370618c3f68f6ee3d6ed,2023-11-02T15:38:52+0100,2023-11-02T15:38:52+0100,media,human,setup,Homo sapiens,1,human,2023-11-23T15:29:47+0000
3997,PMR4-KB24PM,2501316,bd6dcbea8b84370618c3f68f6ee3d6ed,2023-11-02T15:39:26+0100,2023-11-02T15:39:26+0100,media,human,setup,Homo sapiens,1,human,2023-11-23T15:29:47+0000
3998,PMR4-KB25PM,2501317,d3c598135f3a66b4c3e04ea1afa87884,2023-10-05T14:05:20+0200,2023-10-05T14:05:20+0200,media,human,setup,Homo sapiens,1,human,2023-11-20T15:31:37+0000
3999,PMR4-KB25PM,2501318,18b957ab6abfae8f2d3cf8408fd00c60,2023-10-06T12:00:00+0200,2023-10-06T12:00:00+0200,media,unclassified,,,,,
4000,PMR4-KB25PM,2501319,4c7fdaf8c12ddac515dc5ee0dac39e06,2023-10-07T12:00:00+0200,2023-10-07T12:00:00+0200,media,unclassified,,,,,
4001,PMR4-KB25PM,2501320,8bfca1e65d5cee163c42e11430b6f890,2023-10-07T14:52:54+0200,2023-10-07T14:52:54+0200,media,animal,,Garrulus glandarius,1,human,2023-11-20T15:47:28+0000
4002,PMR4-KB25PM,2501321,8bfca1e65d5cee163c42e11430b6f890,2023-10-07T14:53:20+0200,2023-10-07T14:53:20+0200,media,animal,,Garrulus glandarius,1,human,2023-11-20T15:47:28+0000
4003,PMR4-KB25PM,2501322,99a89e97e1eb2f3aca5b4857fe29964b,2023-10-08T12:00:00+0200,2023-10-08T12:00:00+0200,media,unclassified,,,,,
4004,PMR4-KB25PM,2501323,bfd0dd80369d39cbe31a1562648fe222,2023-10-09T07:56:24+0200,2023-10-09T07:56:24+0200,media,animal,,Garrulus glandarius,1,human,2023-11-20T15:51:24+0000
4005,PMR4-KB25PM,2501324,9802ec1f4e03ffe7d52ef5f31a343e1b,2023-10-09T08:01:52+0200,2023-10-09T08:01:52+0200,media,blank,,,,human,2023-11-20T15:51:30+0000
4006,PMR4-KB25PM,2501325,63e31ce44c741399a9e2f15eac9796b9,2023-10-09T08:10:32+0200,2023-10-09T08:10:32+0200,media,animal,,Garrulus glandarius,1,human,2023-11-20T15:52:00+0000
4007,PMR4-KB25PM,2501326,63e31ce44c741399a9e2f15eac9796b9,2023-10-09T08:10:44+0200,2023-10-09T08:10:44+0200,media,animal,,Garrulus glandarius,1,human,2023-11-20T15:52:00+0000
4008,PMR4-KB25PM,2501327,63e31ce44c741399a9e2f15eac9796b9,2023-10-09T08:10:52+0200,2023-10-09T08:10:52+0200,media,animal,,Garrulus glandarius,1,human,2023-11-20T15:52:00+0000
4009,PMR4-KB25PM,2501328,bc663908392ceeecbb75e8651a3b1d57,2023-10-09T08:17:56+0200,2023-10-09T08:17:56+0200,media,animal,,Garrulus glandarius,1,human,2023-11-20T15:52:38+0000
4010,PMR4-KB25PM,2501329,bc663908392ceeecbb75e8651a3b1d57,2023-10-09T08:18:58+0200,2023-10-09T08:18:58+0200,media,blank,,,,human,2023-11-20T15:52:44+0000
4011,PMR4-KB25PM,2501330,6f7f7aa80bf9eb400686c2b04b6babdb,2023-10-09T10:13:28+0200,2023-10-09T10:13:28+0200,media,animal,,Garrulus glandarius,1,human,2023-11-20T15:53:31+0000
4012,PMR4-KB25PM,2501331,6f7f7aa80bf9eb400686c2b04b6babdb,2023-10-09T10:13:56+0200,2023-10-09T10:13:56+0200,media,animal,,Garrulus glandarius,1,human,2023-11-20T15:53:31+0000
4013,PMR4-KB25PM,2501332,6f7f7aa80bf9eb400686c2b04b6babdb,2023-10-09T10:14:32+0200,2023-10-09T10:14:32+0200,media,animal,,Garrulus glandarius,1,human,2023-11-20T15:53:31+0000
4014,PMR4-KB25PM,2501333,6f7f7aa80bf9eb400686c2b04b6babdb,2023-10-09T10:15:00+0200,2023-10-09T10:15:00+0200,media,animal,,Garrulus glandarius,1,human,2023-11-20T15:53:31+0000
4015,PMR4-KB25PM,2501334,6f7f7aa80bf9eb400686c2b04b6babdb,2023-10-09T10:15:30+0200,2023-10-09T10:15:30+0200,media,animal,,Garrulus glandarius,1,human,2023-11-20T15:53:31+0000
4016,PMR4-KB25PM,2501335,6a20977f16bc62046498af406677026c,2023-10-09T12:00:00+0200,2023-10-09T12:00:00+0200,media,unclassified,,,,,
4017,PMR4-KB25PM,2501336,9576e6527242075e63e95e4d924609a7,2023-10-09T18:23:26+0200,2023-10-09T18:23:26+0200,media,animal,,Garrulus glandarius,1,human,2023-11-21T13:58:53+0000
4018,PMR4-KB25PM,2501337,9576e6527242075e63e95e4d924609a7,2023-10-09T18:24:20+0200,2023-10-09T18:24:20+0200,media,animal,,Garrulus glandarius,1,human,2023-11-21T13:58:53+0000
4019,PMR4-KB25PM,2501338,eef69ace842a544ce66dc170c67b38cf,2023-10-10T07:55:38+0200,2023-10-10T07:55:38+0200,media,animal,,Garrulus glandarius,1,human,2023-11-22T10:31:46+0000
4020,PMR4-KB25PM,2501339,eef69ace842a544ce66dc170c67b38cf,2023-10-10T07:56:24+0200,2023-10-10T07:56:24+0200,media,animal,,Garrulus glandarius,1,human,2023-11-22T10:31:46+0000
4021,PMR4-KB25PM,2501340,eef69ace842a544ce66dc170c67b38cf,2023-10-10T07:58:18+0200,2023-10-10T07:58:18+0200,media,animal,,Garrulus glandarius,1,human,2023-11-22T10:31:46+0000
4022,PMR4-KB25PM,2501341,eef69ace842a544ce66dc170c67b38cf,2023-10-10T07:58:28+0200,2023-10-10T07:58:28+0200,media,animal,,Garrulus glandarius,1,human,2023-11-22T10:31:46+0000
4023,PMR4-KB25PM,2501342,eef69ace842a544ce66dc170c67b38cf,2023-10-10T07:59:32+0200,2023-10-10T07:59:32+0200,media,animal,,Garrulus glandarius,1,human,2023-11-22T10:31:46+0000
4024,PMR4-KB25PM,2501343,eef69ace842a544ce66dc170c67b38cf,2023-10-10T07:59:38+0200,2023-10-10T07:59:38+0200,media,animal,,Garrulus glandarius,1,human,2023-11-22T10:31:46+0000
4025,PMR4-KB25PM,2501344,eef69ace842a544ce66dc170c67b38cf,2023-10-10T07:59:46+0200,2023-10-10T07:59:46+0200,media,animal,,Garrulus glandarius,1,human,2023-11-22T10:31:46+0000
4026,PMR4-KB25PM,2501345,eef69ace842a544ce66dc170c67b38cf,2023-10-10T07:59:58+0200,2023-10-10T07:59:58+0200,media,animal,,Garrulus glandarius,1,human,2023-11-22T10:31:46+0000
4027,PMR4-KB25PM,2501346,de894e255f07c966c8dc3e00cb4cc890,2023-10-10T08:11:06+0200,2023-10-10T08:11:06+0200,media,animal,,Garrulus glandarius,1,human,2023-11-22T10:32:06+0000
4028,PMR4-KB25PM,2501347,de894e255f07c966c8dc3e00cb4cc890,2023-10-10T08:11:18+0200,2023-10-10T08:11:18+0200,media,animal,,Garrulus glandarius,1,human,2023-11-22T10:32:06+0000
4029,PMR4-KB25PM,2501348,de894e255f07c966c8dc3e00cb4cc890,2023-10-10T08:12:16+0200,2023-10-10T08:12:16+0200,media,animal,,Garrulus glandarius,1,human,2023-11-22T10:32:06+0000
4030,PMR4-KB25PM,2501349,de894e255f07c966c8dc3e00cb4cc890,2023-10-10T08:12:24+0200,2023-10-10T08:12:24+0200,media,animal,,Garrulus glandarius,1,human,2023-11-22T10:32:06+0000
4031,PMR4-KB25PM,2501350,de894e255f07c966c8dc3e00cb4cc890,2023-10-10T08:12:32+0200,2023-10-10T08:12:32+0200,media,animal,,Garrulus glandarius,1,human,2023-11-22T10:32:06+0000
4032,PMR4-KB25PM,2501351,de894e255f07c966c8dc3e00cb4cc890,2023-10-10T08:12:42+0200,2023-10-10T08:12:42+0200,media,animal,,Garrulus glandarius,1,human,2023-11-22T10:32:06+0000
4033,PMR4-KB25PM,2501352,2119b564df6595161922345c76ff5a47,2023-10-10T11:19:50+0200,2023-10-10T11:19:50+0200,media,animal,,Garrulus glandarius,1,human,2023-11-22T10:33:31+0000
4034,PMR4-KB25PM,2501353,2119b564df6595161922345c76ff5a47,2023-10-10T11:20:22+0200,2023-10-10T11:20:22+0200,media,animal,,Garrulus glandarius,1,human,2023-11-22T10:33:31+0000
4035,PMR4-KB25PM,2501354,2119b564df6595161922345c76ff5a47,2023-10-10T11:20:30+0200,2023-10-10T11:20:30+0200,media,animal,,Garrulus glandarius,1,human,2023-11-22T10:33:31+0000
4036,PMR4-KB25PM,2501355,2119b564df6595161922345c76ff5a47,2023-10-10T11:20:40+0200,2023-10-10T11:20:40+0200,media,animal,,Garrulus glandarius,1,human,2023-11-22T10:33:31+0000
4037,PMR4-KB25PM,2501356,2119b564df6595161922345c76ff5a47,2023-10-10T11:21:04+0200,2023-10-10T11:21:04+0200,media,animal,,Garrulus glandarius,1,human,2023-11-22T10:33:31+0000
4038,PMR4-KB25PM,2501357,4c52600d53006e4b74383012ccf50b62,2023-10-10T12:00:00+0200,2023-10-10T12:00:00+0200,media,unclassified,,,,,
4039,PMR4-KB25PM,2501358,ef73e9965dac8d362e6d8ba60359e590,2023-10-10T14:24:04+0200,2023-10-10T14:24:04+0200,media,animal,,Garrulus glandarius,1,human,2023-11-22T10:35:03+0000
4040,PMR4-KB25PM,2501359,978cf5bfc01ac9480ef421f28e7ef62a,2023-10-11T12:00:00+0200,2023-10-11T12:00:00+0200,media,unclassified,,,,,
4041,PMR4-KB25PM,2501360,b6bd29489b967e2142dbde3b570c3909,2023-10-11T18:42:04+0200,2023-10-11T18:42:04+0200,media,animal,,Garrulus glandarius,1,human,2023-11-22T10:38:03+0000
4042,PMR4-KB25PM,2501361,1d3337b77f3ccbb0738d687c0fa7191f,2023-10-12T08:06:04+0200,2023-10-12T08:06:04+0200,media,animal,,Garrulus glandarius,1,human,2023-11-22T10:39:22+0000
4043,PMR4-KB25PM,2501362,1d3337b77f3ccbb0738d687c0fa7191f,2023-10-12T08:06:16+0200,2023-10-12T08:06:16+0200,media,animal,,Garrulus glandarius,1,human,2023-11-22T10:39:22+0000
4044,PMR4-KB25PM,2501363,b42516bed80f874dbaf4890b342d0ce8,2023-10-12T12:00:00+0200,2023-10-12T12:00:00+0200,media,unclassified,,,,,
4045,PMR4-KB25PM,2501364,e23dd6cf0b7e8fffe9bb207bfb515346,2023-10-13T08:03:44+0200,2023-10-13T08:03:44+0200,media,animal,,Garrulus glandarius,1,human,2023-11-22T13:58:07+0000
4046,PMR4-KB25PM,2501365,e23dd6cf0b7e8fffe9bb207bfb515346,2023-10-13T08:04:02+0200,2023-10-13T08:04:02+0200,media,animal,,Garrulus glandarius,1,human,2023-11-22T13:58:07+0000
4047,PMR4-KB25PM,2501366,e23dd6cf0b7e8fffe9bb207bfb515346,2023-10-13T08:04:10+0200,2023-10-13T08:04:10+0200,media,animal,,Garrulus glandarius,1,human,2023-11-22T13:58:07+0000
4048,PMR4-KB25PM,2501367,4a86de6a2e5298459324f6830d6bdccb,2023-10-13T12:00:00+0200,2023-10-13T12:00:00+0200,media,unclassified,,,,,
4049,PMR4-KB25PM,2501368,c42f3c722a7cd4d1d295b60ce395e8ac,2023-10-13T16:31:06+0200,2023-10-13T16:31:06+0200,media,animal,,Garrulus glandarius,1,human,2023-11-22T14:01:27+0000
4050,PMR4-KB25PM,2501369,23b2ce75c1c7b7f5e1b7c7a21d442e61,2023-10-13T18:34:40+0200,2023-10-13T18:34:40+0200,media,animal,,Garrulus glandarius,1,human,2023-11-22T14:01:42+0000
4051,PMR4-KB25PM,2501370,9da04b918db1e1d45007092d0732a883,2023-10-14T12:00:00+0200,2023-10-14T12:00:00+0200,media,unclassified,,,,,
4052,PMR4-KB25PM,2501371,23d3b3a067dbd82142df6360e8ae5f9b,2023-10-14T17:55:30+0200,2023-10-14T17:55:30+0200,media,blank,,,,human,2023-11-22T14:51:08+0000
4053,PMR4-KB25PM,2501372,5885931227dfd6b1af7087042c24fad8,2023-10-15T11:06:06+0200,2023-10-15T11:06:06+0200,media,animal,,Garrulus glandarius,1,human,2023-11-22T14:52:08+0000
4054,PMR4-KB25PM,2501373,5885931227dfd6b1af7087042c24fad8,2023-10-15T11:06:26+0200,2023-10-15T11:06:26+0200,media,blank,,,,human,2023-11-22T14:52:14+0000
4055,PMR4-KB25PM,2501374,d764a3e1a8e95fab165014c532d13c67,2023-10-15T12:00:00+0200,2023-10-15T12:00:00+0200,media,unclassified,,,,,
4056,PMR4-KB25PM,2501375,d33a2acde07e8cab04e029632ce56f92,2023-10-16T08:25:26+0200,2023-10-16T08:25:26+0200,media,animal,,Garrulus glandarius,1,human,2023-11-22T14:54:05+0000
4057,PMR4-KB25PM,2501376,ea135107a2c64740d264c4283d3f72a7,2023-10-16T12:00:00+0200,2023-10-16T12:00:00+0200,media,unclassified,,,,,
4058,PMR4-KB25PM,2501377,d74e1f01e395adc1498021c269bdfda8,2023-10-17T12:00:00+0200,2023-10-17T12:00:00+0200,media,unclassified,,,,,
4059,PMR4-KB25PM,2501378,605e9dcd18b1b7b96af0d6ece7ad6f4f,2023-10-18T08:44:22+0200,2023-10-18T08:44:22+0200,media,animal,,Garrulus glandarius,1,human,2023-11-22T16:04:36+0000
4060,PMR4-KB25PM,2501379,605e9dcd18b1b7b96af0d6ece7ad6f4f,2023-10-18T08:44:32+0200,2023-10-18T08:44:32+0200,media,animal,,Garrulus glandarius,1,human,2023-11-22T16:04:36+0000
4061,PMR4-KB25PM,2501380,6bd69fe4fb064728e60a89d0a49e7ab6,2023-10-18T12:00:00+0200,2023-10-18T12:00:00+0200,media,unclassified,,,,,
4062,PMR4-KB25PM,2501381,58729a6fa41a6cc932b4cbbca6a6e1de,2023-10-19T12:00:00+0200,2023-10-19T12:00:00+0200,media,unclassified,,,,,
4063,PMR4-KB25PM,2501382,68e25ac0eb671e00ebb46f46930750c8,2023-10-20T12:00:00+0200,2023-10-20T12:00:00+0200,media,unclassified,,,,,
4064,PMR4-KB25PM,2501383,80bd145648dbb6bc9f12bba445fcea73,2023-10-21T12:00:00+0200,2023-10-21T12:00:00+0200,media,unclassified,,,,,
4065,PMR4-KB25PM,2501384,6d6f93a637e9a940cfe8d1cea8f42ef1,2023-10-22T12:00:00+0200,2023-10-22T12:00:00+0200,media,unclassified,,,,,
4066,PMR4-KB25PM,2501385,c42fcbd6dd7a1ade17f613d453eadcf5,2023-10-23T09:20:20+0200,2023-10-23T09:20:20+0200,media,animal,,Garrulus glandarius,1,human,2023-11-23T13:03:29+0000
4067,PMR4-KB25PM,2501386,c42fcbd6dd7a1ade17f613d453eadcf5,2023-10-23T09:20:38+0200,2023-10-23T09:20:38+0200,media,animal,,Garrulus glandarius,1,human,2023-11-23T13:03:29+0000
4068,PMR4-KB25PM,2501387,fd062a1bf735b826f1a8e782552062c6,2023-10-23T12:00:00+0200,2023-10-23T12:00:00+0200,media,unclassified,,,,,
4069,PMR4-KB25PM,2501388,c96c791d7b2e4afdb120766914e852d8,2023-10-24T12:00:00+0200,2023-10-24T12:00:00+0200,media,unclassified,,,,,
4070,PMR4-KB25PM,2501389,a71aa0feaccc3910f48365e1b331925e,2023-10-25T09:05:24+0200,2023-10-25T09:05:24+0200,media,animal,,Garrulus glandarius,1,human,2023-11-23T15:09:18+0000
4071,PMR4-KB25PM,2501390,a71aa0feaccc3910f48365e1b331925e,2023-10-25T09:05:32+0200,2023-10-25T09:05:32+0200,media,animal,,Garrulus glandarius,1,human,2023-11-23T15:09:18+0000
4072,PMR4-KB25PM,2501391,a71aa0feaccc3910f48365e1b331925e,2023-10-25T09:05:44+0200,2023-10-25T09:05:44+0200,media,animal,,Garrulus glandarius,1,human,2023-11-23T15:09:18+0000
4073,PMR4-KB25PM,2501392,8dc5b9607926be823c542ca36e4ce50a,2023-10-25T12:00:00+0200,2023-10-25T12:00:00+0200,media,unclassified,,,,,
4074,PMR4-KB25PM,2501393,ca3aec3e6c1b70dff9a6a01c9ecb5821,2023-10-26T12:00:00+0200,2023-10-26T12:00:00+0200,media,unclassified,,,,,
4075,PMR4-KB25PM,2501394,0a2657371606ce710f32a8a431dfa969,2023-10-27T12:00:00+0200,2023-10-27T12:00:00+0200,media,unclassified,,,,,
4076,PMR4-KB25PM,2501395,a10ca51146747ab0144975ccd75a86f4,2023-10-28T12:00:00+0200,2023-10-28T12:00:00+0200,media,unclassified,,,,,
4077,PMR4-KB25PM,2501396,ed0c5bfefb44c31f1fd412ba21949222,2023-10-29T12:00:00+0100,2023-10-29T12:00:00+0100,media,unclassified,,,,,
4078,PMR4-KB25PM,2501397,219710c7074d0e6e722c2782da486ba5,2023-10-30T12:00:00+0100,2023-10-30T12:00:00+0100,media,unclassified,,,,,
4079,PMR4-KB25PM,2501398,76ffc0432c8951e8c32b332ad6bfb55b,2023-10-31T12:00:00+0100,2023-10-31T12:00:00+0100,media,unclassified,,,,,
4080,PMR4-KB25PM,2501399,6c030f0c519958466a221a23f8dddeaa,2023-11-01T12:00:00+0100,2023-11-01T12:00:00+0100,media,unclassified,,,,,
4081,PMR4-KB25PM,2501400,d3d272e62861aa0d5e824accb52cc19b,2023-11-02T12:00:00+0100,2023-11-02T12:00:00+0100,media,unclassified,,,,,
4082,PMR4-KB25PM,2501401,ca2ddf64145eacb9fa26551895dc7766,2023-11-02T16:20:58+0100,2023-11-02T16:20:58+0100,media,human,setup,Homo sapiens,1,human,2023-11-23T15:30:44+0000
4083,PMR4-KB26PM,2501402,fce700a64f42aaa39a1fc79e6ecbeea1,2023-10-05T17:21:56+0200,2023-10-05T17:21:56+0200,media,human,setup,Homo sapiens,1,human,2023-11-20T15:33:19+0000
4084,PMR4-KB26PM,2501403,fce700a64f42aaa39a1fc79e6ecbeea1,2023-10-05T17:25:38+0200,2023-10-05T17:25:38+0200,media,human,setup,Homo sapiens,1,human,2023-11-20T15:33:19+0000
4085,PMR4-KB26PM,2501404,fce700a64f42aaa39a1fc79e6ecbeea1,2023-10-05T17:26:00+0200,2023-10-05T17:26:00+0200,media,human,setup,Homo sapiens,1,human,2023-11-20T15:33:19+0000
4086,PMR4-KB26PM,2501405,31c319b639bf1aa50a5b94eb4caee7d1,2023-10-06T10:45:16+0200,2023-10-06T10:45:16+0200,media,animal,,Garrulus glandarius,1,human,2023-11-20T15:40:43+0000
4087,PMR4-KB26PM,2501406,31c319b639bf1aa50a5b94eb4caee7d1,2023-10-06T10:45:42+0200,2023-10-06T10:45:42+0200,media,animal,,Garrulus glandarius,1,human,2023-11-20T15:40:43+0000
4088,PMR4-KB26PM,2501407,31c319b639bf1aa50a5b94eb4caee7d1,2023-10-06T10:46:24+0200,2023-10-06T10:46:24+0200,media,animal,,Garrulus glandarius,1,human,2023-11-20T15:40:43+0000
4089,PMR4-KB26PM,2501408,31c319b639bf1aa50a5b94eb4caee7d1,2023-10-06T10:46:40+0200,2023-10-06T10:46:40+0200,media,animal,,Garrulus glandarius,1,human,2023-11-20T15:40:43+0000
4090,PMR4-KB26PM,2501409,31c319b639bf1aa50a5b94eb4caee7d1,2023-10-06T10:49:54+0200,2023-10-06T10:49:54+0200,media,animal,,Garrulus glandarius,1,human,2023-11-20T15:40:43+0000
4091,PMR4-KB26PM,2501410,31c319b639bf1aa50a5b94eb4caee7d1,2023-10-06T10:50:30+0200,2023-10-06T10:50:30+0200,media,animal,,Garrulus glandarius,1,human,2023-11-20T15:40:43+0000
4092,PMR4-KB26PM,2501411,b791e555460bed265660b99013a38123,2023-10-06T12:00:00+0200,2023-10-06T12:00:00+0200,media,unclassified,,,,,
4093,PMR4-KB26PM,2501412,91011f58072cd9ee9fe608cdad29a9a8,2023-10-07T11:50:06+0200,2023-10-07T11:50:06+0200,media,blank,,,,human,2023-11-20T15:45:40+0000
4094,PMR4-KB26PM,2501413,91011f58072cd9ee9fe608cdad29a9a8,2023-10-07T11:50:56+0200,2023-10-07T11:50:56+0200,media,blank,,,,human,2023-11-20T15:45:40+0000
4095,PMR4-KB26PM,2501414,91011f58072cd9ee9fe608cdad29a9a8,2023-10-07T11:51:52+0200,2023-10-07T11:51:52+0200,media,blank,,,,human,2023-11-20T15:45:40+0000
4096,PMR4-KB26PM,2501415,91011f58072cd9ee9fe608cdad29a9a8,2023-10-07T11:54:08+0200,2023-10-07T11:54:08+0200,media,blank,,,,human,2023-11-20T15:45:40+0000
4097,PMR4-KB26PM,2501416,91011f58072cd9ee9fe608cdad29a9a8,2023-10-07T11:55:26+0200,2023-10-07T11:55:26+0200,media,blank,,,,human,2023-11-20T15:45:40+0000
4098,PMR4-KB26PM,2501417,91011f58072cd9ee9fe608cdad29a9a8,2023-10-07T11:57:18+0200,2023-10-07T11:57:18+0200,media,blank,,,,human,2023-11-20T15:45:40+0000
4099,PMR4-KB26PM,2501418,91011f58072cd9ee9fe608cdad29a9a8,2023-10-07T11:57:28+0200,2023-10-07T11:57:28+0200,media,blank,,,,human,2023-11-20T15:45:40+0000
4100,PMR4-KB26PM,2501419,91011f58072cd9ee9fe608cdad29a9a8,2023-10-07T12:00:00+0200,2023-10-07T12:00:00+0200,media,blank,,,,human,2023-11-20T15:45:40+0000
4101,PMR4-KB26PM,2501420,43116f630bd59aa28371a3bde2997b5b,2023-10-08T12:00:00+0200,2023-10-08T12:00:00+0200,media,unclassified,,,,,
4102,PMR4-KB26PM,2501421,f79877636cc16970bd7497aec3fffd49,2023-10-08T14:21:14+0200,2023-10-08T14:21:14+0200,media,animal,,Garrulus glandarius,1,human,2023-11-20T15:49:39+0000
4103,PMR4-KB26PM,2501422,f79877636cc16970bd7497aec3fffd49,2023-10-08T14:24:28+0200,2023-10-08T14:24:28+0200,media,animal,,Garrulus glandarius,1,human,2023-11-20T15:49:39+0000
4104,PMR4-KB26PM,2501423,3fb1a7718f5897f6dba0144bbb316b3a,2023-10-09T12:00:00+0200,2023-10-09T12:00:00+0200,media,unclassified,,,,,
4105,PMR4-KB26PM,2501424,5139e22cfd088d55b4d59cccf088480e,2023-10-10T11:49:00+0200,2023-10-10T11:49:00+0200,media,animal,,Garrulus glandarius,1,human,2023-11-22T10:33:44+0000
4106,PMR4-KB26PM,2501425,8a6b6050a14a0e439b365230bddef3aa,2023-10-10T12:00:00+0200,2023-10-10T12:00:00+0200,media,unclassified,,,,,
4107,PMR4-KB26PM,2501426,ae4c874c1cca1c96e1e605f6b649299a,2023-10-11T12:00:00+0200,2023-10-11T12:00:00+0200,media,unclassified,,,,,
4108,PMR4-KB26PM,2501427,b8774ed97b750e65ee678980a69d1fd3,2023-10-12T12:00:00+0200,2023-10-12T12:00:00+0200,media,unclassified,,,,,
4109,PMR4-KB26PM,2501428,d1e6c167f4d0ebac03f719c9cc0484b6,2023-10-13T12:00:00+0200,2023-10-13T12:00:00+0200,media,unclassified,,,,,
4110,PMR4-KB26PM,2501429,d7458652ba3933a05911b836634c409a,2023-10-14T12:00:00+0200,2023-10-14T12:00:00+0200,media,unclassified,,,,,
4111,PMR4-KB26PM,2501431,c035c461ff5b93a390cc2db16c675e5b,2023-10-15T12:00:00+0200,2023-10-15T12:00:00+0200,media,unclassified,,,,,
4112,PMR4-KB26PM,2501430,bd52be383b2f2bdc7dda912c2d3e3886,2023-10-15T12:16:58+0200,2023-10-15T12:16:58+0200,media,animal,,Garrulus glandarius,1,human,2023-11-22T14:53:05+0000
4113,PMR4-KB26PM,2501432,568c6b00467e44e727d12ec3642e1372,2023-10-15T14:06:26+0200,2023-10-15T14:06:26+0200,media,animal,,Garrulus glandarius,1,human,2023-11-22T14:53:22+0000
4114,PMR4-KB26PM,2501434,d05c58b8a60cc33c6cb19a909b716894,2023-10-16T12:00:00+0200,2023-10-16T12:00:00+0200,media,unclassified,,,,,
4115,PMR4-KB26PM,2501433,9aec81d2c4e1672d0a9c3c132d093f8c,2023-10-16T12:18:34+0200,2023-10-16T12:18:34+0200,media,blank,,,,human,2023-11-22T14:55:31+0000
4116,PMR4-KB26PM,2501435,2f15ce6795cbfed92746ef036947606f,2023-10-17T12:00:00+0200,2023-10-17T12:00:00+0200,media,unclassified,,,,,
4117,PMR4-KB26PM,2501436,ba86f51b32a79d5c0bec65dd48c3f458,2023-10-17T20:33:32+0200,2023-10-17T20:33:32+0200,media,blank,,,,human,2023-11-22T15:30:36+0000
4118,PMR4-KB26PM,2501437,674e8ec0519a37ed1dd7d834e7174947,2023-10-18T03:18:44+0200,2023-10-18T03:18:44+0200,media,animal,,Lepus timidus,1,human,2023-11-22T16:06:47+0000
4119,PMR4-KB26PM,2501438,674e8ec0519a37ed1dd7d834e7174947,2023-10-18T03:18:54+0200,2023-10-18T03:18:54+0200,media,blank,,,,human,2023-11-22T16:07:46+0000
4120,PMR4-KB26PM,2501439,674e8ec0519a37ed1dd7d834e7174947,2023-10-18T03:19:04+0200,2023-10-18T03:19:04+0200,media,animal,,Lepus timidus,1,human,2023-11-22T16:06:47+0000
4121,PMR4-KB26PM,2501440,674e8ec0519a37ed1dd7d834e7174947,2023-10-18T03:19:10+0200,2023-10-18T03:19:10+0200,media,animal,,Lepus timidus,1,human,2023-11-22T16:06:47+0000
4122,PMR4-KB26PM,2501441,674e8ec0519a37ed1dd7d834e7174947,2023-10-18T03:19:16+0200,2023-10-18T03:19:16+0200,media,animal,,Lepus timidus,1,human,2023-11-22T16:06:47+0000
4123,PMR4-KB26PM,2501442,674e8ec0519a37ed1dd7d834e7174947,2023-10-18T03:19:28+0200,2023-10-18T03:19:28+0200,media,animal,,Lepus timidus,1,human,2023-11-22T16:06:47+0000
4124,PMR4-KB26PM,2501443,674e8ec0519a37ed1dd7d834e7174947,2023-10-18T03:19:58+0200,2023-10-18T03:19:58+0200,media,animal,,Lepus timidus,1,human,2023-11-22T16:06:47+0000
4125,PMR4-KB26PM,2501444,d02888e9269699aa44d5027c5857cd62,2023-10-18T12:00:00+0200,2023-10-18T12:00:00+0200,media,unclassified,,,,,
4126,PMR4-KB26PM,2501446,ce0cd476a7d800cad3d0c2bf8f9352d5,2023-10-19T12:00:00+0200,2023-10-19T12:00:00+0200,media,unclassified,,,,,
4127,PMR4-KB26PM,2501445,b33f95f06a80a498d1001eb904518b5b,2023-10-19T12:50:24+0200,2023-10-19T12:50:24+0200,media,blank,,,,human,2023-11-22T16:20:45+0000
4128,PMR4-KB26PM,2501447,7d401e15b45633b799b6bb32fa5546d6,2023-10-20T12:00:00+0200,2023-10-20T12:00:00+0200,media,unclassified,,,,,
4129,PMR4-KB26PM,2501448,7419a45b04d237405097445506d64e9a,2023-10-21T12:00:00+0200,2023-10-21T12:00:00+0200,media,unclassified,,,,,
4130,PMR4-KB26PM,2501449,c6ddc2dd51b53bab2991898dae28f4e9,2023-10-22T12:00:00+0200,2023-10-22T12:00:00+0200,media,unclassified,,,,,
4131,PMR4-KB26PM,2501450,a9f57eb6a486a165793815bba011b3ba,2023-10-23T12:00:00+0200,2023-10-23T12:00:00+0200,media,unclassified,,,,,
4132,PMR4-KB26PM,2501451,e6fe120765f4a69e6a3ad5501314858c,2023-10-24T12:00:00+0200,2023-10-24T12:00:00+0200,media,unclassified,,,,,
4133,PMR4-KB26PM,2501452,160b7f8fd85a155fa90ef31fe7ec514a,2023-10-25T12:00:00+0200,2023-10-25T12:00:00+0200,media,unclassified,,,,,
4134,PMR4-KB26PM,2501453,a4a471c509f397c60e24541685989d91,2023-10-26T12:00:00+0200,2023-10-26T12:00:00+0200,media,unclassified,,,,,
4135,PMR4-KB26PM,2501454,d455735baa7a3bdfce644ae230e4d6a7,2023-10-27T12:00:00+0200,2023-10-27T12:00:00+0200,media,unclassified,,,,,
4136,PMR4-KB26PM,2501455,205cf596382dece65ee99c8447a4c869,2023-10-28T12:00:00+0200,2023-10-28T12:00:00+0200,media,unclassified,,,,,
4137,PMR4-KB26PM,2501456,aecb3ae0b479e8b6d09bb568641f8c5e,2023-10-29T12:00:00+0100,2023-10-29T12:00:00+0100,media,unclassified,,,,,
4138,PMR4-KB26PM,2501457,5373a4a07aa853b2d517e5e649e6d336,2023-10-30T12:00:00+0100,2023-10-30T12:00:00+0100,media,unclassified,,,,,
4139,PMR4-KB26PM,2501458,2b81fdc2361a245fb2706cc7f566e928,2023-10-31T12:00:00+0100,2023-10-31T12:00:00+0100,media,unclassified,,,,,
4140,PMR4-KB26PM,2501459,80ba595d1e2aa1c77a609583183c7c34,2023-11-01T12:00:00+0100,2023-11-01T12:00:00+0100,media,unclassified,,,,,
4141,PMR4-KB26PM,2501460,e223e31ec6a210da714665be232a3e4f,2023-11-02T12:00:00+0100,2023-11-02T12:00:00+0100,media,unclassified,,,,,
4142,PMR4-KB26PM,2501461,6960682997a682b796c86a31b7be6ad8,2023-11-03T12:00:00+0100,2023-11-03T12:00:00+0100,media,unclassified,,,,,
4143,PMR4-KB26PM,2501462,65a3502709e92f9f9346ed01b0ef702e,2023-11-03T15:39:48+0100,2023-11-03T15:39:48+0100,media,human,setup,Homo sapiens,1,human,2023-11-23T15:36:23+0000
4144,PMR4-KB26PM,2501463,65a3502709e92f9f9346ed01b0ef702e,2023-11-03T15:39:54+0100,2023-11-03T15:39:54+0100,media,human,setup,Homo sapiens,1,human,2023-11-23T15:36:23+0000
4145,PMR4-KB27PM,2501464,d9d5eb56705d76d74a5cc60345120cee,2023-10-04T16:47:34+0200,2023-10-04T16:47:34+0200,media,human,setup,Homo sapiens,1,human,2023-11-20T15:27:02+0000
4146,PMR4-KB27PM,2501465,d9d5eb56705d76d74a5cc60345120cee,2023-10-04T16:47:40+0200,2023-10-04T16:47:40+0200,media,human,setup,Homo sapiens,1,human,2023-11-20T15:27:02+0000
4147,PMR4-KB27PM,2501466,d9d5eb56705d76d74a5cc60345120cee,2023-10-04T16:49:20+0200,2023-10-04T16:49:20+0200,media,human,setup,Homo sapiens,1,human,2023-11-20T15:27:02+0000
4148,PMR4-KB27PM,2501467,d9d5eb56705d76d74a5cc60345120cee,2023-10-04T16:49:32+0200,2023-10-04T16:49:32+0200,media,blank,setup,,,human,2023-11-20T15:27:12+0000
4149,PMR4-KB27PM,2501468,2b04e219f2ef680ee3c7812ed07e9c45,2023-10-05T12:00:00+0200,2023-10-05T12:00:00+0200,media,unclassified,,,,,
4150,PMR4-KB27PM,2501469,c9a380bd18a5b5282b9bd11f72ddb808,2023-10-06T12:00:00+0200,2023-10-06T12:00:00+0200,media,unclassified,,,,,
4151,PMR4-KB27PM,2501470,74c916de8bc8ba3a4ef36d9a13ce5e3e,2023-10-07T12:00:00+0200,2023-10-07T12:00:00+0200,media,unclassified,,,,,
4152,PMR4-KB27PM,2501471,b96ca635c836b0a521a66aceff5c3e99,2023-10-08T12:00:00+0200,2023-10-08T12:00:00+0200,media,unclassified,,,,,
4153,PMR4-KB27PM,2501472,5d2e2a3df0e1cfd8b04697de44fb8b2f,2023-10-09T12:00:00+0200,2023-10-09T12:00:00+0200,media,unclassified,,,,,
4154,PMR4-KB27PM,2501473,01acd7cfc44b0713b972043bb605e356,2023-10-10T12:00:00+0200,2023-10-10T12:00:00+0200,media,unclassified,,,,,
4155,PMR4-KB27PM,2501474,d48fd05de41edd73c68d5791613599f2,2023-10-11T12:00:00+0200,2023-10-11T12:00:00+0200,media,unclassified,,,,,
4156,PMR4-KB27PM,2501475,99a4a1b93bc145c8508755b94558ea1d,2023-10-12T12:00:00+0200,2023-10-12T12:00:00+0200,media,unclassified,,,,,
4157,PMR4-KB27PM,2501476,336dd0f38325baed5c00dcaa9de748b6,2023-10-13T12:00:00+0200,2023-10-13T12:00:00+0200,media,unclassified,,,,,
4158,PMR4-KB27PM,2501477,500b1c1b26030aaad01a090dd0a3d7e6,2023-10-14T12:00:00+0200,2023-10-14T12:00:00+0200,media,unclassified,,,,,
4159,PMR4-KB27PM,2501478,d103c2797e8c45dc1238698806252aee,2023-10-15T12:00:00+0200,2023-10-15T12:00:00+0200,media,unclassified,,,,,
4160,PMR4-KB27PM,2501479,93a3720a3f7c9c217d41b8cfa277d89a,2023-10-16T12:00:00+0200,2023-10-16T12:00:00+0200,media,unclassified,,,,,
4161,PMR4-KB27PM,2501480,01108117984fb353ebb4b7ef537641f8,2023-10-17T12:00:00+0200,2023-10-17T12:00:00+0200,media,unclassified,,,,,
4162,PMR4-KB27PM,2501481,5ec77e9c9e9f70f505a182e3bcba8701,2023-10-18T12:00:00+0200,2023-10-18T12:00:00+0200,media,unclassified,,,,,
4163,PMR4-KB27PM,2501482,04daa0d209b9e9a889408f1dcfd00a8f,2023-10-19T12:00:00+0200,2023-10-19T12:00:00+0200,media,unclassified,,,,,
4164,PMR4-KB27PM,2501483,57862a7b1b0779767fe2b0ea9fc62ca1,2023-10-20T12:00:00+0200,2023-10-20T12:00:00+0200,media,unclassified,,,,,
4165,PMR4-KB27PM,2501484,fb246d6053273c5707b8e12d3696c467,2023-10-21T12:00:00+0200,2023-10-21T12:00:00+0200,media,unclassified,,,,,
4166,PMR4-KB27PM,2501485,ee8ae9db73c7d677342d373c780646eb,2023-10-22T12:00:00+0200,2023-10-22T12:00:00+0200,media,unclassified,,,,,
4167,PMR4-KB27PM,2501486,2fe438b80ceb8984f4d1baf6098917e0,2023-10-23T12:00:00+0200,2023-10-23T12:00:00+0200,media,unclassified,,,,,
4168,PMR4-KB27PM,2501487,495f31a71b0a02dcd67b7383a24508ed,2023-10-24T12:00:00+0200,2023-10-24T12:00:00+0200,media,unclassified,,,,,
4169,PMR4-KB27PM,2501488,f29e46abc239dcf791a8cd83641d46f1,2023-10-25T12:00:00+0200,2023-10-25T12:00:00+0200,media,unclassified,,,,,
4170,PMR4-KB27PM,2501489,46598af01e27e18c063f19e4ad31b29e,2023-10-26T12:00:00+0200,2023-10-26T12:00:00+0200,media,unclassified,,,,,
4171,PMR4-KB27PM,2501490,2bc13b03f81991103a1a4adc5325bc20,2023-10-27T12:00:00+0200,2023-10-27T12:00:00+0200,media,unclassified,,,,,
4172,PMR4-KB27PM,2501491,a0c29199903b95c7714b5dc433a32e72,2023-10-28T12:00:00+0200,2023-10-28T12:00:00+0200,media,unclassified,,,,,
4173,PMR4-KB27PM,2501492,2a62cfaa9cc7253f90109bed83432d4f,2023-10-29T12:00:00+0100,2023-10-29T12:00:00+0100,media,unclassified,,,,,
4174,PMR4-KB27PM,2501493,a2298fd7d539613070f2d55596562a38,2023-10-30T12:00:00+0100,2023-10-30T12:00:00+0100,media,unclassified,,,,,
4175,PMR4-KB27PM,2501494,83a65d761493dec2c607335994b45fd4,2023-10-31T12:00:00+0100,2023-10-31T12:00:00+0100,media,unclassified,,,,,
4176,PMR4-KB27PM,2501495,fa220098dcf1c0d620992fd365bdfc29,2023-11-01T12:00:00+0100,2023-11-01T12:00:00+0100,media,unclassified,,,,,
4177,PMR4-KB27PM,2501496,b57144c65a894e5ed91d9a4e97e96e4e,2023-11-02T12:00:00+0100,2023-11-02T12:00:00+0100,media,unclassified,,,,,
4178,PMR4-KB27PM,2501497,e21a8abdb9570819f06a88f5db6c4c25,2023-11-03T12:00:00+0100,2023-11-03T12:00:00+0100,media,unclassified,,,,,
4179,PMR4-KB27PM,2501498,54e254d8a6e7115e2dfc6004dbfd2a18,2023-11-03T14:55:32+0100,2023-11-03T14:55:32+0100,media,human,setup,Homo sapiens,1,human,2023-11-23T15:35:54+0000
4180,PMR4-KB27PM,2501499,54e254d8a6e7115e2dfc6004dbfd2a18,2023-11-03T14:55:40+0100,2023-11-03T14:55:40+0100,media,human,setup,Homo sapiens,1,human,2023-11-23T15:35:54+0000
4181,PMR4-KB27PM,2501500,54e254d8a6e7115e2dfc6004dbfd2a18,2023-11-03T14:55:48+0100,2023-11-03T14:55:48+0100,media,human,setup,Homo sapiens,1,human,2023-11-23T15:35:54+0000
